{
"type": "FeatureCollection",
"name": "rawan_gelombang",
"features": [
{ "type": "Feature", "properties": { "gridcode": 3, "Bhy_GEA": "Tinggi", "Luas_Ha": 1193.15431315, "SMBR_DATA": "Badan Nasional Penanggulangan Bencana (BNPB), 2015", "WADMPR": "Gorontalo" }, "geometry": { "type": "Polygon", "coordinates": [ [ [ 123.42949134, 0.31772363, 0.0 ], [ 123.42679639, 0.31772363, 0.0 ], [ 123.42679639, 0.31681928, 0.0 ], [ 123.42589808, 0.31681928, 0.0 ], [ 123.42589808, 0.31591492, 0.0 ], [ 123.42320313, 0.31591492, 0.0 ], [ 123.42320313, 0.31501057, 0.0 ], [ 123.41871156, 0.31501057, 0.0 ], [ 123.41871156, 0.31410621, 0.0 ], [ 123.41691493, 0.31410621, 0.0 ], [ 123.41691493, 0.31320186, 0.0 ], [ 123.4151183, 0.31320186, 0.0 ], [ 123.4151183, 0.31410621, 0.0 ], [ 123.41152503, 0.31410621, 0.0 ], [ 123.41152503, 0.31501057, 0.0 ], [ 123.41062672, 0.31501057, 0.0 ], [ 123.41062672, 0.31591492, 0.0 ], [ 123.40613514, 0.31591492, 0.0 ], [ 123.40613514, 0.31681928, 0.0 ], [ 123.39445704, 0.31681928, 0.0 ], [ 123.39445704, 0.31591492, 0.0 ], [ 123.38906715, 0.31591492, 0.0 ], [ 123.38906715, 0.31501057, 0.0 ], [ 123.38547389, 0.31501057, 0.0 ], [ 123.38547389, 0.31410621, 0.0 ], [ 123.38098232, 0.31410621, 0.0 ], [ 123.38098232, 0.31320186, 0.0 ], [ 123.380084, 0.31320186, 0.0 ], [ 123.380084, 0.31410621, 0.0 ], [ 123.37020253, 0.31410621, 0.0 ], [ 123.37020253, 0.31501057, 0.0 ], [ 123.36750759, 0.31501057, 0.0 ], [ 123.36750759, 0.31410621, 0.0 ], [ 123.36211769, 0.31410621, 0.0 ], [ 123.36211769, 0.31501057, 0.0 ], [ 123.36121938, 0.31501057, 0.0 ], [ 123.36121938, 0.31591492, 0.0 ], [ 123.35762612, 0.31591492, 0.0 ], [ 123.35762612, 0.31501057, 0.0 ], [ 123.3567278, 0.31501057, 0.0 ], [ 123.3567278, 0.31410621, 0.0 ], [ 123.35582949, 0.31410621, 0.0 ], [ 123.35582949, 0.3122975, 0.0 ], [ 123.35493117, 0.3122975, 0.0 ], [ 123.35493117, 0.31139314, 0.0 ], [ 123.35133791, 0.31139314, 0.0 ], [ 123.35133791, 0.31048879, 0.0 ], [ 123.34774465, 0.31048879, 0.0 ], [ 123.34774465, 0.30958443, 0.0 ], [ 123.34684633, 0.30958443, 0.0 ], [ 123.34684633, 0.30868008, 0.0 ], [ 123.34594802, 0.30868008, 0.0 ], [ 123.34594802, 0.30777572, 0.0 ], [ 123.3450497, 0.30777572, 0.0 ], [ 123.3450497, 0.30868008, 0.0 ], [ 123.34415139, 0.30868008, 0.0 ], [ 123.34415139, 0.30958443, 0.0 ], [ 123.3387615, 0.30958443, 0.0 ], [ 123.3387615, 0.31048879, 0.0 ], [ 123.33696487, 0.31048879, 0.0 ], [ 123.33696487, 0.31139314, 0.0 ], [ 123.33606655, 0.31139314, 0.0 ], [ 123.33606655, 0.3122975, 0.0 ], [ 123.33426992, 0.3122975, 0.0 ], [ 123.33426992, 0.31320186, 0.0 ], [ 123.32977834, 0.31320186, 0.0 ], [ 123.32977834, 0.31410621, 0.0 ], [ 123.32888003, 0.31410621, 0.0 ], [ 123.32888003, 0.31501057, 0.0 ], [ 123.31360867, 0.31501057, 0.0 ], [ 123.31360867, 0.31591492, 0.0 ], [ 123.31001541, 0.31591492, 0.0 ], [ 123.31001541, 0.31681928, 0.0 ], [ 123.30552383, 0.31681928, 0.0 ], [ 123.30552383, 0.31772363, 0.0 ], [ 123.30193057, 0.31772363, 0.0 ], [ 123.30193057, 0.31862799, 0.0 ], [ 123.30103225, 0.31862799, 0.0 ], [ 123.30103225, 0.31953234, 0.0 ], [ 123.30013394, 0.31953234, 0.0 ], [ 123.30013394, 0.3204367, 0.0 ], [ 123.29833731, 0.3204367, 0.0 ], [ 123.29833731, 0.32134105, 0.0 ], [ 123.29743899, 0.32134105, 0.0 ], [ 123.29743899, 0.32224541, 0.0 ], [ 123.29384573, 0.32224541, 0.0 ], [ 123.29384573, 0.32134105, 0.0 ], [ 123.29294742, 0.32134105, 0.0 ], [ 123.29294742, 0.3204367, 0.0 ], [ 123.2920491, 0.3204367, 0.0 ], [ 123.2920491, 0.31953234, 0.0 ], [ 123.29115079, 0.31953234, 0.0 ], [ 123.29115079, 0.31772363, 0.0 ], [ 123.29025247, 0.31772363, 0.0 ], [ 123.29025247, 0.31862799, 0.0 ], [ 123.2857609, 0.31862799, 0.0 ], [ 123.2857609, 0.31953234, 0.0 ], [ 123.28216763, 0.31953234, 0.0 ], [ 123.28216763, 0.32314976, 0.0 ], [ 123.28126932, 0.32314976, 0.0 ], [ 123.28126932, 0.32405412, 0.0 ], [ 123.280371, 0.32405412, 0.0 ], [ 123.280371, 0.32495847, 0.0 ], [ 123.27947269, 0.32495847, 0.0 ], [ 123.27947269, 0.32586283, 0.0 ], [ 123.27138785, 0.32586283, 0.0 ], [ 123.27138785, 0.32495847, 0.0 ], [ 123.26959122, 0.32495847, 0.0 ], [ 123.26959122, 0.32586283, 0.0 ], [ 123.2686929, 0.32586283, 0.0 ], [ 123.2686929, 0.32767154, 0.0 ], [ 123.26779459, 0.32767154, 0.0 ], [ 123.26779459, 0.32857589, 0.0 ], [ 123.26689627, 0.32857589, 0.0 ], [ 123.26689627, 0.32948025, 0.0 ], [ 123.26509964, 0.32948025, 0.0 ], [ 123.26509964, 0.3303846, 0.0 ], [ 123.26420133, 0.3303846, 0.0 ], [ 123.26420133, 0.33128896, 0.0 ], [ 123.26330301, 0.33128896, 0.0 ], [ 123.26330301, 0.33219331, 0.0 ], [ 123.2624047, 0.33219331, 0.0 ], [ 123.2624047, 0.33309766, 0.0 ], [ 123.25881144, 0.33309766, 0.0 ], [ 123.25881144, 0.33400202, 0.0 ], [ 123.25791312, 0.33400202, 0.0 ], [ 123.25791312, 0.33490637, 0.0 ], [ 123.25521818, 0.33490637, 0.0 ], [ 123.25521818, 0.33671508, 0.0 ], [ 123.25431986, 0.33671508, 0.0 ], [ 123.25431986, 0.33761943, 0.0 ], [ 123.25342154, 0.33761943, 0.0 ], [ 123.25342154, 0.33852379, 0.0 ], [ 123.25252323, 0.33852379, 0.0 ], [ 123.25252323, 0.33942814, 0.0 ], [ 123.25162491, 0.33942814, 0.0 ], [ 123.25162491, 0.34033249, 0.0 ], [ 123.24982828, 0.34033249, 0.0 ], [ 123.24982828, 0.34123685, 0.0 ], [ 123.24892997, 0.34123685, 0.0 ], [ 123.24892997, 0.3421412, 0.0 ], [ 123.24803165, 0.3421412, 0.0 ], [ 123.24803165, 0.34304555, 0.0 ], [ 123.24713334, 0.34304555, 0.0 ], [ 123.24713334, 0.34394991, 0.0 ], [ 123.24443839, 0.34394991, 0.0 ], [ 123.24443839, 0.34485426, 0.0 ], [ 123.24354008, 0.34485426, 0.0 ], [ 123.24354008, 0.34575861, 0.0 ], [ 123.24264176, 0.34575861, 0.0 ], [ 123.24264176, 0.34666296, 0.0 ], [ 123.23994682, 0.34666296, 0.0 ], [ 123.23994682, 0.34756732, 0.0 ], [ 123.2390485, 0.34756732, 0.0 ], [ 123.2390485, 0.34847167, 0.0 ], [ 123.23815019, 0.34847167, 0.0 ], [ 123.23815019, 0.34937602, 0.0 ], [ 123.23725187, 0.34937602, 0.0 ], [ 123.23725187, 0.35028037, 0.0 ], [ 123.23365861, 0.35028037, 0.0 ], [ 123.23365861, 0.34937602, 0.0 ], [ 123.23096366, 0.34937602, 0.0 ], [ 123.23096366, 0.35028037, 0.0 ], [ 123.22916703, 0.35028037, 0.0 ], [ 123.22916703, 0.35208908, 0.0 ], [ 123.22826872, 0.35208908, 0.0 ], [ 123.22826872, 0.35389778, 0.0 ], [ 123.2273704, 0.35389778, 0.0 ], [ 123.2273704, 0.35661084, 0.0 ], [ 123.22647209, 0.35661084, 0.0 ], [ 123.22647209, 0.35841954, 0.0 ], [ 123.22557377, 0.35841954, 0.0 ], [ 123.22557377, 0.36203695, 0.0 ], [ 123.22467546, 0.36203695, 0.0 ], [ 123.22467546, 0.3629413, 0.0 ], [ 123.22377714, 0.3629413, 0.0 ], [ 123.22377714, 0.36384565, 0.0 ], [ 123.22287883, 0.36384565, 0.0 ], [ 123.22287883, 0.36475, 0.0 ], [ 123.22198051, 0.36475, 0.0 ], [ 123.22198051, 0.36565435, 0.0 ], [ 123.21928556, 0.36565435, 0.0 ], [ 123.21928556, 0.37288915, 0.0 ], [ 123.21838725, 0.37288915, 0.0 ], [ 123.21838725, 0.3737935, 0.0 ], [ 123.21748893, 0.3737935, 0.0 ], [ 123.21748893, 0.37469785, 0.0 ], [ 123.21659062, 0.37469785, 0.0 ], [ 123.21659062, 0.3756022, 0.0 ], [ 123.21389567, 0.3756022, 0.0 ], [ 123.21389567, 0.37650655, 0.0 ], [ 123.21299736, 0.37650655, 0.0 ], [ 123.21299736, 0.3774109, 0.0 ], [ 123.21209904, 0.3774109, 0.0 ], [ 123.21209904, 0.37831525, 0.0 ], [ 123.2094041, 0.37831525, 0.0 ], [ 123.2094041, 0.38012395, 0.0 ], [ 123.20850578, 0.38012395, 0.0 ], [ 123.20850578, 0.38193265, 0.0 ], [ 123.20760747, 0.38193265, 0.0 ], [ 123.20760747, 0.382837, 0.0 ], [ 123.20670915, 0.382837, 0.0 ], [ 123.20670915, 0.38374135, 0.0 ], [ 123.20581083, 0.38374135, 0.0 ], [ 123.20581083, 0.3846457, 0.0 ], [ 123.2040142, 0.3846457, 0.0 ], [ 123.2040142, 0.38645439, 0.0 ], [ 123.20311589, 0.38645439, 0.0 ], [ 123.20311589, 0.38735874, 0.0 ], [ 123.20221757, 0.38735874, 0.0 ], [ 123.20221757, 0.38826309, 0.0 ], [ 123.20131926, 0.38826309, 0.0 ], [ 123.20131926, 0.38916744, 0.0 ], [ 123.20042094, 0.38916744, 0.0 ], [ 123.20042094, 0.39097614, 0.0 ], [ 123.19952263, 0.39097614, 0.0 ], [ 123.19952263, 0.39188048, 0.0 ], [ 123.19862431, 0.39188048, 0.0 ], [ 123.19862431, 0.39278483, 0.0 ], [ 123.197726, 0.39278483, 0.0 ], [ 123.197726, 0.39368918, 0.0 ], [ 123.19682768, 0.39368918, 0.0 ], [ 123.19682768, 0.39459353, 0.0 ], [ 123.19592937, 0.39459353, 0.0 ], [ 123.19592937, 0.39549788, 0.0 ], [ 123.19143779, 0.39549788, 0.0 ], [ 123.19143779, 0.39640222, 0.0 ], [ 123.19053947, 0.39640222, 0.0 ], [ 123.19053947, 0.39730657, 0.0 ], [ 123.18964116, 0.39730657, 0.0 ], [ 123.18964116, 0.39821092, 0.0 ], [ 123.1860479, 0.39821092, 0.0 ], [ 123.1860479, 0.39911527, 0.0 ], [ 123.18335295, 0.39911527, 0.0 ], [ 123.18335295, 0.40001961, 0.0 ], [ 123.17975969, 0.40001961, 0.0 ], [ 123.17975969, 0.40092396, 0.0 ], [ 123.17526812, 0.40092396, 0.0 ], [ 123.17526812, 0.40001961, 0.0 ], [ 123.17347148, 0.40001961, 0.0 ], [ 123.17347148, 0.40092396, 0.0 ], [ 123.17077654, 0.40092396, 0.0 ], [ 123.17077654, 0.40182831, 0.0 ], [ 123.16179339, 0.40182831, 0.0 ], [ 123.16179339, 0.40273265, 0.0 ], [ 123.16089507, 0.40273265, 0.0 ], [ 123.16089507, 0.403637, 0.0 ], [ 123.15999676, 0.403637, 0.0 ], [ 123.15999676, 0.40454135, 0.0 ], [ 123.15909844, 0.40454135, 0.0 ], [ 123.15909844, 0.40544569, 0.0 ], [ 123.15820012, 0.40544569, 0.0 ], [ 123.15820012, 0.40635004, 0.0 ], [ 123.15730181, 0.40635004, 0.0 ], [ 123.15730181, 0.40725439, 0.0 ], [ 123.15640349, 0.40725439, 0.0 ], [ 123.15640349, 0.40815873, 0.0 ], [ 123.15460686, 0.40815873, 0.0 ], [ 123.15460686, 0.40996743, 0.0 ], [ 123.15550518, 0.40996743, 0.0 ], [ 123.15550518, 0.41268046, 0.0 ], [ 123.15460686, 0.41268046, 0.0 ], [ 123.15460686, 0.41448915, 0.0 ], [ 123.15370855, 0.41448915, 0.0 ], [ 123.15370855, 0.4153935, 0.0 ], [ 123.15281023, 0.4153935, 0.0 ], [ 123.15281023, 0.41629785, 0.0 ], [ 123.14921697, 0.41629785, 0.0 ], [ 123.14921697, 0.41720219, 0.0 ], [ 123.14742034, 0.41720219, 0.0 ], [ 123.14742034, 0.41901088, 0.0 ], [ 123.14831866, 0.41901088, 0.0 ], [ 123.14831866, 0.41991523, 0.0 ], [ 123.14921697, 0.41991523, 0.0 ], [ 123.14921697, 0.42262826, 0.0 ], [ 123.14831866, 0.42262826, 0.0 ], [ 123.14831866, 0.4235326, 0.0 ], [ 123.14742034, 0.4235326, 0.0 ], [ 123.14742034, 0.42443695, 0.0 ], [ 123.14652203, 0.42443695, 0.0 ], [ 123.14652203, 0.42534129, 0.0 ], [ 123.14203045, 0.42534129, 0.0 ], [ 123.14203045, 0.42443695, 0.0 ], [ 123.14113213, 0.42443695, 0.0 ], [ 123.14113213, 0.42534129, 0.0 ], [ 123.14023382, 0.42534129, 0.0 ], [ 123.14023382, 0.42624564, 0.0 ], [ 123.1393355, 0.42624564, 0.0 ], [ 123.1393355, 0.42986301, 0.0 ], [ 123.13843719, 0.42986301, 0.0 ], [ 123.13843719, 0.43076736, 0.0 ], [ 123.13753887, 0.43076736, 0.0 ], [ 123.13753887, 0.4316717, 0.0 ], [ 123.13664056, 0.4316717, 0.0 ], [ 123.13664056, 0.43348039, 0.0 ], [ 123.13574224, 0.43348039, 0.0 ], [ 123.13574224, 0.43438473, 0.0 ], [ 123.13484393, 0.43438473, 0.0 ], [ 123.13484393, 0.44071513, 0.0 ], [ 123.13394561, 0.44071513, 0.0 ], [ 123.13394561, 0.44161947, 0.0 ], [ 123.1330473, 0.44161947, 0.0 ], [ 123.1330473, 0.44252381, 0.0 ], [ 123.13214898, 0.44252381, 0.0 ], [ 123.13214898, 0.44342816, 0.0 ], [ 123.13125067, 0.44342816, 0.0 ], [ 123.13125067, 0.4443325, 0.0 ], [ 123.12855572, 0.4443325, 0.0 ], [ 123.12855572, 0.44885421, 0.0 ], [ 123.12765741, 0.44885421, 0.0 ], [ 123.12765741, 0.44975855, 0.0 ], [ 123.12675909, 0.44975855, 0.0 ], [ 123.12675909, 0.45066289, 0.0 ], [ 123.12586077, 0.45066289, 0.0 ], [ 123.12586077, 0.45156723, 0.0 ], [ 123.12496246, 0.45156723, 0.0 ], [ 123.12496246, 0.45247157, 0.0 ], [ 123.12406414, 0.45247157, 0.0 ], [ 123.12406414, 0.45699327, 0.0 ], [ 123.12316583, 0.45699327, 0.0 ], [ 123.12316583, 0.45789761, 0.0 ], [ 123.12226751, 0.45789761, 0.0 ], [ 123.12226751, 0.45880195, 0.0 ], [ 123.11957257, 0.45880195, 0.0 ], [ 123.11957257, 0.46151497, 0.0 ], [ 123.11867425, 0.46151497, 0.0 ], [ 123.11867425, 0.46241931, 0.0 ], [ 123.11777594, 0.46241931, 0.0 ], [ 123.11777594, 0.46332365, 0.0 ], [ 123.11687762, 0.46332365, 0.0 ], [ 123.11687762, 0.46422799, 0.0 ], [ 123.11418268, 0.46422799, 0.0 ], [ 123.11418268, 0.46513233, 0.0 ], [ 123.11328436, 0.46513233, 0.0 ], [ 123.11328436, 0.46603667, 0.0 ], [ 123.11148773, 0.46603667, 0.0 ], [ 123.11148773, 0.46694101, 0.0 ], [ 123.1096911, 0.46694101, 0.0 ], [ 123.1096911, 0.46784535, 0.0 ], [ 123.10879278, 0.46784535, 0.0 ], [ 123.10879278, 0.46874969, 0.0 ], [ 123.10789447, 0.46874969, 0.0 ], [ 123.10789447, 0.46965403, 0.0 ], [ 123.10699615, 0.46965403, 0.0 ], [ 123.10699615, 0.47236704, 0.0 ], [ 123.10609784, 0.47236704, 0.0 ], [ 123.10609784, 0.47327138, 0.0 ], [ 123.10519952, 0.47327138, 0.0 ], [ 123.10519952, 0.47417572, 0.0 ], [ 123.10250458, 0.47417572, 0.0 ], [ 123.10250458, 0.47598439, 0.0 ], [ 123.10160626, 0.47598439, 0.0 ], [ 123.10160626, 0.47688873, 0.0 ], [ 123.10070795, 0.47688873, 0.0 ], [ 123.10070795, 0.47779307, 0.0 ], [ 123.09621637, 0.47779307, 0.0 ], [ 123.09621637, 0.47869741, 0.0 ], [ 123.09441974, 0.47869741, 0.0 ], [ 123.09441974, 0.47960174, 0.0 ], [ 123.08902985, 0.47960174, 0.0 ], [ 123.08902985, 0.48085757, 0.0 ], [ 123.08850343, 0.48040415, 0.0 ], [ 123.0878518, 0.4802004, 0.0 ], [ 123.0873625, 0.47995741, 0.0 ], [ 123.08662608, 0.47959642, 0.0 ], [ 123.08662041, 0.47955979, 0.0 ], [ 123.08664447, 0.47952328, 0.0 ], [ 123.08666219, 0.47951601, 0.0 ], [ 123.08667118, 0.47950696, 0.0 ], [ 123.08668915, 0.47947982, 0.0 ], [ 123.08671611, 0.47944363, 0.0 ], [ 123.0867251, 0.47939839, 0.0 ], [ 123.08674307, 0.47934411, 0.0 ], [ 123.08677209, 0.47927661, 0.0 ], [ 123.086788, 0.47924459, 0.0 ], [ 123.08683294, 0.4791903, 0.0 ], [ 123.08685091, 0.47917221, 0.0 ], [ 123.08688686, 0.47909983, 0.0 ], [ 123.08689585, 0.47908173, 0.0 ], [ 123.08689585, 0.47907269, 0.0 ], [ 123.08689686, 0.47906188, 0.0 ], [ 123.08690397, 0.47902982, 0.0 ], [ 123.08690483, 0.47899126, 0.0 ], [ 123.08690835, 0.47898234, 0.0 ], [ 123.08691382, 0.47897317, 0.0 ], [ 123.08692281, 0.47894603, 0.0 ], [ 123.08696774, 0.47884651, 0.0 ], [ 123.0869947, 0.47873794, 0.0 ], [ 123.08700369, 0.47864746, 0.0 ], [ 123.08698571, 0.47846652, 0.0 ], [ 123.08697672, 0.47844842, 0.0 ], [ 123.08695875, 0.47839414, 0.0 ], [ 123.08695875, 0.47838509, 0.0 ], [ 123.08689584, 0.47826748, 0.0 ], [ 123.08688685, 0.47824938, 0.0 ], [ 123.08686173, 0.47820303, 0.0 ], [ 123.08683292, 0.47814987, 0.0 ], [ 123.08682915, 0.47810933, 0.0 ], [ 123.08684679, 0.4780817, 0.0 ], [ 123.08692279, 0.47808653, 0.0 ], [ 123.08694077, 0.47808653, 0.0 ], [ 123.0869857, 0.47807748, 0.0 ], [ 123.08701266, 0.47808653, 0.0 ], [ 123.08703963, 0.47807748, 0.0 ], [ 123.0870576, 0.47805939, 0.0 ], [ 123.08712051, 0.47805034, 0.0 ], [ 123.08717443, 0.47803225, 0.0 ], [ 123.08721038, 0.4780051, 0.0 ], [ 123.08723734, 0.47798701, 0.0 ], [ 123.08730025, 0.47795987, 0.0 ], [ 123.08737214, 0.47791463, 0.0 ], [ 123.08743505, 0.47788749, 0.0 ], [ 123.087471, 0.47788749, 0.0 ], [ 123.08750695, 0.47786034, 0.0 ], [ 123.08756455, 0.47782853, 0.0 ], [ 123.08757486, 0.47782455, 0.0 ], [ 123.08758783, 0.4778332, 0.0 ], [ 123.08758783, 0.47784225, 0.0 ], [ 123.08759682, 0.47789653, 0.0 ], [ 123.08758783, 0.47794177, 0.0 ], [ 123.08759682, 0.47799605, 0.0 ], [ 123.08760071, 0.47800931, 0.0 ], [ 123.08762378, 0.47805033, 0.0 ], [ 123.08764176, 0.47808652, 0.0 ], [ 123.08766872, 0.47814985, 0.0 ], [ 123.08767771, 0.47818604, 0.0 ], [ 123.08768669, 0.47820414, 0.0 ], [ 123.08770467, 0.47822223, 0.0 ], [ 123.08775859, 0.47833985, 0.0 ], [ 123.0878215, 0.4785027, 0.0 ], [ 123.08783948, 0.47853889, 0.0 ], [ 123.08784847, 0.47857507, 0.0 ], [ 123.08785745, 0.47857507, 0.0 ], [ 123.08786644, 0.47857507, 0.0 ], [ 123.0878934, 0.47856603, 0.0 ], [ 123.08791138, 0.47856603, 0.0 ], [ 123.08793834, 0.47856603, 0.0 ], [ 123.08801922, 0.47852984, 0.0 ], [ 123.08804618, 0.47852079, 0.0 ], [ 123.08812706, 0.47849365, 0.0 ], [ 123.08813605, 0.4784846, 0.0 ], [ 123.08815402, 0.47847555, 0.0 ], [ 123.08819896, 0.47845746, 0.0 ], [ 123.0882439, 0.47844841, 0.0 ], [ 123.08825288, 0.47844841, 0.0 ], [ 123.08826187, 0.47844841, 0.0 ], [ 123.08829782, 0.47843936, 0.0 ], [ 123.08833376, 0.47843936, 0.0 ], [ 123.08836971, 0.47845745, 0.0 ], [ 123.08840566, 0.4784665, 0.0 ], [ 123.08845958, 0.4784665, 0.0 ], [ 123.08859439, 0.47843936, 0.0 ], [ 123.08863034, 0.47842126, 0.0 ], [ 123.0886573, 0.47841221, 0.0 ], [ 123.08867527, 0.47840317, 0.0 ], [ 123.08869325, 0.47839412, 0.0 ], [ 123.08870223, 0.47838507, 0.0 ], [ 123.08872919, 0.47835793, 0.0 ], [ 123.08876514, 0.47831269, 0.0 ], [ 123.08878312, 0.4782765, 0.0 ], [ 123.0887921, 0.47826745, 0.0 ], [ 123.08881906, 0.47824031, 0.0 ], [ 123.08889096, 0.47815889, 0.0 ], [ 123.08895387, 0.47807746, 0.0 ], [ 123.08897744, 0.47806841, 0.0 ], [ 123.08900407, 0.47807661, 0.0 ], [ 123.08901637, 0.4780865, 0.0 ], [ 123.08902576, 0.47809555, 0.0 ], [ 123.08902985, 0.47809637, 0.0 ], [ 123.0890707, 0.4781046, 0.0 ], [ 123.08918753, 0.47815888, 0.0 ], [ 123.08929538, 0.47820412, 0.0 ], [ 123.08932224, 0.47820694, 0.0 ], [ 123.08933133, 0.47820412, 0.0 ], [ 123.08934031, 0.47819741, 0.0 ], [ 123.08935586, 0.47818682, 0.0 ], [ 123.08938525, 0.47817697, 0.0 ], [ 123.0894212, 0.47817697, 0.0 ], [ 123.08943018, 0.47817697, 0.0 ], [ 123.08943917, 0.47817697, 0.0 ], [ 123.08946613, 0.47817697, 0.0 ], [ 123.08947512, 0.47817697, 0.0 ], [ 123.0894841, 0.47817697, 0.0 ], [ 123.08951106, 0.47817697, 0.0 ], [ 123.08954701, 0.47818602, 0.0 ], [ 123.08959195, 0.47818602, 0.0 ], [ 123.08963688, 0.47819506, 0.0 ], [ 123.08966385, 0.47820411, 0.0 ], [ 123.08971777, 0.47821316, 0.0 ], [ 123.08975372, 0.47822221, 0.0 ], [ 123.08980764, 0.4782403, 0.0 ], [ 123.08989751, 0.47825839, 0.0 ], [ 123.0899065, 0.47825839, 0.0 ], [ 123.08998738, 0.47826744, 0.0 ], [ 123.09003232, 0.47826744, 0.0 ], [ 123.09005928, 0.47826744, 0.0 ], [ 123.09008624, 0.47826744, 0.0 ], [ 123.09009523, 0.47826744, 0.0 ], [ 123.09014915, 0.47828294, 0.0 ], [ 123.09017611, 0.47828553, 0.0 ], [ 123.0901851, 0.47828553, 0.0 ], [ 123.09023902, 0.47828553, 0.0 ], [ 123.09024801, 0.47828553, 0.0 ], [ 123.09027497, 0.47828553, 0.0 ], [ 123.09031477, 0.47829146, 0.0 ], [ 123.09037382, 0.47830362, 0.0 ], [ 123.09040035, 0.47830708, 0.0 ], [ 123.09045471, 0.47831267, 0.0 ], [ 123.09053559, 0.47831267, 0.0 ], [ 123.09054458, 0.47831267, 0.0 ], [ 123.09055704, 0.47831632, 0.0 ], [ 123.09056255, 0.47833981, 0.0 ], [ 123.09056668, 0.47834702, 0.0 ], [ 123.0906395, 0.47835719, 0.0 ], [ 123.09066951, 0.47835278, 0.0 ], [ 123.09071322, 0.4783479, 0.0 ], [ 123.09077824, 0.47833981, 0.0 ], [ 123.09082318, 0.47833981, 0.0 ], [ 123.09088778, 0.47833856, 0.0 ], [ 123.09091305, 0.47833981, 0.0 ], [ 123.09093102, 0.4783398, 0.0 ], [ 123.09097275, 0.4783426, 0.0 ], [ 123.09103887, 0.4783398, 0.0 ], [ 123.09113772, 0.47831266, 0.0 ], [ 123.09123187, 0.47827728, 0.0 ], [ 123.09130848, 0.47824933, 0.0 ], [ 123.09133544, 0.47823123, 0.0 ], [ 123.09141632, 0.47819504, 0.0 ], [ 123.09142097, 0.47819122, 0.0 ], [ 123.09142531, 0.47818599, 0.0 ], [ 123.09144328, 0.4781679, 0.0 ], [ 123.09146948, 0.47814734, 0.0 ], [ 123.09153315, 0.47810457, 0.0 ], [ 123.09155112, 0.47809552, 0.0 ], [ 123.09161403, 0.47805028, 0.0 ], [ 123.09164099, 0.47803219, 0.0 ], [ 123.09178479, 0.47794171, 0.0 ], [ 123.0918, 0.4779315, 0.0 ], [ 123.09180951, 0.47792241, 0.0 ], [ 123.09182543, 0.47790184, 0.0 ], [ 123.09187152, 0.47788514, 0.0 ], [ 123.09190513, 0.47788105, 0.0 ], [ 123.0919825, 0.47787838, 0.0 ], [ 123.09202743, 0.47786933, 0.0 ], [ 123.09209034, 0.47784219, 0.0 ], [ 123.09212629, 0.47784219, 0.0 ], [ 123.09213948, 0.47786028, 0.0 ], [ 123.09213528, 0.47787838, 0.0 ], [ 123.09211731, 0.47788742, 0.0 ], [ 123.09207494, 0.47790552, 0.0 ], [ 123.09206338, 0.47791457, 0.0 ], [ 123.09190162, 0.47804123, 0.0 ], [ 123.09189391, 0.47805499, 0.0 ], [ 123.09189801, 0.4780793, 0.0 ], [ 123.09191652, 0.47809551, 0.0 ], [ 123.0919825, 0.47809551, 0.0 ], [ 123.0920544, 0.47807742, 0.0 ], [ 123.09210832, 0.47805932, 0.0 ], [ 123.09215326, 0.47805027, 0.0 ], [ 123.0922611, 0.47801408, 0.0 ], [ 123.09234198, 0.47799599, 0.0 ], [ 123.09242287, 0.47797789, 0.0 ], [ 123.09247679, 0.47795075, 0.0 ], [ 123.09248453, 0.47794349, 0.0 ], [ 123.09251273, 0.47788742, 0.0 ], [ 123.09253071, 0.47786932, 0.0 ], [ 123.09262058, 0.47783313, 0.0 ], [ 123.09266551, 0.47783313, 0.0 ], [ 123.0927464, 0.47785123, 0.0 ], [ 123.09281829, 0.47786027, 0.0 ], [ 123.09293513, 0.47781503, 0.0 ], [ 123.09298006, 0.47779694, 0.0 ], [ 123.09298659, 0.47779307, 0.0 ], [ 123.09313284, 0.47770646, 0.0 ], [ 123.09315081, 0.47769742, 0.0 ], [ 123.09320473, 0.47765506, 0.0 ], [ 123.0932317, 0.47761599, 0.0 ], [ 123.09325866, 0.47758885, 0.0 ], [ 123.09335751, 0.47755266, 0.0 ], [ 123.0934384, 0.47748933, 0.0 ], [ 123.09352142, 0.47740574, 0.0 ], [ 123.09352827, 0.47739885, 0.0 ], [ 123.09354624, 0.4773898, 0.0 ], [ 123.09359117, 0.47735361, 0.0 ], [ 123.09360915, 0.47733552, 0.0 ], [ 123.09361813, 0.47732647, 0.0 ], [ 123.09362712, 0.47731742, 0.0 ], [ 123.09365408, 0.47729933, 0.0 ], [ 123.09368104, 0.47729028, 0.0 ], [ 123.09369003, 0.47729028, 0.0 ], [ 123.09371699, 0.47728123, 0.0 ], [ 123.09374395, 0.47726314, 0.0 ], [ 123.0937799, 0.47725409, 0.0 ], [ 123.09379787, 0.47724504, 0.0 ], [ 123.09383382, 0.47722695, 0.0 ], [ 123.09386977, 0.4772179, 0.0 ], [ 123.09390572, 0.47719981, 0.0 ], [ 123.09392369, 0.47719551, 0.0 ], [ 123.09395065, 0.47719076, 0.0 ], [ 123.09397761, 0.47718171, 0.0 ], [ 123.0939866, 0.47718171, 0.0 ], [ 123.09400458, 0.47718171, 0.0 ], [ 123.09403154, 0.47718171, 0.0 ], [ 123.09406748, 0.47718171, 0.0 ], [ 123.09410343, 0.47718171, 0.0 ], [ 123.09413938, 0.47719075, 0.0 ], [ 123.0941933, 0.4771998, 0.0 ], [ 123.0942652, 0.4771998, 0.0 ], [ 123.09431014, 0.4771817, 0.0 ], [ 123.09434608, 0.47716361, 0.0 ], [ 123.09439102, 0.4771307, 0.0 ], [ 123.09441798, 0.47711837, 0.0 ], [ 123.09443595, 0.47710933, 0.0 ], [ 123.09444908, 0.47710405, 0.0 ], [ 123.09448089, 0.47709123, 0.0 ], [ 123.09449886, 0.47708218, 0.0 ], [ 123.09451684, 0.47707313, 0.0 ], [ 123.09455278, 0.47706409, 0.0 ], [ 123.09456177, 0.47706409, 0.0 ], [ 123.09457076, 0.47706409, 0.0 ], [ 123.09458873, 0.47706409, 0.0 ], [ 123.09460987, 0.47705884, 0.0 ], [ 123.0946786, 0.4770279, 0.0 ], [ 123.09469658, 0.47702354, 0.0 ], [ 123.09471455, 0.47701885, 0.0 ], [ 123.09473252, 0.47701349, 0.0 ], [ 123.09474151, 0.47701159, 0.0 ], [ 123.0947505, 0.4770098, 0.0 ], [ 123.09476189, 0.47700617, 0.0 ], [ 123.09478645, 0.47700075, 0.0 ], [ 123.09479543, 0.47699171, 0.0 ], [ 123.09480135, 0.47698681, 0.0 ], [ 123.09482271, 0.47696483, 0.0 ], [ 123.09485834, 0.47693742, 0.0 ], [ 123.09486733, 0.47692837, 0.0 ], [ 123.09489429, 0.47691933, 0.0 ], [ 123.09491226, 0.47691028, 0.0 ], [ 123.0949408, 0.47688873, 0.0 ], [ 123.09494821, 0.47688313, 0.0 ], [ 123.09497276, 0.47685599, 0.0 ], [ 123.09500213, 0.4768379, 0.0 ], [ 123.09502011, 0.47682885, 0.0 ], [ 123.09505605, 0.47680171, 0.0 ], [ 123.09508302, 0.47678361, 0.0 ], [ 123.09512077, 0.47675888, 0.0 ], [ 123.09513694, 0.47674742, 0.0 ], [ 123.09524478, 0.47665695, 0.0 ], [ 123.09528073, 0.47661171, 0.0 ], [ 123.09531401, 0.47658694, 0.0 ], [ 123.09531805, 0.4765847, 0.0 ], [ 123.09533465, 0.47657552, 0.0 ], [ 123.09535262, 0.47656647, 0.0 ], [ 123.09538857, 0.47653933, 0.0 ], [ 123.09540655, 0.47651219, 0.0 ], [ 123.09541553, 0.47650314, 0.0 ], [ 123.09544249, 0.47648505, 0.0 ], [ 123.09546047, 0.47644886, 0.0 ], [ 123.09546945, 0.47643981, 0.0 ], [ 123.09547844, 0.47642172, 0.0 ], [ 123.09549305, 0.47637266, 0.0 ], [ 123.09549421, 0.47634029, 0.0 ], [ 123.09549641, 0.47631315, 0.0 ], [ 123.09549641, 0.4763041, 0.0 ], [ 123.09549641, 0.47628601, 0.0 ], [ 123.09549641, 0.47627696, 0.0 ], [ 123.09549641, 0.47626791, 0.0 ], [ 123.0954999, 0.47624982, 0.0 ], [ 123.09550192, 0.47622848, 0.0 ], [ 123.0955054, 0.47619553, 0.0 ], [ 123.09551439, 0.47616839, 0.0 ], [ 123.09552337, 0.47609601, 0.0 ], [ 123.09553236, 0.47607792, 0.0 ], [ 123.09555033, 0.47605078, 0.0 ], [ 123.09556831, 0.47603268, 0.0 ], [ 123.09558628, 0.47602363, 0.0 ], [ 123.09560262, 0.47601263, 0.0 ], [ 123.09564844, 0.47598439, 0.0 ], [ 123.09565818, 0.4759784, 0.0 ], [ 123.09567615, 0.47596935, 0.0 ], [ 123.09573007, 0.47594221, 0.0 ], [ 123.09575703, 0.47592411, 0.0 ], [ 123.09577927, 0.47591223, 0.0 ], [ 123.09581095, 0.47589697, 0.0 ], [ 123.09583791, 0.47588792, 0.0 ], [ 123.09586488, 0.47587887, 0.0 ], [ 123.09588285, 0.47586983, 0.0 ], [ 123.09588739, 0.4758695, 0.0 ], [ 123.0959037, 0.47586622, 0.0 ], [ 123.09593677, 0.47586078, 0.0 ], [ 123.09598171, 0.47585173, 0.0 ], [ 123.09603572, 0.47585752, 0.0 ], [ 123.09606259, 0.47586078, 0.0 ], [ 123.09608869, 0.47587343, 0.0 ], [ 123.09617942, 0.47591506, 0.0 ], [ 123.09618841, 0.47593315, 0.0 ], [ 123.0961974, 0.4759422, 0.0 ], [ 123.09620429, 0.47594445, 0.0 ], [ 123.09620638, 0.47594465, 0.0 ], [ 123.09621378, 0.47594524, 0.0 ], [ 123.09623335, 0.47595125, 0.0 ], [ 123.09624233, 0.47595125, 0.0 ], [ 123.09627828, 0.47594617, 0.0 ], [ 123.09631423, 0.4759422, 0.0 ], [ 123.0963322, 0.4759422, 0.0 ], [ 123.09635018, 0.4759422, 0.0 ], [ 123.09635916, 0.4759422, 0.0 ], [ 123.09636815, 0.4759422, 0.0 ], [ 123.09642833, 0.4759431, 0.0 ], [ 123.09645802, 0.4759422, 0.0 ], [ 123.09646701, 0.4759422, 0.0 ], [ 123.09658384, 0.47593315, 0.0 ], [ 123.0966108, 0.47593315, 0.0 ], [ 123.09663776, 0.47593315, 0.0 ], [ 123.09676357, 0.47591696, 0.0 ], [ 123.09679054, 0.475906, 0.0 ], [ 123.09680233, 0.4759013, 0.0 ], [ 123.0968175, 0.47589695, 0.0 ], [ 123.09684446, 0.47589695, 0.0 ], [ 123.09685057, 0.47590008, 0.0 ], [ 123.09685658, 0.47590619, 0.0 ], [ 123.09687143, 0.47591505, 0.0 ], [ 123.09688041, 0.4759241, 0.0 ], [ 123.09690737, 0.47596933, 0.0 ], [ 123.09691636, 0.47597838, 0.0 ], [ 123.09692831, 0.47598439, 0.0 ], [ 123.09695231, 0.47599647, 0.0 ], [ 123.09697028, 0.47600552, 0.0 ], [ 123.09701522, 0.47602361, 0.0 ], [ 123.09705117, 0.47603266, 0.0 ], [ 123.09706914, 0.47604171, 0.0 ], [ 123.09715231, 0.47606094, 0.0 ], [ 123.09720395, 0.47606885, 0.0 ], [ 123.0972399, 0.47607789, 0.0 ], [ 123.09725787, 0.47608694, 0.0 ], [ 123.09727584, 0.47609599, 0.0 ], [ 123.09732401, 0.47611156, 0.0 ], [ 123.09734774, 0.47612313, 0.0 ], [ 123.09736572, 0.47613218, 0.0 ], [ 123.09739268, 0.47614122, 0.0 ], [ 123.0974466, 0.47614958, 0.0 ], [ 123.09745559, 0.47615115, 0.0 ], [ 123.09746387, 0.47615315, 0.0 ], [ 123.09747356, 0.47615342, 0.0 ], [ 123.09748255, 0.47615473, 0.0 ], [ 123.09749153, 0.47615763, 0.0 ], [ 123.09752115, 0.47617288, 0.0 ], [ 123.09759938, 0.4761955, 0.0 ], [ 123.09769824, 0.47622264, 0.0 ], [ 123.09770954, 0.47622833, 0.0 ], [ 123.09773419, 0.47624074, 0.0 ], [ 123.09777013, 0.47624979, 0.0 ], [ 123.09782406, 0.47625883, 0.0 ], [ 123.09786, 0.47626788, 0.0 ], [ 123.09794089, 0.47627692, 0.0 ], [ 123.09797684, 0.47628597, 0.0 ], [ 123.09802177, 0.47629502, 0.0 ], [ 123.09803076, 0.47629502, 0.0 ], [ 123.09807569, 0.47628597, 0.0 ], [ 123.09809367, 0.47628597, 0.0 ], [ 123.09811241, 0.47628897, 0.0 ], [ 123.09815865, 0.4762901, 0.0 ], [ 123.09823746, 0.47628597, 0.0 ], [ 123.09827341, 0.47628597, 0.0 ], [ 123.0982824, 0.47628597, 0.0 ], [ 123.09829138, 0.47628597, 0.0 ], [ 123.09830276, 0.47628065, 0.0 ], [ 123.09830936, 0.47627692, 0.0 ], [ 123.09832733, 0.47626787, 0.0 ], [ 123.09833632, 0.47626787, 0.0 ], [ 123.09838087, 0.47627991, 0.0 ], [ 123.0984172, 0.47627954, 0.0 ], [ 123.09845315, 0.47627692, 0.0 ], [ 123.09850707, 0.47627692, 0.0 ], [ 123.09851606, 0.47627692, 0.0 ], [ 123.09852505, 0.47627692, 0.0 ], [ 123.09854047, 0.47628212, 0.0 ], [ 123.09855434, 0.47628479, 0.0 ], [ 123.09857434, 0.47628533, 0.0 ], [ 123.0986166, 0.4762749, 0.0 ], [ 123.09863289, 0.47626787, 0.0 ], [ 123.09865543, 0.47625715, 0.0 ], [ 123.09866884, 0.47624977, 0.0 ], [ 123.09868681, 0.47624072, 0.0 ], [ 123.0986958, 0.47623759, 0.0 ], [ 123.09871377, 0.47623168, 0.0 ], [ 123.09877668, 0.47621358, 0.0 ], [ 123.09881263, 0.47620453, 0.0 ], [ 123.09882162, 0.47620118, 0.0 ], [ 123.09888453, 0.47617739, 0.0 ], [ 123.09892946, 0.47615025, 0.0 ], [ 123.09895642, 0.4761412, 0.0 ], [ 123.09896541, 0.47613466, 0.0 ], [ 123.09898061, 0.4761224, 0.0 ], [ 123.09899694, 0.4761107, 0.0 ], [ 123.09902832, 0.47608692, 0.0 ], [ 123.0990373, 0.47607787, 0.0 ], [ 123.09904629, 0.47606882, 0.0 ], [ 123.09910021, 0.47603263, 0.0 ], [ 123.09912717, 0.47602358, 0.0 ], [ 123.09917329, 0.4759846, 0.0 ], [ 123.09917352, 0.47598439, 0.0 ], [ 123.09919008, 0.4759693, 0.0 ], [ 123.09921704, 0.4759512, 0.0 ], [ 123.09934286, 0.47588787, 0.0 ], [ 123.09945969, 0.47583359, 0.0 ], [ 123.09946868, 0.47582454, 0.0 ], [ 123.0995945, 0.47571597, 0.0 ], [ 123.09965617, 0.47567073, 0.0 ], [ 123.09976525, 0.47562549, 0.0 ], [ 123.09980963, 0.47560315, 0.0 ], [ 123.09983714, 0.4755893, 0.0 ], [ 123.09996296, 0.47548978, 0.0 ], [ 123.10006182, 0.47539931, 0.0 ], [ 123.10015169, 0.47529074, 0.0 ], [ 123.10019662, 0.47523645, 0.0 ], [ 123.10020784, 0.47522324, 0.0 ], [ 123.10025054, 0.47516407, 0.0 ], [ 123.10025953, 0.47515503, 0.0 ], [ 123.10030535, 0.47508006, 0.0 ], [ 123.10033142, 0.47503741, 0.0 ], [ 123.10034041, 0.47502836, 0.0 ], [ 123.1003494, 0.47501932, 0.0 ], [ 123.10035838, 0.47500122, 0.0 ], [ 123.10038534, 0.47497408, 0.0 ], [ 123.10039433, 0.47496503, 0.0 ], [ 123.10041231, 0.47493789, 0.0 ], [ 123.10043028, 0.4749017, 0.0 ], [ 123.10046789, 0.47485938, 0.0 ], [ 123.10048068, 0.47484595, 0.0 ], [ 123.10051116, 0.47482027, 0.0 ], [ 123.10053812, 0.47479313, 0.0 ], [ 123.1005561, 0.47477504, 0.0 ], [ 123.10057407, 0.47476599, 0.0 ], [ 123.10061381, 0.47466437, 0.0 ], [ 123.10062799, 0.47460314, 0.0 ], [ 123.10062839, 0.47458201, 0.0 ], [ 123.10062799, 0.47456695, 0.0 ], [ 123.10063031, 0.47453981, 0.0 ], [ 123.10063698, 0.47452171, 0.0 ], [ 123.10065495, 0.47447647, 0.0 ], [ 123.10066939, 0.47444656, 0.0 ], [ 123.10068191, 0.47443124, 0.0 ], [ 123.10069688, 0.47441187, 0.0 ], [ 123.10070592, 0.4743944, 0.0 ], [ 123.10070795, 0.47434512, 0.0 ], [ 123.10070887, 0.47432267, 0.0 ], [ 123.10070887, 0.47429553, 0.0 ], [ 123.10072432, 0.47424124, 0.0 ], [ 123.10072684, 0.4742322, 0.0 ], [ 123.10072944, 0.47422197, 0.0 ], [ 123.10074481, 0.47415982, 0.0 ], [ 123.10074481, 0.47415077, 0.0 ], [ 123.10073266, 0.47408744, 0.0 ], [ 123.10072684, 0.4740603, 0.0 ], [ 123.10072684, 0.47405125, 0.0 ], [ 123.10072684, 0.4740422, 0.0 ], [ 123.10075583, 0.47395085, 0.0 ], [ 123.10077177, 0.47391554, 0.0 ], [ 123.10078076, 0.47389745, 0.0 ], [ 123.10078975, 0.47387935, 0.0 ], [ 123.10079873, 0.47385221, 0.0 ], [ 123.10080693, 0.47382749, 0.0 ], [ 123.10081327, 0.47381602, 0.0 ], [ 123.10083468, 0.47378888, 0.0 ], [ 123.10085265, 0.47375269, 0.0 ], [ 123.10085265, 0.47373459, 0.0 ], [ 123.10085075, 0.47371675, 0.0 ], [ 123.10085364, 0.4736832, 0.0 ], [ 123.10089011, 0.47361211, 0.0 ], [ 123.10090657, 0.47358079, 0.0 ], [ 123.10092455, 0.47355365, 0.0 ], [ 123.10095151, 0.4735265, 0.0 ], [ 123.10096948, 0.47349936, 0.0 ], [ 123.10098746, 0.47348127, 0.0 ], [ 123.10099644, 0.47347222, 0.0 ], [ 123.10101869, 0.47344951, 0.0 ], [ 123.10103239, 0.47343603, 0.0 ], [ 123.10104138, 0.47342698, 0.0 ], [ 123.10105935, 0.47339984, 0.0 ], [ 123.10106834, 0.47338175, 0.0 ], [ 123.10106834, 0.47334556, 0.0 ], [ 123.10107732, 0.47332746, 0.0 ], [ 123.10110428, 0.47330032, 0.0 ], [ 123.10114023, 0.47328222, 0.0 ], [ 123.10114922, 0.47328222, 0.0 ], [ 123.10116719, 0.47327318, 0.0 ], [ 123.10122111, 0.47321889, 0.0 ], [ 123.10124808, 0.47319175, 0.0 ], [ 123.10126605, 0.47316461, 0.0 ], [ 123.10130234, 0.47311386, 0.0 ], [ 123.10131123, 0.47308918, 0.0 ], [ 123.10131098, 0.47307413, 0.0 ], [ 123.10129058, 0.47304345, 0.0 ], [ 123.10128402, 0.47301985, 0.0 ], [ 123.10129301, 0.4730108, 0.0 ], [ 123.10130902, 0.47300473, 0.0 ], [ 123.10132896, 0.47299271, 0.0 ], [ 123.10135628, 0.47297402, 0.0 ], [ 123.10138288, 0.47295652, 0.0 ], [ 123.10140085, 0.47294747, 0.0 ], [ 123.10142781, 0.47292937, 0.0 ], [ 123.10144579, 0.47292033, 0.0 ], [ 123.10147275, 0.47289319, 0.0 ], [ 123.10149072, 0.47287509, 0.0 ], [ 123.10151679, 0.47286007, 0.0 ], [ 123.10154464, 0.47286224, 0.0 ], [ 123.10156078, 0.47286439, 0.0 ], [ 123.10158958, 0.47286604, 0.0 ], [ 123.10159856, 0.47286604, 0.0 ], [ 123.10160755, 0.47286604, 0.0 ], [ 123.10162553, 0.47287509, 0.0 ], [ 123.1016435, 0.47288414, 0.0 ], [ 123.10167046, 0.47289318, 0.0 ], [ 123.10167945, 0.47289318, 0.0 ], [ 123.10168844, 0.47288924, 0.0 ], [ 123.10169742, 0.47288414, 0.0 ], [ 123.10172438, 0.47287509, 0.0 ], [ 123.10175963, 0.47287614, 0.0 ], [ 123.10180527, 0.47287509, 0.0 ], [ 123.10181425, 0.47287509, 0.0 ], [ 123.10182213, 0.47287303, 0.0 ], [ 123.10183223, 0.47287048, 0.0 ], [ 123.10184121, 0.47286604, 0.0 ], [ 123.10187382, 0.47283198, 0.0 ], [ 123.10188615, 0.4728208, 0.0 ], [ 123.10189514, 0.47281175, 0.0 ], [ 123.10198228, 0.47271718, 0.0 ], [ 123.10200878, 0.47269796, 0.0 ], [ 123.10206589, 0.4726489, 0.0 ], [ 123.10211981, 0.4726308, 0.0 ], [ 123.1021288, 0.4726308, 0.0 ], [ 123.10215576, 0.4726308, 0.0 ], [ 123.10216474, 0.4726308, 0.0 ], [ 123.1023355, 0.47260366, 0.0 ], [ 123.10234448, 0.47260366, 0.0 ], [ 123.10237145, 0.47260366, 0.0 ], [ 123.10246132, 0.47259461, 0.0 ], [ 123.1024703, 0.47259461, 0.0 ], [ 123.10251524, 0.47258556, 0.0 ], [ 123.10255365, 0.47258017, 0.0 ], [ 123.10259612, 0.47257651, 0.0 ], [ 123.1026141, 0.47256747, 0.0 ], [ 123.10262308, 0.47255842, 0.0 ], [ 123.10264106, 0.47254937, 0.0 ], [ 123.10270696, 0.47250811, 0.0 ], [ 123.1027489, 0.47248604, 0.0 ], [ 123.10276687, 0.47247699, 0.0 ], [ 123.10278485, 0.47246794, 0.0 ], [ 123.10281181, 0.47245382, 0.0 ], [ 123.10291965, 0.47240461, 0.0 ], [ 123.10297357, 0.47237747, 0.0 ], [ 123.10299946, 0.47236704, 0.0 ], [ 123.10306344, 0.47234128, 0.0 ], [ 123.10317129, 0.47228699, 0.0 ], [ 123.10325174, 0.47223294, 0.0 ], [ 123.10330609, 0.47217842, 0.0 ], [ 123.1033786, 0.47212126, 0.0 ], [ 123.10342292, 0.47208795, 0.0 ], [ 123.10348583, 0.47202462, 0.0 ], [ 123.10353575, 0.47198241, 0.0 ], [ 123.10355773, 0.47196449, 0.0 ], [ 123.10360266, 0.47193414, 0.0 ], [ 123.10364759, 0.47189795, 0.0 ], [ 123.1037105, 0.47184367, 0.0 ], [ 123.10371949, 0.47183462, 0.0 ], [ 123.10372848, 0.47182557, 0.0 ], [ 123.10374645, 0.47181652, 0.0 ], [ 123.10376442, 0.47180748, 0.0 ], [ 123.10379139, 0.47178938, 0.0 ], [ 123.10382733, 0.47177129, 0.0 ], [ 123.10383632, 0.47176224, 0.0 ], [ 123.10384531, 0.47175319, 0.0 ], [ 123.10395315, 0.47170795, 0.0 ], [ 123.10402505, 0.47166272, 0.0 ], [ 123.10406998, 0.47163557, 0.0 ], [ 123.10411492, 0.47160843, 0.0 ], [ 123.1041239, 0.47159938, 0.0 ], [ 123.10415086, 0.47157224, 0.0 ], [ 123.10416884, 0.47156319, 0.0 ], [ 123.10424972, 0.47151796, 0.0 ], [ 123.10426769, 0.47149986, 0.0 ], [ 123.10427668, 0.47149081, 0.0 ], [ 123.10431263, 0.47144558, 0.0 ], [ 123.10435756, 0.47139129, 0.0 ], [ 123.10437408, 0.4713732, 0.0 ], [ 123.10439635, 0.47135648, 0.0 ], [ 123.10445917, 0.47134233, 0.0 ], [ 123.10450135, 0.47133701, 0.0 ], [ 123.10451034, 0.47133701, 0.0 ], [ 123.10452255, 0.47133174, 0.0 ], [ 123.1045373, 0.47132796, 0.0 ], [ 123.10455528, 0.47130082, 0.0 ], [ 123.10459122, 0.47123748, 0.0 ], [ 123.10458224, 0.4711832, 0.0 ], [ 123.10461818, 0.47111082, 0.0 ], [ 123.10468109, 0.47098416, 0.0 ], [ 123.10476197, 0.47083035, 0.0 ], [ 123.10479792, 0.47072178, 0.0 ], [ 123.10479792, 0.47065845, 0.0 ], [ 123.10479792, 0.47059512, 0.0 ], [ 123.1048069, 0.47045037, 0.0 ], [ 123.10479791, 0.47033275, 0.0 ], [ 123.10478892, 0.47027847, 0.0 ], [ 123.10478595, 0.47026369, 0.0 ], [ 123.10478547, 0.47026129, 0.0 ], [ 123.10477994, 0.47022418, 0.0 ], [ 123.10477994, 0.47020609, 0.0 ], [ 123.10477994, 0.47019704, 0.0 ], [ 123.10477095, 0.47015927, 0.0 ], [ 123.10476452, 0.47009868, 0.0 ], [ 123.10477095, 0.4700161, 0.0 ], [ 123.10479791, 0.46996181, 0.0 ], [ 123.10480689, 0.46994372, 0.0 ], [ 123.10482487, 0.46990753, 0.0 ], [ 123.10485183, 0.46986229, 0.0 ], [ 123.1048698, 0.46981705, 0.0 ], [ 123.10487483, 0.46980429, 0.0 ], [ 123.10487495, 0.46978227, 0.0 ], [ 123.1048698, 0.46976277, 0.0 ], [ 123.10486305, 0.46975372, 0.0 ], [ 123.10485831, 0.46974883, 0.0 ], [ 123.10485367, 0.46973943, 0.0 ], [ 123.10484284, 0.46972658, 0.0 ], [ 123.10483385, 0.46971754, 0.0 ], [ 123.10481588, 0.46969944, 0.0 ], [ 123.10477993, 0.46965421, 0.0 ], [ 123.10467208, 0.46953659, 0.0 ], [ 123.10465411, 0.4695185, 0.0 ], [ 123.10457322, 0.46944612, 0.0 ], [ 123.10453727, 0.46942803, 0.0 ], [ 123.1045193, 0.46941898, 0.0 ], [ 123.10446538, 0.46937374, 0.0 ], [ 123.10436747, 0.4692763, 0.0 ], [ 123.1043641, 0.46924085, 0.0 ], [ 123.1043755, 0.46921994, 0.0 ], [ 123.10453771, 0.46911153, 0.0 ], [ 123.10464511, 0.46897566, 0.0 ], [ 123.1046933, 0.46888827, 0.0 ], [ 123.10471073, 0.46887292, 0.0 ], [ 123.10471701, 0.46886709, 0.0 ], [ 123.10477093, 0.46883995, 0.0 ], [ 123.10481586, 0.46880376, 0.0 ], [ 123.10483384, 0.46879471, 0.0 ], [ 123.10486602, 0.46875218, 0.0 ], [ 123.10487877, 0.46874043, 0.0 ], [ 123.10488776, 0.46873138, 0.0 ], [ 123.10490573, 0.46872233, 0.0 ], [ 123.10491472, 0.46871329, 0.0 ], [ 123.10492371, 0.46870424, 0.0 ], [ 123.10496864, 0.46866805, 0.0 ], [ 123.10505851, 0.46860472, 0.0 ], [ 123.1050675, 0.46859567, 0.0 ], [ 123.10508547, 0.46858662, 0.0 ], [ 123.10514838, 0.46850519, 0.0 ], [ 123.10521129, 0.46845996, 0.0 ], [ 123.10522027, 0.46845091, 0.0 ], [ 123.10522926, 0.46843281, 0.0 ], [ 123.10526521, 0.46838758, 0.0 ], [ 123.10531913, 0.46834234, 0.0 ], [ 123.10537305, 0.46828806, 0.0 ], [ 123.10538204, 0.46827901, 0.0 ], [ 123.10539828, 0.46826677, 0.0 ], [ 123.105409, 0.46826091, 0.0 ], [ 123.10541799, 0.46825187, 0.0 ], [ 123.10543596, 0.46822472, 0.0 ], [ 123.10549887, 0.4681433, 0.0 ], [ 123.10550684, 0.46813027, 0.0 ], [ 123.10551684, 0.46811615, 0.0 ], [ 123.1055438, 0.46807092, 0.0 ], [ 123.10555279, 0.46805282, 0.0 ], [ 123.10556037, 0.46804398, 0.0 ], [ 123.10557076, 0.46803473, 0.0 ], [ 123.10557975, 0.46802568, 0.0 ], [ 123.10559317, 0.46801042, 0.0 ], [ 123.10562468, 0.46798044, 0.0 ], [ 123.10563367, 0.46796235, 0.0 ], [ 123.10565164, 0.46792616, 0.0 ], [ 123.1056786, 0.46789902, 0.0 ], [ 123.10568759, 0.46788997, 0.0 ], [ 123.1056928, 0.46788803, 0.0 ], [ 123.10569658, 0.46788997, 0.0 ], [ 123.1057505, 0.46791711, 0.0 ], [ 123.10578645, 0.46792616, 0.0 ], [ 123.10584037, 0.46796235, 0.0 ], [ 123.10585835, 0.46797139, 0.0 ], [ 123.10588531, 0.46798044, 0.0 ], [ 123.10595097, 0.46799259, 0.0 ], [ 123.10596722, 0.46798952, 0.0 ], [ 123.10599315, 0.46794425, 0.0 ], [ 123.10602011, 0.46788996, 0.0 ], [ 123.10604707, 0.46785378, 0.0 ], [ 123.10608302, 0.46783568, 0.0 ], [ 123.10609201, 0.46782663, 0.0 ], [ 123.10609613, 0.46778455, 0.0 ], [ 123.10610099, 0.46771806, 0.0 ], [ 123.10619086, 0.46754617, 0.0 ], [ 123.10619985, 0.46752807, 0.0 ], [ 123.10626275, 0.4674195, 0.0 ], [ 123.10633465, 0.4672657, 0.0 ], [ 123.10638857, 0.46711189, 0.0 ], [ 123.10641553, 0.46708475, 0.0 ], [ 123.10656831, 0.46699427, 0.0 ], [ 123.10669412, 0.46692189, 0.0 ], [ 123.10672109, 0.4669038, 0.0 ], [ 123.10673007, 0.46689475, 0.0 ], [ 123.10680197, 0.46685856, 0.0 ], [ 123.10690082, 0.46683142, 0.0 ], [ 123.10699216, 0.46677478, 0.0 ], [ 123.10703207, 0.46671694, 0.0 ], [ 123.10706259, 0.46667761, 0.0 ], [ 123.10716145, 0.46664142, 0.0 ], [ 123.10717942, 0.46662333, 0.0 ], [ 123.10719739, 0.46661428, 0.0 ], [ 123.10732321, 0.4665419, 0.0 ], [ 123.10744004, 0.46647645, 0.0 ], [ 123.10749396, 0.46645142, 0.0 ], [ 123.1075389, 0.46642428, 0.0 ], [ 123.10758383, 0.46640618, 0.0 ], [ 123.10769168, 0.46634285, 0.0 ], [ 123.10778155, 0.46628857, 0.0 ], [ 123.10780851, 0.46627952, 0.0 ], [ 123.10789447, 0.46625592, 0.0 ], [ 123.10790736, 0.46625238, 0.0 ], [ 123.1079523, 0.46622523, 0.0 ], [ 123.10804217, 0.46617999, 0.0 ], [ 123.10816798, 0.46611666, 0.0 ], [ 123.10822191, 0.46608952, 0.0 ], [ 123.10833874, 0.46604428, 0.0 ], [ 123.10835952, 0.46603667, 0.0 ], [ 123.10843759, 0.46600809, 0.0 ], [ 123.10848253, 0.4659719, 0.0 ], [ 123.10849152, 0.46596285, 0.0 ], [ 123.10853645, 0.46591762, 0.0 ], [ 123.10866227, 0.46586333, 0.0 ], [ 123.10874315, 0.46580905, 0.0 ], [ 123.10879278, 0.46577223, 0.0 ], [ 123.1089139, 0.46568238, 0.0 ], [ 123.10893188, 0.4656727, 0.0 ], [ 123.10894086, 0.46566803, 0.0 ], [ 123.10895736, 0.46565046, 0.0 ], [ 123.10896782, 0.46563714, 0.0 ], [ 123.1090053, 0.4656062, 0.0 ], [ 123.10902174, 0.46559593, 0.0 ], [ 123.10903073, 0.46559191, 0.0 ], [ 123.10910263, 0.46554667, 0.0 ], [ 123.10911161, 0.46553762, 0.0 ], [ 123.10914756, 0.46549238, 0.0 ], [ 123.10917295, 0.46547658, 0.0 ], [ 123.1091925, 0.46546524, 0.0 ], [ 123.10922292, 0.46544182, 0.0 ], [ 123.10923743, 0.46542905, 0.0 ], [ 123.1092554, 0.46542, 0.0 ], [ 123.10927338, 0.46541096, 0.0 ], [ 123.10938122, 0.46536572, 0.0 ], [ 123.10943514, 0.46531143, 0.0 ], [ 123.10947109, 0.46529334, 0.0 ], [ 123.10951948, 0.46529032, 0.0 ], [ 123.10958349, 0.46527225, 0.0 ], [ 123.10967779, 0.46519382, 0.0 ], [ 123.10971788, 0.46516128, 0.0 ], [ 123.10973171, 0.46514858, 0.0 ], [ 123.10975269, 0.46513233, 0.0 ], [ 123.10984854, 0.4650581, 0.0 ], [ 123.10994345, 0.46500506, 0.0 ], [ 123.10998335, 0.46497668, 0.0 ], [ 123.10999233, 0.46496763, 0.0 ], [ 123.1100822, 0.46492239, 0.0 ], [ 123.11013612, 0.46487715, 0.0 ], [ 123.11021701, 0.46484096, 0.0 ], [ 123.11023498, 0.46482287, 0.0 ], [ 123.1103608, 0.46475049, 0.0 ], [ 123.11047763, 0.46466906, 0.0 ], [ 123.11050459, 0.46466001, 0.0 ], [ 123.11053155, 0.46464192, 0.0 ], [ 123.11055851, 0.46462382, 0.0 ], [ 123.11058941, 0.46460827, 0.0 ], [ 123.11059446, 0.46460573, 0.0 ], [ 123.11062417, 0.46458627, 0.0 ], [ 123.11067534, 0.46455144, 0.0 ], [ 123.11068433, 0.46454239, 0.0 ], [ 123.1107023, 0.46453335, 0.0 ], [ 123.11087512, 0.46444699, 0.0 ], [ 123.11088204, 0.46444287, 0.0 ], [ 123.11092698, 0.46442478, 0.0 ], [ 123.11095394, 0.46440668, 0.0 ], [ 123.11098474, 0.46439083, 0.0 ], [ 123.11102583, 0.46437954, 0.0 ], [ 123.11110671, 0.46434335, 0.0 ], [ 123.11116064, 0.4643343, 0.0 ], [ 123.11119658, 0.4643286, 0.0 ], [ 123.11125051, 0.4643162, 0.0 ], [ 123.11134038, 0.46429315, 0.0 ], [ 123.11140329, 0.46427096, 0.0 ], [ 123.11148012, 0.46422799, 0.0 ], [ 123.11148417, 0.46422573, 0.0 ], [ 123.11159201, 0.46418049, 0.0 ], [ 123.111601, 0.46418049, 0.0 ], [ 123.11169087, 0.4641443, 0.0 ], [ 123.11178074, 0.46411715, 0.0 ], [ 123.1118077, 0.46411213, 0.0 ], [ 123.1118494, 0.46410532, 0.0 ], [ 123.11187959, 0.46409906, 0.0 ], [ 123.11189757, 0.46409001, 0.0 ], [ 123.11195149, 0.46407192, 0.0 ], [ 123.11196946, 0.46407192, 0.0 ], [ 123.1120144, 0.46406287, 0.0 ], [ 123.11207731, 0.46405382, 0.0 ], [ 123.11209528, 0.46404477, 0.0 ], [ 123.11211326, 0.46402668, 0.0 ], [ 123.1121492, 0.46400858, 0.0 ], [ 123.11218282, 0.46400294, 0.0 ], [ 123.11220313, 0.46399953, 0.0 ], [ 123.11226603, 0.46397239, 0.0 ], [ 123.1123559, 0.46394525, 0.0 ], [ 123.11237388, 0.4639362, 0.0 ], [ 123.11249071, 0.46390905, 0.0 ], [ 123.11261653, 0.46385477, 0.0 ], [ 123.11271538, 0.46380048, 0.0 ], [ 123.11283221, 0.46373715, 0.0 ], [ 123.11292208, 0.46365572, 0.0 ], [ 123.11294904, 0.46362858, 0.0 ], [ 123.11297089, 0.46361972, 0.0 ], [ 123.11298499, 0.46361049, 0.0 ], [ 123.11302993, 0.46358619, 0.0 ], [ 123.11307486, 0.4635562, 0.0 ], [ 123.11308385, 0.46354715, 0.0 ], [ 123.11312878, 0.46349287, 0.0 ], [ 123.11317372, 0.46341144, 0.0 ], [ 123.11319169, 0.46339335, 0.0 ], [ 123.11328156, 0.46332097, 0.0 ], [ 123.11328436, 0.46331674, 0.0 ], [ 123.11331751, 0.46326668, 0.0 ], [ 123.11333548, 0.46323954, 0.0 ], [ 123.11335345, 0.46320335, 0.0 ], [ 123.11338041, 0.46317621, 0.0 ], [ 123.1133894, 0.46316716, 0.0 ], [ 123.11340593, 0.46314758, 0.0 ], [ 123.11343278, 0.46308786, 0.0 ], [ 123.11344332, 0.46303145, 0.0 ], [ 123.11347927, 0.46289574, 0.0 ], [ 123.11350623, 0.46283241, 0.0 ], [ 123.11355116, 0.46277813, 0.0 ], [ 123.11351304, 0.46269289, 0.0 ], [ 123.11351364, 0.4626354, 0.0 ], [ 123.11355419, 0.46259457, 0.0 ], [ 123.11359047, 0.462543, 0.0 ], [ 123.11359688, 0.46253011, 0.0 ], [ 123.11359901, 0.46252796, 0.0 ], [ 123.11362035, 0.46247209, 0.0 ], [ 123.11362249, 0.4624635, 0.0 ], [ 123.113624, 0.46241931, 0.0 ], [ 123.11362462, 0.46240118, 0.0 ], [ 123.11362462, 0.46235176, 0.0 ], [ 123.11362249, 0.46230019, 0.0 ], [ 123.11362035, 0.46227441, 0.0 ], [ 123.11362035, 0.46227226, 0.0 ], [ 123.11359901, 0.4622121, 0.0 ], [ 123.11360114, 0.46213474, 0.0 ], [ 123.11360327, 0.46207887, 0.0 ], [ 123.11361394, 0.4620359, 0.0 ], [ 123.11361608, 0.4620316, 0.0 ], [ 123.11361821, 0.46202301, 0.0 ], [ 123.11368011, 0.4619435, 0.0 ], [ 123.11371853, 0.46189838, 0.0 ], [ 123.11374627, 0.4618554, 0.0 ], [ 123.11377615, 0.46178879, 0.0 ], [ 123.11380817, 0.46169855, 0.0 ], [ 123.11383592, 0.46163623, 0.0 ], [ 123.11384659, 0.46161904, 0.0 ], [ 123.1138594, 0.4616083, 0.0 ], [ 123.11386153, 0.4616083, 0.0 ], [ 123.11386153, 0.46160615, 0.0 ], [ 123.11392556, 0.4616083, 0.0 ], [ 123.11398746, 0.46161259, 0.0 ], [ 123.11407497, 0.46162978, 0.0 ], [ 123.11409845, 0.46163838, 0.0 ], [ 123.11412833, 0.46165772, 0.0 ], [ 123.11416248, 0.46168994, 0.0 ], [ 123.11419237, 0.4617673, 0.0 ], [ 123.11419664, 0.4618511, 0.0 ], [ 123.11419664, 0.46190697, 0.0 ], [ 123.11419664, 0.46199077, 0.0 ], [ 123.11419664, 0.46199292, 0.0 ], [ 123.11420945, 0.46201011, 0.0 ], [ 123.11424787, 0.46203804, 0.0 ], [ 123.11426067, 0.46204878, 0.0 ], [ 123.11426112, 0.46209957, 0.0 ], [ 123.11428808, 0.46209052, 0.0 ], [ 123.11437795, 0.46209957, 0.0 ], [ 123.11443188, 0.46209957, 0.0 ], [ 123.11449479, 0.46210861, 0.0 ], [ 123.1146206, 0.46209052, 0.0 ], [ 123.1146507, 0.46208963, 0.0 ], [ 123.1146925, 0.46209051, 0.0 ], [ 123.11479136, 0.46208146, 0.0 ], [ 123.11484528, 0.46208147, 0.0 ], [ 123.11485427, 0.46208146, 0.0 ], [ 123.11491718, 0.46208146, 0.0 ], [ 123.11498008, 0.46208146, 0.0 ], [ 123.11499806, 0.46208146, 0.0 ], [ 123.11507894, 0.46209051, 0.0 ], [ 123.11509692, 0.46209051, 0.0 ], [ 123.11511489, 0.46209051, 0.0 ], [ 123.11519577, 0.46209974, 0.0 ], [ 123.11523172, 0.46210668, 0.0 ], [ 123.11525868, 0.4621086, 0.0 ], [ 123.11527666, 0.4621086, 0.0 ], [ 123.11533058, 0.46211765, 0.0 ], [ 123.11535754, 0.46211765, 0.0 ], [ 123.1154564, 0.46212669, 0.0 ], [ 123.11554627, 0.46211764, 0.0 ], [ 123.11564512, 0.46209955, 0.0 ], [ 123.11569006, 0.4620905, 0.0 ], [ 123.11572046, 0.46208223, 0.0 ], [ 123.11572737, 0.46208213, 0.0 ], [ 123.11573499, 0.46208145, 0.0 ], [ 123.11579224, 0.4620662, 0.0 ], [ 123.11585183, 0.46204526, 0.0 ], [ 123.11587593, 0.4620386, 0.0 ], [ 123.11590575, 0.46202716, 0.0 ], [ 123.1159417, 0.46201812, 0.0 ], [ 123.11595068, 0.46201812, 0.0 ], [ 123.11595937, 0.46201826, 0.0 ], [ 123.11596995, 0.46201628, 0.0 ], [ 123.11597931, 0.46201365, 0.0 ], [ 123.11599562, 0.46200907, 0.0 ], [ 123.11601359, 0.46200002, 0.0 ], [ 123.11603156, 0.46199097, 0.0 ], [ 123.11605853, 0.46196383, 0.0 ], [ 123.1160765, 0.46195478, 0.0 ], [ 123.11609447, 0.46193669, 0.0 ], [ 123.11611245, 0.46192764, 0.0 ], [ 123.11613042, 0.46191859, 0.0 ], [ 123.11616637, 0.46189145, 0.0 ], [ 123.1162113, 0.46186431, 0.0 ], [ 123.11623826, 0.46185526, 0.0 ], [ 123.11626522, 0.46183717, 0.0 ], [ 123.11629219, 0.46181002, 0.0 ], [ 123.11631915, 0.46178288, 0.0 ], [ 123.11632451, 0.46177536, 0.0 ], [ 123.11633712, 0.46176479, 0.0 ], [ 123.11639104, 0.46171955, 0.0 ], [ 123.11643467, 0.46166665, 0.0 ], [ 123.11643913, 0.46166014, 0.0 ], [ 123.11649888, 0.46154765, 0.0 ], [ 123.11652015, 0.46151497, 0.0 ], [ 123.11653421, 0.46149336, 0.0 ], [ 123.1166247, 0.46138479, 0.0 ], [ 123.11667862, 0.46131242, 0.0 ], [ 123.11674153, 0.46126718, 0.0 ], [ 123.1167816, 0.46121599, 0.0 ], [ 123.11680444, 0.46118575, 0.0 ], [ 123.1168314, 0.46112242, 0.0 ], [ 123.11684937, 0.46108623, 0.0 ], [ 123.11685835, 0.46101385, 0.0 ], [ 123.11687762, 0.46095411, 0.0 ], [ 123.11688518, 0.46093068, 0.0 ], [ 123.1168943, 0.46090528, 0.0 ], [ 123.11691227, 0.46082386, 0.0 ], [ 123.11694822, 0.4606972, 0.0 ], [ 123.11697688, 0.46061063, 0.0 ], [ 123.11698417, 0.46058863, 0.0 ], [ 123.1170008, 0.4605253, 0.0 ], [ 123.11702011, 0.46045292, 0.0 ], [ 123.11704707, 0.46038054, 0.0 ], [ 123.11705606, 0.46036244, 0.0 ], [ 123.11710099, 0.46026292, 0.0 ], [ 123.11710998, 0.46019054, 0.0 ], [ 123.11711896, 0.46015436, 0.0 ], [ 123.11714592, 0.46006388, 0.0 ], [ 123.1171639, 0.46000055, 0.0 ], [ 123.11717288, 0.45998246, 0.0 ], [ 123.11718187, 0.45994627, 0.0 ], [ 123.11719086, 0.45993722, 0.0 ], [ 123.11719086, 0.45991912, 0.0 ], [ 123.11718187, 0.45980151, 0.0 ], [ 123.11718187, 0.45975627, 0.0 ], [ 123.11718187, 0.45970629, 0.0 ], [ 123.11718187, 0.45970199, 0.0 ], [ 123.11718186, 0.45962961, 0.0 ], [ 123.11718186, 0.45962056, 0.0 ], [ 123.11719085, 0.45959342, 0.0 ], [ 123.11720377, 0.45957308, 0.0 ], [ 123.11720882, 0.45955723, 0.0 ], [ 123.11722079, 0.4595318, 0.0 ], [ 123.11721781, 0.45947581, 0.0 ], [ 123.11721058, 0.45942936, 0.0 ], [ 123.11719085, 0.45939438, 0.0 ], [ 123.11717287, 0.45936724, 0.0 ], [ 123.11714591, 0.45931296, 0.0 ], [ 123.117083, 0.45924963, 0.0 ], [ 123.11700212, 0.45915916, 0.0 ], [ 123.1169887, 0.45914397, 0.0 ], [ 123.11694819, 0.45909583, 0.0 ], [ 123.11690326, 0.45896012, 0.0 ], [ 123.11690326, 0.45895107, 0.0 ], [ 123.11691224, 0.45893297, 0.0 ], [ 123.11695718, 0.4588425, 0.0 ], [ 123.11696165, 0.45880195, 0.0 ], [ 123.11696616, 0.45876108, 0.0 ], [ 123.11696616, 0.45875203, 0.0 ], [ 123.11694819, 0.45870679, 0.0 ], [ 123.11694634, 0.45866925, 0.0 ], [ 123.11696054, 0.45863184, 0.0 ], [ 123.11697515, 0.45859822, 0.0 ], [ 123.11699275, 0.4585687, 0.0 ], [ 123.11701109, 0.45855299, 0.0 ], [ 123.11702907, 0.45853489, 0.0 ], [ 123.11705603, 0.45850775, 0.0 ], [ 123.11708299, 0.45847156, 0.0 ], [ 123.11710995, 0.45844442, 0.0 ], [ 123.1171459, 0.45839918, 0.0 ], [ 123.11719083, 0.4583268, 0.0 ], [ 123.1172088, 0.45830871, 0.0 ], [ 123.11723576, 0.45828156, 0.0 ], [ 123.11724933, 0.45826501, 0.0 ], [ 123.11725936, 0.45825887, 0.0 ], [ 123.11727171, 0.45825442, 0.0 ], [ 123.11728969, 0.45824537, 0.0 ], [ 123.11733462, 0.45819109, 0.0 ], [ 123.11735674, 0.45817187, 0.0 ], [ 123.11737057, 0.45816395, 0.0 ], [ 123.11739878, 0.45814706, 0.0 ], [ 123.1174155, 0.4581368, 0.0 ], [ 123.11746416, 0.45808322, 0.0 ], [ 123.11748477, 0.45806079, 0.0 ], [ 123.11749305, 0.45805247, 0.0 ], [ 123.1175103, 0.45803967, 0.0 ], [ 123.11753233, 0.45802824, 0.0 ], [ 123.11755066, 0.45801919, 0.0 ], [ 123.11757727, 0.45800109, 0.0 ], [ 123.11759524, 0.457983, 0.0 ], [ 123.11763119, 0.45794681, 0.0 ], [ 123.11765815, 0.45792871, 0.0 ], [ 123.11767612, 0.45791967, 0.0 ], [ 123.11771207, 0.45791062, 0.0 ], [ 123.11773004, 0.45790107, 0.0 ], [ 123.11774658, 0.45788596, 0.0 ], [ 123.11775701, 0.45787443, 0.0 ], [ 123.11783789, 0.45778395, 0.0 ], [ 123.11791877, 0.45772967, 0.0 ], [ 123.11793254, 0.45772062, 0.0 ], [ 123.11799066, 0.45768443, 0.0 ], [ 123.11800336, 0.4576768, 0.0 ], [ 123.11803117, 0.45766451, 0.0 ], [ 123.11804016, 0.45765961, 0.0 ], [ 123.11811648, 0.4576211, 0.0 ], [ 123.11814038, 0.45761308, 0.0 ], [ 123.1181704, 0.457603, 0.0 ], [ 123.11820635, 0.45757586, 0.0 ], [ 123.11821534, 0.45756681, 0.0 ], [ 123.11826926, 0.45750348, 0.0 ], [ 123.11830521, 0.4574492, 0.0 ], [ 123.11834115, 0.45739491, 0.0 ], [ 123.11837551, 0.45734063, 0.0 ], [ 123.11841305, 0.45728634, 0.0 ], [ 123.11845798, 0.45723206, 0.0 ], [ 123.11847595, 0.45722301, 0.0 ], [ 123.11848054, 0.45722005, 0.0 ], [ 123.11848494, 0.45721745, 0.0 ], [ 123.11851856, 0.45718525, 0.0 ], [ 123.11854785, 0.45715063, 0.0 ], [ 123.11856582, 0.45712349, 0.0 ], [ 123.11859694, 0.45708529, 0.0 ], [ 123.11861503, 0.4570722, 0.0 ], [ 123.11865569, 0.45705111, 0.0 ], [ 123.11867425, 0.45703865, 0.0 ], [ 123.11868265, 0.45703301, 0.0 ], [ 123.1187186, 0.45701492, 0.0 ], [ 123.11876354, 0.45699682, 0.0 ], [ 123.11877412, 0.45699327, 0.0 ], [ 123.11884442, 0.45696968, 0.0 ], [ 123.1188673, 0.45695159, 0.0 ], [ 123.11889057, 0.45692705, 0.0 ], [ 123.1189253, 0.4569154, 0.0 ], [ 123.1190211, 0.4568972, 0.0 ], [ 123.11907808, 0.4568792, 0.0 ], [ 123.11909605, 0.45687016, 0.0 ], [ 123.119132, 0.45681587, 0.0 ], [ 123.11915126, 0.45677968, 0.0 ], [ 123.11916795, 0.45676159, 0.0 ], [ 123.11919491, 0.45674501, 0.0 ], [ 123.11921288, 0.4567254, 0.0 ], [ 123.11922722, 0.45671067, 0.0 ], [ 123.11923984, 0.45669826, 0.0 ], [ 123.1192668, 0.45667111, 0.0 ], [ 123.11931174, 0.45664397, 0.0 ], [ 123.11933544, 0.45662782, 0.0 ], [ 123.11935667, 0.45661683, 0.0 ], [ 123.11936566, 0.45661683, 0.0 ], [ 123.11942857, 0.45662587, 0.0 ], [ 123.11946991, 0.45663315, 0.0 ], [ 123.1194987, 0.45662605, 0.0 ], [ 123.11952743, 0.45661682, 0.0 ], [ 123.11955004, 0.45661151, 0.0 ], [ 123.11957257, 0.45660723, 0.0 ], [ 123.1196173, 0.45659873, 0.0 ], [ 123.11965324, 0.45658968, 0.0 ], [ 123.11969818, 0.45657557, 0.0 ], [ 123.11979704, 0.45654444, 0.0 ], [ 123.11985096, 0.45650825, 0.0 ], [ 123.11987792, 0.4564992, 0.0 ], [ 123.11991988, 0.45647662, 0.0 ], [ 123.1199588, 0.45645397, 0.0 ], [ 123.11997677, 0.45643587, 0.0 ], [ 123.12001272, 0.45641778, 0.0 ], [ 123.12006664, 0.45641778, 0.0 ], [ 123.12011158, 0.45641778, 0.0 ], [ 123.1201655, 0.45642682, 0.0 ], [ 123.12019246, 0.45643307, 0.0 ], [ 123.12021007, 0.45644695, 0.0 ], [ 123.12021942, 0.45647206, 0.0 ], [ 123.12022757, 0.4564811, 0.0 ], [ 123.12027335, 0.45651729, 0.0 ], [ 123.12028233, 0.45652634, 0.0 ], [ 123.12030031, 0.45654443, 0.0 ], [ 123.12032696, 0.45659394, 0.0 ], [ 123.12035423, 0.45664395, 0.0 ], [ 123.12038119, 0.45668014, 0.0 ], [ 123.12043512, 0.45676157, 0.0 ], [ 123.12046208, 0.45677966, 0.0 ], [ 123.12047088, 0.45678143, 0.0 ], [ 123.12050701, 0.45678871, 0.0 ], [ 123.12059688, 0.45677061, 0.0 ], [ 123.12074067, 0.45677061, 0.0 ], [ 123.12076764, 0.45677061, 0.0 ], [ 123.1207946, 0.45677966, 0.0 ], [ 123.12083953, 0.4567887, 0.0 ], [ 123.12085751, 0.4567887, 0.0 ], [ 123.12088447, 0.45677965, 0.0 ], [ 123.12091143, 0.45677061, 0.0 ], [ 123.12096535, 0.45676156, 0.0 ], [ 123.12111813, 0.45670727, 0.0 ], [ 123.1211361, 0.45670727, 0.0 ], [ 123.12114861, 0.45670816, 0.0 ], [ 123.12118104, 0.45671301, 0.0 ], [ 123.12120907, 0.45671306, 0.0 ], [ 123.12124271, 0.45670776, 0.0 ], [ 123.12126544, 0.45670182, 0.0 ], [ 123.12129787, 0.45669822, 0.0 ], [ 123.1213692, 0.45665334, 0.0 ], [ 123.12136976, 0.45665298, 0.0 ], [ 123.12145065, 0.45660653, 0.0 ], [ 123.12147761, 0.4565806, 0.0 ], [ 123.12154051, 0.45653537, 0.0 ], [ 123.1215495, 0.45652632, 0.0 ], [ 123.1215818, 0.45650555, 0.0 ], [ 123.1215911, 0.45649498, 0.0 ], [ 123.1216843, 0.45638156, 0.0 ], [ 123.12171127, 0.45635442, 0.0 ], [ 123.12178316, 0.4562549, 0.0 ], [ 123.12180113, 0.45621871, 0.0 ], [ 123.12181012, 0.45617347, 0.0 ], [ 123.12182691, 0.45608893, 0.0 ], [ 123.12182809, 0.456083, 0.0 ], [ 123.12183708, 0.45607395, 0.0 ], [ 123.12184607, 0.4560649, 0.0 ], [ 123.12185505, 0.45604681, 0.0 ], [ 123.12186404, 0.45599252, 0.0 ], [ 123.12186404, 0.45594729, 0.0 ], [ 123.12186404, 0.45592014, 0.0 ], [ 123.12186404, 0.45590205, 0.0 ], [ 123.12186404, 0.45585681, 0.0 ], [ 123.12187302, 0.45582967, 0.0 ], [ 123.12187302, 0.45575729, 0.0 ], [ 123.12187302, 0.4557392, 0.0 ], [ 123.12186403, 0.45566682, 0.0 ], [ 123.12185504, 0.45551302, 0.0 ], [ 123.12185504, 0.45545873, 0.0 ], [ 123.12184605, 0.45532302, 0.0 ], [ 123.12184605, 0.45528683, 0.0 ], [ 123.12184605, 0.45521446, 0.0 ], [ 123.12184605, 0.45516017, 0.0 ], [ 123.12184605, 0.45512398, 0.0 ], [ 123.12181909, 0.45500637, 0.0 ], [ 123.1218101, 0.45494304, 0.0 ], [ 123.1218005, 0.45490321, 0.0 ], [ 123.12179212, 0.45487066, 0.0 ], [ 123.12178531, 0.45476661, 0.0 ], [ 123.12178313, 0.45475305, 0.0 ], [ 123.12178313, 0.45473495, 0.0 ], [ 123.12178313, 0.4547259, 0.0 ], [ 123.12178362, 0.45468733, 0.0 ], [ 123.12177415, 0.45464448, 0.0 ], [ 123.12177414, 0.45456305, 0.0 ], [ 123.12177414, 0.45452686, 0.0 ], [ 123.12177414, 0.45450877, 0.0 ], [ 123.12176944, 0.45449402, 0.0 ], [ 123.12176516, 0.45448163, 0.0 ], [ 123.1217587, 0.4544749, 0.0 ], [ 123.12175025, 0.45446145, 0.0 ], [ 123.12173819, 0.45444544, 0.0 ], [ 123.12172022, 0.45442734, 0.0 ], [ 123.12167043, 0.45436967, 0.0 ], [ 123.1216277, 0.45432453, 0.0 ], [ 123.12160235, 0.45428025, 0.0 ], [ 123.12156744, 0.45421926, 0.0 ], [ 123.1215225, 0.45411974, 0.0 ], [ 123.12150453, 0.45408355, 0.0 ], [ 123.12148655, 0.45398403, 0.0 ], [ 123.12145959, 0.45392975, 0.0 ], [ 123.12145959, 0.45390261, 0.0 ], [ 123.12144161, 0.45383928, 0.0 ], [ 123.12143993, 0.45382236, 0.0 ], [ 123.12143262, 0.4537488, 0.0 ], [ 123.12141465, 0.45372166, 0.0 ], [ 123.12139667, 0.45361309, 0.0 ], [ 123.1213884, 0.45357476, 0.0 ], [ 123.1213787, 0.45354072, 0.0 ], [ 123.1213692, 0.45350724, 0.0 ], [ 123.12136072, 0.45347739, 0.0 ], [ 123.12135174, 0.45345929, 0.0 ], [ 123.12133316, 0.45340757, 0.0 ], [ 123.12132098, 0.45330476, 0.0 ], [ 123.12129921, 0.45323058, 0.0 ], [ 123.12128882, 0.45319692, 0.0 ], [ 123.12127085, 0.45315168, 0.0 ], [ 123.12124388, 0.45301598, 0.0 ], [ 123.12123981, 0.45295739, 0.0 ], [ 123.12124388, 0.45288027, 0.0 ], [ 123.12125287, 0.45285312, 0.0 ], [ 123.12127084, 0.45276265, 0.0 ], [ 123.12127983, 0.45272646, 0.0 ], [ 123.12127983, 0.45269027, 0.0 ], [ 123.12128881, 0.45265408, 0.0 ], [ 123.12128881, 0.45261789, 0.0 ], [ 123.12128778, 0.45260979, 0.0 ], [ 123.12128881, 0.45259075, 0.0 ], [ 123.12128465, 0.45255456, 0.0 ], [ 123.12126791, 0.45252301, 0.0 ], [ 123.12126098, 0.45246997, 0.0 ], [ 123.12125286, 0.45238267, 0.0 ], [ 123.12124663, 0.45233346, 0.0 ], [ 123.12124387, 0.45230124, 0.0 ], [ 123.12124387, 0.4522741, 0.0 ], [ 123.12124387, 0.45223791, 0.0 ], [ 123.12124387, 0.45221077, 0.0 ], [ 123.12129779, 0.45209315, 0.0 ], [ 123.12131577, 0.45207506, 0.0 ], [ 123.12133374, 0.45204791, 0.0 ], [ 123.12134273, 0.45202982, 0.0 ], [ 123.12134273, 0.45202077, 0.0 ], [ 123.1213692, 0.4519497, 0.0 ], [ 123.12136969, 0.45194839, 0.0 ], [ 123.12141462, 0.45182173, 0.0 ], [ 123.12142177, 0.45179459, 0.0 ], [ 123.1214236, 0.45176745, 0.0 ], [ 123.1214236, 0.45174031, 0.0 ], [ 123.12143259, 0.45171316, 0.0 ], [ 123.12143259, 0.45170412, 0.0 ], [ 123.12145955, 0.45165888, 0.0 ], [ 123.12146854, 0.45164078, 0.0 ], [ 123.12147752, 0.45163174, 0.0 ], [ 123.12150155, 0.45156723, 0.0 ], [ 123.12150448, 0.45155936, 0.0 ], [ 123.12154942, 0.45148698, 0.0 ], [ 123.12156739, 0.45144174, 0.0 ], [ 123.12160334, 0.45136032, 0.0 ], [ 123.12162131, 0.45131508, 0.0 ], [ 123.12165726, 0.4512427, 0.0 ], [ 123.12170219, 0.45114318, 0.0 ], [ 123.12172915, 0.45110699, 0.0 ], [ 123.12175611, 0.45105271, 0.0 ], [ 123.12174712, 0.45099842, 0.0 ], [ 123.12174712, 0.45097128, 0.0 ], [ 123.1217528, 0.45095784, 0.0 ], [ 123.12175611, 0.45094414, 0.0 ], [ 123.12178307, 0.45088985, 0.0 ], [ 123.12184598, 0.45084462, 0.0 ], [ 123.12187294, 0.45083557, 0.0 ], [ 123.12190889, 0.45080843, 0.0 ], [ 123.12196281, 0.45075414, 0.0 ], [ 123.12199876, 0.450727, 0.0 ], [ 123.12204369, 0.45068176, 0.0 ], [ 123.12208712, 0.45064517, 0.0 ], [ 123.1221066, 0.45062748, 0.0 ], [ 123.12212457, 0.45060938, 0.0 ], [ 123.12213356, 0.45059129, 0.0 ], [ 123.12214254, 0.4505551, 0.0 ], [ 123.12219647, 0.45050081, 0.0 ], [ 123.12224781, 0.45047476, 0.0 ], [ 123.12228633, 0.45045558, 0.0 ], [ 123.1223762, 0.45041939, 0.0 ], [ 123.12238519, 0.45041034, 0.0 ], [ 123.12245537, 0.45037778, 0.0 ], [ 123.12249303, 0.4503651, 0.0 ], [ 123.12250202, 0.4503651, 0.0 ], [ 123.12255975, 0.45035858, 0.0 ], [ 123.12260987, 0.45035605, 0.0 ], [ 123.12266636, 0.45035683, 0.0 ], [ 123.1227267, 0.45035937, 0.0 ], [ 123.12278062, 0.45035605, 0.0 ], [ 123.12282352, 0.450348, 0.0 ], [ 123.12289745, 0.45033795, 0.0 ], [ 123.12292768, 0.45032468, 0.0 ], [ 123.12295294, 0.45031461, 0.0 ], [ 123.12300529, 0.45030176, 0.0 ], [ 123.12303225, 0.45030176, 0.0 ], [ 123.12305023, 0.45030176, 0.0 ], [ 123.1230682, 0.45030176, 0.0 ], [ 123.12312212, 0.45029271, 0.0 ], [ 123.12319402, 0.45029271, 0.0 ], [ 123.12325693, 0.45029271, 0.0 ], [ 123.12331085, 0.45028366, 0.0 ], [ 123.12340971, 0.45028366, 0.0 ], [ 123.12347262, 0.4502927, 0.0 ], [ 123.12349958, 0.4502927, 0.0 ], [ 123.12360742, 0.4502927, 0.0 ], [ 123.12366398, 0.45029256, 0.0 ], [ 123.12367033, 0.4502927, 0.0 ], [ 123.12368142, 0.45029286, 0.0 ], [ 123.12369278, 0.4502936, 0.0 ], [ 123.123704, 0.45029316, 0.0 ], [ 123.12379615, 0.45031079, 0.0 ], [ 123.12394893, 0.45030174, 0.0 ], [ 123.12404778, 0.4502746, 0.0 ], [ 123.12406414, 0.45026636, 0.0 ], [ 123.12408373, 0.45025651, 0.0 ], [ 123.12415563, 0.45022031, 0.0 ], [ 123.12431739, 0.45014793, 0.0 ], [ 123.12439827, 0.45009365, 0.0 ], [ 123.12454206, 0.45001222, 0.0 ], [ 123.12455105, 0.45000317, 0.0 ], [ 123.12457801, 0.44997603, 0.0 ], [ 123.12464991, 0.4499127, 0.0 ], [ 123.12465889, 0.44990365, 0.0 ], [ 123.12466788, 0.4498946, 0.0 ], [ 123.12474876, 0.44983127, 0.0 ], [ 123.124821, 0.44975855, 0.0 ], [ 123.12484762, 0.44973175, 0.0 ], [ 123.12487458, 0.44969556, 0.0 ], [ 123.12494647, 0.44961413, 0.0 ], [ 123.12496246, 0.44959804, 0.0 ], [ 123.12497343, 0.44958699, 0.0 ], [ 123.1250633, 0.44947842, 0.0 ], [ 123.12510824, 0.4493789, 0.0 ], [ 123.12517114, 0.44928843, 0.0 ], [ 123.12524304, 0.44918891, 0.0 ], [ 123.12527898, 0.44915272, 0.0 ], [ 123.12534189, 0.44907129, 0.0 ], [ 123.12537784, 0.4490351, 0.0 ], [ 123.12543878, 0.44895347, 0.0 ], [ 123.12547669, 0.44889939, 0.0 ], [ 123.12552157, 0.44885421, 0.0 ], [ 123.12552163, 0.44885415, 0.0 ], [ 123.1256115, 0.44873653, 0.0 ], [ 123.12564744, 0.4486732, 0.0 ], [ 123.12566542, 0.44862797, 0.0 ], [ 123.12571035, 0.44857368, 0.0 ], [ 123.1257463, 0.4485194, 0.0 ], [ 123.12576427, 0.44844702, 0.0 ], [ 123.12578224, 0.44839273, 0.0 ], [ 123.12581819, 0.4483294, 0.0 ], [ 123.12583616, 0.44825702, 0.0 ], [ 123.12584515, 0.44822988, 0.0 ], [ 123.12585414, 0.44821179, 0.0 ], [ 123.12586077, 0.44819842, 0.0 ], [ 123.12586312, 0.44819369, 0.0 ], [ 123.12587211, 0.44818465, 0.0 ], [ 123.1258811, 0.44816655, 0.0 ], [ 123.12589907, 0.44812131, 0.0 ], [ 123.12590412, 0.44810322, 0.0 ], [ 123.12590806, 0.44808512, 0.0 ], [ 123.1259142, 0.44806864, 0.0 ], [ 123.12592603, 0.44803084, 0.0 ], [ 123.12593502, 0.44799465, 0.0 ], [ 123.12596467, 0.44794986, 0.0 ], [ 123.12597096, 0.44794037, 0.0 ], [ 123.12597995, 0.44792227, 0.0 ], [ 123.12601589, 0.44780466, 0.0 ], [ 123.12602488, 0.44779561, 0.0 ], [ 123.12608802, 0.44765399, 0.0 ], [ 123.12609678, 0.44763276, 0.0 ], [ 123.12610438, 0.44759035, 0.0 ], [ 123.12612373, 0.44750609, 0.0 ], [ 123.12612373, 0.44747895, 0.0 ], [ 123.12615069, 0.44739753, 0.0 ], [ 123.12615968, 0.44734324, 0.0 ], [ 123.12619563, 0.44727086, 0.0 ], [ 123.12620461, 0.44725277, 0.0 ], [ 123.12622259, 0.44722563, 0.0 ], [ 123.1262765, 0.44702659, 0.0 ], [ 123.12630346, 0.44693611, 0.0 ], [ 123.12638434, 0.44680945, 0.0 ], [ 123.12639333, 0.4468004, 0.0 ], [ 123.12640232, 0.44673707, 0.0 ], [ 123.12638876, 0.44666972, 0.0 ], [ 123.12638434, 0.4466466, 0.0 ], [ 123.12638434, 0.4466285, 0.0 ], [ 123.12640231, 0.44651994, 0.0 ], [ 123.1264113, 0.4464747, 0.0 ], [ 123.1264113, 0.44646565, 0.0 ], [ 123.12642029, 0.44637518, 0.0 ], [ 123.12643826, 0.4463028, 0.0 ], [ 123.12646522, 0.44616709, 0.0 ], [ 123.1264742, 0.44601329, 0.0 ], [ 123.12649217, 0.445959, 0.0 ], [ 123.12649217, 0.44589567, 0.0 ], [ 123.12649217, 0.44582329, 0.0 ], [ 123.12650637, 0.44569663, 0.0 ], [ 123.12651014, 0.44565139, 0.0 ], [ 123.12650198, 0.44556092, 0.0 ], [ 123.12649217, 0.44549759, 0.0 ], [ 123.12647419, 0.44542521, 0.0 ], [ 123.12645622, 0.44539807, 0.0 ], [ 123.12644723, 0.44537998, 0.0 ], [ 123.12642926, 0.44536188, 0.0 ], [ 123.12641847, 0.44532569, 0.0 ], [ 123.12640229, 0.44529855, 0.0 ], [ 123.12635736, 0.44518094, 0.0 ], [ 123.12632141, 0.44510856, 0.0 ], [ 123.12631242, 0.44509047, 0.0 ], [ 123.12630343, 0.44507237, 0.0 ], [ 123.12629444, 0.44503618, 0.0 ], [ 123.12627647, 0.44500904, 0.0 ], [ 123.1262585, 0.4449819, 0.0 ], [ 123.12621082, 0.44487962, 0.0 ], [ 123.12619447, 0.44484507, 0.0 ], [ 123.12615065, 0.44475572, 0.0 ], [ 123.12614166, 0.44472858, 0.0 ], [ 123.12608092, 0.44464421, 0.0 ], [ 123.12603381, 0.44459287, 0.0 ], [ 123.12599787, 0.44455668, 0.0 ], [ 123.12595293, 0.44451145, 0.0 ], [ 123.12593496, 0.4444843, 0.0 ], [ 123.12588103, 0.44444812, 0.0 ], [ 123.12580015, 0.44443002, 0.0 ], [ 123.12572825, 0.44435765, 0.0 ], [ 123.12571916, 0.44433514, 0.0 ], [ 123.12569954, 0.44430692, 0.0 ], [ 123.12568458, 0.44425395, 0.0 ], [ 123.12567433, 0.44422194, 0.0 ], [ 123.12566534, 0.4441767, 0.0 ], [ 123.12566534, 0.44414956, 0.0 ], [ 123.12565635, 0.44413147, 0.0 ], [ 123.12565635, 0.44411337, 0.0 ], [ 123.12564221, 0.44404856, 0.0 ], [ 123.12563838, 0.44403195, 0.0 ], [ 123.12563599, 0.44400998, 0.0 ], [ 123.1256204, 0.44395957, 0.0 ], [ 123.1256043, 0.4439155, 0.0 ], [ 123.12557547, 0.44386909, 0.0 ], [ 123.1255485, 0.44378767, 0.0 ], [ 123.12553952, 0.44376958, 0.0 ], [ 123.12551255, 0.44371529, 0.0 ], [ 123.1254766, 0.44354339, 0.0 ], [ 123.1254766, 0.44353435, 0.0 ], [ 123.12551255, 0.44341673, 0.0 ], [ 123.12556414, 0.44330816, 0.0 ], [ 123.12558875, 0.44324463, 0.0 ], [ 123.12560899, 0.44312407, 0.0 ], [ 123.12563423, 0.44306979, 0.0 ], [ 123.12565633, 0.44303674, 0.0 ], [ 123.12568329, 0.44296436, 0.0 ], [ 123.12573721, 0.44288294, 0.0 ], [ 123.12575519, 0.4428558, 0.0 ], [ 123.12579338, 0.44278058, 0.0 ], [ 123.12580911, 0.44274723, 0.0 ], [ 123.12586077, 0.44269364, 0.0 ], [ 123.12592739, 0.44262456, 0.0 ], [ 123.12597087, 0.44259342, 0.0 ], [ 123.12599783, 0.44257533, 0.0 ], [ 123.12604277, 0.44253914, 0.0 ], [ 123.1260656, 0.44252381, 0.0 ], [ 123.12609669, 0.44250295, 0.0 ], [ 123.12616678, 0.44243238, 0.0 ], [ 123.12616858, 0.44243057, 0.0 ], [ 123.12617757, 0.44241247, 0.0 ], [ 123.12625845, 0.44233104, 0.0 ], [ 123.12631237, 0.44223152, 0.0 ], [ 123.12631491, 0.4422058, 0.0 ], [ 123.12632136, 0.44215915, 0.0 ], [ 123.12633933, 0.44212296, 0.0 ], [ 123.12634832, 0.44210486, 0.0 ], [ 123.12637528, 0.44206867, 0.0 ], [ 123.12645616, 0.44199629, 0.0 ], [ 123.12647413, 0.44198724, 0.0 ], [ 123.12651008, 0.44196915, 0.0 ], [ 123.12653704, 0.44195105, 0.0 ], [ 123.12655502, 0.44193296, 0.0 ], [ 123.12657299, 0.44191486, 0.0 ], [ 123.12661792, 0.44188772, 0.0 ], [ 123.12667184, 0.44186058, 0.0 ], [ 123.12672577, 0.44182439, 0.0 ], [ 123.12675909, 0.44181097, 0.0 ], [ 123.1267707, 0.44180629, 0.0 ], [ 123.12686956, 0.4417882, 0.0 ], [ 123.12698639, 0.44174296, 0.0 ], [ 123.12706727, 0.44173391, 0.0 ], [ 123.12713916, 0.44172486, 0.0 ], [ 123.12714815, 0.44172486, 0.0 ], [ 123.12727397, 0.44170676, 0.0 ], [ 123.12731277, 0.44170883, 0.0 ], [ 123.12737417, 0.44170297, 0.0 ], [ 123.12743574, 0.44169771, 0.0 ], [ 123.12750763, 0.44171581, 0.0 ], [ 123.12751365, 0.44171942, 0.0 ], [ 123.12751662, 0.44172075, 0.0 ], [ 123.12754358, 0.44172934, 0.0 ], [ 123.12757953, 0.4417339, 0.0 ], [ 123.12760903, 0.44173929, 0.0 ], [ 123.12764244, 0.44174295, 0.0 ], [ 123.12771433, 0.44177009, 0.0 ], [ 123.12775028, 0.44177913, 0.0 ], [ 123.12778623, 0.44178231, 0.0 ], [ 123.12781319, 0.44178818, 0.0 ], [ 123.12783117, 0.44179723, 0.0 ], [ 123.12789407, 0.44182437, 0.0 ], [ 123.12800192, 0.44184246, 0.0 ], [ 123.12802586, 0.44184859, 0.0 ], [ 123.12805584, 0.44185151, 0.0 ], [ 123.12812774, 0.44186055, 0.0 ], [ 123.1281547, 0.44186471, 0.0 ], [ 123.12820862, 0.4418696, 0.0 ], [ 123.12824457, 0.4418696, 0.0 ], [ 123.1282895, 0.4418696, 0.0 ], [ 123.12834343, 0.4418771, 0.0 ], [ 123.12837039, 0.44187864, 0.0 ], [ 123.12839735, 0.44187864, 0.0 ], [ 123.12847823, 0.44188, 0.0 ], [ 123.12851418, 0.44187864, 0.0 ], [ 123.12853215, 0.44187864, 0.0 ], [ 123.12858503, 0.44188175, 0.0 ], [ 123.12867594, 0.44190578, 0.0 ], [ 123.12872987, 0.44192532, 0.0 ], [ 123.12874677, 0.44192849, 0.0 ], [ 123.12882872, 0.44194197, 0.0 ], [ 123.12886467, 0.44196006, 0.0 ], [ 123.12889163, 0.44196911, 0.0 ], [ 123.12901745, 0.4419872, 0.0 ], [ 123.12911631, 0.44199625, 0.0 ], [ 123.1291253, 0.44199624, 0.0 ], [ 123.1291882, 0.44199624, 0.0 ], [ 123.12921517, 0.44199624, 0.0 ], [ 123.12924213, 0.44199624, 0.0 ], [ 123.12926509, 0.44200445, 0.0 ], [ 123.12930504, 0.44203243, 0.0 ], [ 123.12935123, 0.44206499, 0.0 ], [ 123.12938592, 0.44209576, 0.0 ], [ 123.12945404, 0.44212753, 0.0 ], [ 123.12950436, 0.442151, 0.0 ], [ 123.12957465, 0.44215909, 0.0 ], [ 123.12967825, 0.44216344, 0.0 ], [ 123.12970065, 0.44216481, 0.0 ], [ 123.12972743, 0.44216813, 0.0 ], [ 123.12976163, 0.44217519, 0.0 ], [ 123.12977236, 0.44217718, 0.0 ], [ 123.12982076, 0.44218851, 0.0 ], [ 123.12983527, 0.44219527, 0.0 ], [ 123.12987654, 0.44223716, 0.0 ], [ 123.12994065, 0.44228063, 0.0 ], [ 123.12994783, 0.44228384, 0.0 ], [ 123.12996781, 0.44228487, 0.0 ], [ 123.13000464, 0.44228393, 0.0 ], [ 123.13005995, 0.44228574, 0.0 ], [ 123.13013538, 0.44228545, 0.0 ], [ 123.13018577, 0.44228574, 0.0 ], [ 123.13023969, 0.44228574, 0.0 ], [ 123.13031053, 0.44227077, 0.0 ], [ 123.13035235, 0.44225689, 0.0 ], [ 123.13037449, 0.44224955, 0.0 ], [ 123.13042841, 0.44223145, 0.0 ], [ 123.13046436, 0.4422224, 0.0 ], [ 123.13056322, 0.44217717, 0.0 ], [ 123.13059018, 0.44216812, 0.0 ], [ 123.1306441, 0.44215907, 0.0 ], [ 123.13066076, 0.44215444, 0.0 ], [ 123.13068415, 0.44213919, 0.0 ], [ 123.13071117, 0.44211844, 0.0 ], [ 123.13073814, 0.44209963, 0.0 ], [ 123.13076992, 0.44208669, 0.0 ], [ 123.13079688, 0.44206859, 0.0 ], [ 123.13084181, 0.44204145, 0.0 ], [ 123.13095864, 0.44197812, 0.0 ], [ 123.1309856, 0.44196002, 0.0 ], [ 123.13109344, 0.4418786, 0.0 ], [ 123.13117433, 0.44182431, 0.0 ], [ 123.1311923, 0.44180622, 0.0 ], [ 123.13123723, 0.44176098, 0.0 ], [ 123.13125521, 0.44171574, 0.0 ], [ 123.13129115, 0.44167051, 0.0 ], [ 123.1313271, 0.44164336, 0.0 ], [ 123.13134028, 0.44161947, 0.0 ], [ 123.13137204, 0.44156194, 0.0 ], [ 123.13139001, 0.44153479, 0.0 ], [ 123.13141697, 0.44150765, 0.0 ], [ 123.13144393, 0.44146242, 0.0 ], [ 123.13145292, 0.44145337, 0.0 ], [ 123.13149785, 0.44138099, 0.0 ], [ 123.1315338, 0.44133575, 0.0 ], [ 123.13154278, 0.44131766, 0.0 ], [ 123.13161468, 0.44121814, 0.0 ], [ 123.13163265, 0.44120909, 0.0 ], [ 123.1316686, 0.44114576, 0.0 ], [ 123.13172252, 0.44107338, 0.0 ], [ 123.13177644, 0.44099195, 0.0 ], [ 123.13182137, 0.44091957, 0.0 ], [ 123.13189327, 0.44082005, 0.0 ], [ 123.13191124, 0.44076577, 0.0 ], [ 123.13194719, 0.44073862, 0.0 ], [ 123.13200111, 0.44064815, 0.0 ], [ 123.13202807, 0.44056672, 0.0 ], [ 123.13203705, 0.44053053, 0.0 ], [ 123.132073, 0.44044006, 0.0 ], [ 123.13208199, 0.44042196, 0.0 ], [ 123.13213591, 0.4402953, 0.0 ], [ 123.13214898, 0.44024265, 0.0 ], [ 123.13215388, 0.44022292, 0.0 ], [ 123.1321626, 0.4401415, 0.0 ], [ 123.13219881, 0.44006007, 0.0 ], [ 123.13221679, 0.44002388, 0.0 ], [ 123.13223476, 0.43999674, 0.0 ], [ 123.13223476, 0.43997865, 0.0 ], [ 123.1322707, 0.43987913, 0.0 ], [ 123.13229766, 0.43976151, 0.0 ], [ 123.13227969, 0.43977961, 0.0 ], [ 123.13229766, 0.43970723, 0.0 ], [ 123.13231564, 0.43966199, 0.0 ], [ 123.13232462, 0.43960771, 0.0 ], [ 123.13234259, 0.43954437, 0.0 ], [ 123.13236955, 0.43943581, 0.0 ], [ 123.1324055, 0.43938152, 0.0 ], [ 123.13241449, 0.43937248, 0.0 ], [ 123.13241449, 0.43936343, 0.0 ], [ 123.13245942, 0.43929105, 0.0 ], [ 123.13246841, 0.43925486, 0.0 ], [ 123.13247739, 0.43924581, 0.0 ], [ 123.13250435, 0.43919153, 0.0 ], [ 123.13252233, 0.43915534, 0.0 ], [ 123.13253023, 0.43910364, 0.0 ], [ 123.1325403, 0.43903772, 0.0 ], [ 123.13254929, 0.43902868, 0.0 ], [ 123.13261219, 0.4389382, 0.0 ], [ 123.13262118, 0.43891106, 0.0 ], [ 123.13262118, 0.43890644, 0.0 ], [ 123.13262118, 0.43890201, 0.0 ], [ 123.1326032, 0.4387844, 0.0 ], [ 123.13262118, 0.43871202, 0.0 ], [ 123.13263016, 0.43863964, 0.0 ], [ 123.13265712, 0.43855822, 0.0 ], [ 123.13263915, 0.43843155, 0.0 ], [ 123.13263016, 0.43839536, 0.0 ], [ 123.13262523, 0.43838805, 0.0 ], [ 123.13262117, 0.43836822, 0.0 ], [ 123.13262009, 0.43835952, 0.0 ], [ 123.13261867, 0.4383481, 0.0 ], [ 123.13261735, 0.4383375, 0.0 ], [ 123.13261587, 0.43832553, 0.0 ], [ 123.13261441, 0.43831378, 0.0 ], [ 123.13261311, 0.43830332, 0.0 ], [ 123.13261218, 0.43829584, 0.0 ], [ 123.13260918, 0.43828781, 0.0 ], [ 123.13260661, 0.43827993, 0.0 ], [ 123.13260964, 0.43827382, 0.0 ], [ 123.13261218, 0.4382687, 0.0 ], [ 123.13260954, 0.43825542, 0.0 ], [ 123.13260595, 0.43823735, 0.0 ], [ 123.13260319, 0.43822347, 0.0 ], [ 123.1326002, 0.43820938, 0.0 ], [ 123.13259651, 0.43819205, 0.0 ], [ 123.13259343, 0.43817761, 0.0 ], [ 123.13259063, 0.43816445, 0.0 ], [ 123.13258447, 0.43813551, 0.0 ], [ 123.13258097, 0.43811906, 0.0 ], [ 123.13257818, 0.43810598, 0.0 ], [ 123.13258121, 0.43809179, 0.0 ], [ 123.13258346, 0.43807892, 0.0 ], [ 123.13257947, 0.43805884, 0.0 ], [ 123.13257588, 0.43804077, 0.0 ], [ 123.13257129, 0.43801764, 0.0 ], [ 123.1325682, 0.4380021, 0.0 ], [ 123.13256814, 0.43800182, 0.0 ], [ 123.13256724, 0.43799158, 0.0 ], [ 123.13256724, 0.43797991, 0.0 ], [ 123.13256724, 0.43797014, 0.0 ], [ 123.13257093, 0.43796086, 0.0 ], [ 123.13257706, 0.43794543, 0.0 ], [ 123.13258204, 0.4379329, 0.0 ], [ 123.13258308, 0.43791845, 0.0 ], [ 123.13257903, 0.43790624, 0.0 ], [ 123.13257623, 0.43789776, 0.0 ], [ 123.13256796, 0.43787834, 0.0 ], [ 123.13255684, 0.43785223, 0.0 ], [ 123.13255186, 0.43784054, 0.0 ], [ 123.13254502, 0.43782161, 0.0 ], [ 123.13254028, 0.43780729, 0.0 ], [ 123.13253926, 0.43779709, 0.0 ], [ 123.13253469, 0.43775108, 0.0 ], [ 123.13253129, 0.43771682, 0.0 ], [ 123.13253066, 0.43770204, 0.0 ], [ 123.13252539, 0.43765432, 0.0 ], [ 123.13252368, 0.43763882, 0.0 ], [ 123.1325223, 0.43762635, 0.0 ], [ 123.1325223, 0.43760469, 0.0 ], [ 123.1325223, 0.43758554, 0.0 ], [ 123.1325223, 0.43756998, 0.0 ], [ 123.1325223, 0.43755651, 0.0 ], [ 123.13251257, 0.43754006, 0.0 ], [ 123.13250553, 0.4375212, 0.0 ], [ 123.13249746, 0.4375039, 0.0 ], [ 123.13249964, 0.43748965, 0.0 ], [ 123.1325014, 0.43747809, 0.0 ], [ 123.13250482, 0.43745572, 0.0 ], [ 123.1325073, 0.43743949, 0.0 ], [ 123.13251027, 0.43742008, 0.0 ], [ 123.13251331, 0.43740017, 0.0 ], [ 123.13251331, 0.43739194, 0.0 ], [ 123.13251331, 0.43736382, 0.0 ], [ 123.13251331, 0.43735493, 0.0 ], [ 123.13250802, 0.43733362, 0.0 ], [ 123.13250344, 0.43731431, 0.0 ], [ 123.13250052, 0.43729963, 0.0 ], [ 123.13250067, 0.43727824, 0.0 ], [ 123.1325039, 0.43726624, 0.0 ], [ 123.13250645, 0.43725525, 0.0 ], [ 123.13250758, 0.43724563, 0.0 ], [ 123.13250888, 0.43723447, 0.0 ], [ 123.13251101, 0.43721629, 0.0 ], [ 123.13251315, 0.43719796, 0.0 ], [ 123.13251167, 0.4371774, 0.0 ], [ 123.13251065, 0.43716287, 0.0 ], [ 123.13251331, 0.43714684, 0.0 ], [ 123.13250691, 0.43712953, 0.0 ], [ 123.13250572, 0.43710589, 0.0 ], [ 123.13250432, 0.43708644, 0.0 ], [ 123.13250432, 0.43707208, 0.0 ], [ 123.13250432, 0.43705532, 0.0 ], [ 123.13250432, 0.43703946, 0.0 ], [ 123.13250431, 0.43695628, 0.0 ], [ 123.13250431, 0.43694102, 0.0 ], [ 123.13250431, 0.43692971, 0.0 ], [ 123.13249954, 0.43691368, 0.0 ], [ 123.13249487, 0.43689801, 0.0 ], [ 123.13248967, 0.43688057, 0.0 ], [ 123.13248145, 0.43685299, 0.0 ], [ 123.13247817, 0.43684198, 0.0 ], [ 123.13247454, 0.43683358, 0.0 ], [ 123.13246539, 0.43681515, 0.0 ], [ 123.13245891, 0.4368021, 0.0 ], [ 123.13245314, 0.43679049, 0.0 ], [ 123.13244179, 0.43676763, 0.0 ], [ 123.13243513, 0.43675423, 0.0 ], [ 123.13243014, 0.43674417, 0.0 ], [ 123.13242343, 0.43673067, 0.0 ], [ 123.13242343, 0.43672162, 0.0 ], [ 123.13241927, 0.43671265, 0.0 ], [ 123.13241472, 0.43670284, 0.0 ], [ 123.13240859, 0.43668962, 0.0 ], [ 123.1324029, 0.43667734, 0.0 ], [ 123.13238211, 0.43663249, 0.0 ], [ 123.13237237, 0.43661149, 0.0 ], [ 123.13236759, 0.43660117, 0.0 ], [ 123.13236364, 0.43658495, 0.0 ], [ 123.13236052, 0.43657088, 0.0 ], [ 123.13236052, 0.43655502, 0.0 ], [ 123.13236052, 0.43653348, 0.0 ], [ 123.13236052, 0.43650894, 0.0 ], [ 123.13236051, 0.436488, 0.0 ], [ 123.13236051, 0.43646795, 0.0 ], [ 123.13236051, 0.43645419, 0.0 ], [ 123.13236051, 0.43641678, 0.0 ], [ 123.13236051, 0.43639195, 0.0 ], [ 123.13236096, 0.43638178, 0.0 ], [ 123.13235813, 0.43636461, 0.0 ], [ 123.13235534, 0.43634921, 0.0 ], [ 123.13234968, 0.43631785, 0.0 ], [ 123.13234607, 0.43629789, 0.0 ], [ 123.1323464, 0.43628064, 0.0 ], [ 123.13235152, 0.43626021, 0.0 ], [ 123.13235152, 0.43624234, 0.0 ], [ 123.13235152, 0.43622678, 0.0 ], [ 123.13235152, 0.43617585, 0.0 ], [ 123.13235152, 0.43614713, 0.0 ], [ 123.13235152, 0.4361245, 0.0 ], [ 123.13234777, 0.43610182, 0.0 ], [ 123.13234253, 0.43607022, 0.0 ], [ 123.13233755, 0.43605516, 0.0 ], [ 123.13233477, 0.43604676, 0.0 ], [ 123.13233355, 0.43602971, 0.0 ], [ 123.13233355, 0.43602002, 0.0 ], [ 123.13233355, 0.43600689, 0.0 ], [ 123.13233197, 0.43599582, 0.0 ], [ 123.13232637, 0.43595631, 0.0 ], [ 123.13232424, 0.43593976, 0.0 ], [ 123.13232291, 0.43592369, 0.0 ], [ 123.13232123, 0.43590339, 0.0 ], [ 123.13231927, 0.43587974, 0.0 ], [ 123.13231645, 0.43584563, 0.0 ], [ 123.13231422, 0.43582415, 0.0 ], [ 123.13231122, 0.43579993, 0.0 ], [ 123.1323085, 0.4357781, 0.0 ], [ 123.13230658, 0.43575611, 0.0 ], [ 123.13230658, 0.43574452, 0.0 ], [ 123.13231228, 0.43573304, 0.0 ], [ 123.13231557, 0.43572642, 0.0 ], [ 123.13232952, 0.43570769, 0.0 ], [ 123.13233804, 0.43569626, 0.0 ], [ 123.13235005, 0.43568266, 0.0 ], [ 123.13236949, 0.43566309, 0.0 ], [ 123.13237644, 0.43565609, 0.0 ], [ 123.13237847, 0.43563833, 0.0 ], [ 123.13237847, 0.43562756, 0.0 ], [ 123.13237847, 0.43561104, 0.0 ], [ 123.13237847, 0.43559976, 0.0 ], [ 123.13238262, 0.43558932, 0.0 ], [ 123.13238909, 0.43557304, 0.0 ], [ 123.1323928, 0.43556369, 0.0 ], [ 123.13239645, 0.43555144, 0.0 ], [ 123.13239645, 0.43554138, 0.0 ], [ 123.13239645, 0.43552738, 0.0 ], [ 123.13239782, 0.43550725, 0.0 ], [ 123.13240264, 0.43546844, 0.0 ], [ 123.13240594, 0.43544036, 0.0 ], [ 123.13240722, 0.43542612, 0.0 ], [ 123.13240941, 0.43540193, 0.0 ], [ 123.13241153, 0.43537846, 0.0 ], [ 123.1324128, 0.43536438, 0.0 ], [ 123.13241442, 0.43534643, 0.0 ], [ 123.13242224, 0.43533226, 0.0 ], [ 123.13242794, 0.43532192, 0.0 ], [ 123.13243588, 0.43530753, 0.0 ], [ 123.13244406, 0.43529272, 0.0 ], [ 123.13245473, 0.43527339, 0.0 ], [ 123.13246011, 0.43526194, 0.0 ], [ 123.13246397, 0.4352464, 0.0 ], [ 123.13246834, 0.43522882, 0.0 ], [ 123.13246834, 0.43521715, 0.0 ], [ 123.13246834, 0.43520168, 0.0 ], [ 123.13246413, 0.43519321, 0.0 ], [ 123.13245935, 0.43518358, 0.0 ], [ 123.13245569, 0.43516699, 0.0 ], [ 123.13245093, 0.43514543, 0.0 ], [ 123.13244738, 0.43512935, 0.0 ], [ 123.13244304, 0.43510969, 0.0 ], [ 123.13244119, 0.43509578, 0.0 ], [ 123.13244028, 0.43508517, 0.0 ], [ 123.13244723, 0.43507817, 0.0 ], [ 123.13244933, 0.43505764, 0.0 ], [ 123.13244781, 0.4350454, 0.0 ], [ 123.13244534, 0.43502551, 0.0 ], [ 123.13244301, 0.43500678, 0.0 ], [ 123.13244137, 0.43499359, 0.0 ], [ 123.13244319, 0.43496985, 0.0 ], [ 123.13244451, 0.43495255, 0.0 ], [ 123.13244632, 0.43492886, 0.0 ], [ 123.1324481, 0.43490552, 0.0 ], [ 123.13244903, 0.4348933, 0.0 ], [ 123.13245106, 0.43487171, 0.0 ], [ 123.13245315, 0.43485907, 0.0 ], [ 123.13245567, 0.43484388, 0.0 ], [ 123.13245746, 0.43483305, 0.0 ], [ 123.13245032, 0.43481416, 0.0 ], [ 123.13244475, 0.43480674, 0.0 ], [ 123.13243238, 0.4347855, 0.0 ], [ 123.13242841, 0.4347655, 0.0 ], [ 123.13242339, 0.43474027, 0.0 ], [ 123.13242054, 0.4347202, 0.0 ], [ 123.13241786, 0.43470129, 0.0 ], [ 123.13241978, 0.43468717, 0.0 ], [ 123.13242339, 0.43467693, 0.0 ], [ 123.13242339, 0.43464588, 0.0 ], [ 123.13242339, 0.434629, 0.0 ], [ 123.13242339, 0.4346136, 0.0 ], [ 123.13243018, 0.43459994, 0.0 ], [ 123.13243238, 0.43458555, 0.0 ], [ 123.13243238, 0.43456837, 0.0 ], [ 123.13243664, 0.4345512, 0.0 ], [ 123.13244161, 0.43453117, 0.0 ], [ 123.13244839, 0.43450388, 0.0 ], [ 123.13245035, 0.43448694, 0.0 ], [ 123.13245266, 0.43446837, 0.0 ], [ 123.1324571, 0.43443257, 0.0 ], [ 123.13245934, 0.43441456, 0.0 ], [ 123.13246044, 0.43440638, 0.0 ], [ 123.13246832, 0.43438591, 0.0 ], [ 123.13246832, 0.43438473, 0.0 ], [ 123.13246832, 0.43437837, 0.0 ], [ 123.13247356, 0.4343652, 0.0 ], [ 123.13248253, 0.4343426, 0.0 ], [ 123.1324863, 0.43433314, 0.0 ], [ 123.13249075, 0.43432667, 0.0 ], [ 123.13249349, 0.43431685, 0.0 ], [ 123.13251899, 0.43429118, 0.0 ], [ 123.13253254, 0.43427753, 0.0 ], [ 123.13255269, 0.43425724, 0.0 ], [ 123.13256718, 0.43424266, 0.0 ], [ 123.13257202, 0.43422802, 0.0 ], [ 123.13257616, 0.43421552, 0.0 ], [ 123.13258325, 0.43420696, 0.0 ], [ 123.13259439, 0.4341935, 0.0 ], [ 123.13260319, 0.43418287, 0.0 ], [ 123.13261073, 0.43417376, 0.0 ], [ 123.13261273, 0.43416185, 0.0 ], [ 123.13261737, 0.43415324, 0.0 ], [ 123.1326211, 0.43414314, 0.0 ], [ 123.1326211, 0.43413409, 0.0 ], [ 123.1326211, 0.43412505, 0.0 ], [ 123.1326211, 0.434116, 0.0 ], [ 123.13250897, 0.43400425, 0.0 ], [ 123.13249005, 0.43394364, 0.0 ], [ 123.13253094, 0.43388664, 0.0 ], [ 123.13257183, 0.43383915, 0.0 ], [ 123.13261272, 0.43378848, 0.0 ], [ 123.13266934, 0.43373781, 0.0 ], [ 123.13271023, 0.43369348, 0.0 ], [ 123.1327637, 0.43365548, 0.0 ], [ 123.1328329, 0.43361115, 0.0 ], [ 123.1329021, 0.43356365, 0.0 ], [ 123.13295243, 0.43353515, 0.0 ], [ 123.13302163, 0.43350348, 0.0 ], [ 123.1330473, 0.43349379, 0.0 ], [ 123.1330828, 0.43348039, 0.0 ], [ 123.13309712, 0.43347498, 0.0 ], [ 123.13322922, 0.43342748, 0.0 ], [ 123.13328584, 0.43340532, 0.0 ], [ 123.13334246, 0.43338315, 0.0 ], [ 123.1334148, 0.43335148, 0.0 ], [ 123.13346828, 0.43331982, 0.0 ], [ 123.13352489, 0.43328182, 0.0 ], [ 123.13359724, 0.43323432, 0.0 ], [ 123.13366014, 0.43318682, 0.0 ], [ 123.13370733, 0.43314248, 0.0 ], [ 123.13374822, 0.43310448, 0.0 ], [ 123.13379225, 0.43304749, 0.0 ], [ 123.13383943, 0.43297466, 0.0 ], [ 123.13388661, 0.43289866, 0.0 ], [ 123.13393694, 0.43280366, 0.0 ], [ 123.13394561, 0.43278825, 0.0 ], [ 123.13399041, 0.43270866, 0.0 ], [ 123.13403444, 0.43262316, 0.0 ], [ 123.13405542, 0.43257604, 0.0 ], [ 123.13407533, 0.43253133, 0.0 ], [ 123.13427467, 0.43255079, 0.0 ], [ 123.13427806, 0.43253209, 0.0 ], [ 123.13428366, 0.43252365, 0.0 ], [ 123.13429391, 0.43251333, 0.0 ], [ 123.1343055, 0.43250166, 0.0 ], [ 123.13432036, 0.4324867, 0.0 ], [ 123.13432859, 0.43247841, 0.0 ], [ 123.13434469, 0.43245897, 0.0 ], [ 123.13435346, 0.43244837, 0.0 ], [ 123.13436225, 0.43243775, 0.0 ], [ 123.13437136, 0.43242674, 0.0 ], [ 123.13437902, 0.43241583, 0.0 ], [ 123.1343915, 0.43239698, 0.0 ], [ 123.13440231, 0.43238248, 0.0 ], [ 123.13441268, 0.43236855, 0.0 ], [ 123.13441903, 0.43235878, 0.0 ], [ 123.13442571, 0.43233526, 0.0 ], [ 123.1344317, 0.43231416, 0.0 ], [ 123.13443515, 0.43230199, 0.0 ], [ 123.13444037, 0.43228689, 0.0 ], [ 123.13444934, 0.43226282, 0.0 ], [ 123.13445664, 0.43224321, 0.0 ], [ 123.13446339, 0.43222508, 0.0 ], [ 123.13447206, 0.43220327, 0.0 ], [ 123.13448733, 0.43216483, 0.0 ], [ 123.13449285, 0.43215095, 0.0 ], [ 123.13449658, 0.43214157, 0.0 ], [ 123.13450426, 0.43212965, 0.0 ], [ 123.13451378, 0.43212008, 0.0 ], [ 123.13452611, 0.43210766, 0.0 ], [ 123.13453529, 0.43209842, 0.0 ], [ 123.13454763, 0.43209428, 0.0 ], [ 123.134561, 0.43208979, 0.0 ], [ 123.13456769, 0.43208115, 0.0 ], [ 123.13457729, 0.43206665, 0.0 ], [ 123.13458675, 0.43205346, 0.0 ], [ 123.13459756, 0.43203896, 0.0 ], [ 123.13460516, 0.43202876, 0.0 ], [ 123.13460917, 0.43202238, 0.0 ], [ 123.13465509, 0.43193762, 0.0 ], [ 123.13468985, 0.43186863, 0.0 ], [ 123.13469705, 0.43185414, 0.0 ], [ 123.13470101, 0.43184218, 0.0 ], [ 123.13470618, 0.43182656, 0.0 ], [ 123.13472178, 0.43177943, 0.0 ], [ 123.13472453, 0.43176957, 0.0 ], [ 123.13472768, 0.4317505, 0.0 ], [ 123.13473028, 0.43173483, 0.0 ], [ 123.13473238, 0.43172217, 0.0 ], [ 123.13474147, 0.43171502, 0.0 ], [ 123.13475474, 0.43170967, 0.0 ], [ 123.13477042, 0.43170336, 0.0 ], [ 123.13477908, 0.4316934, 0.0 ], [ 123.1347824, 0.43167331, 0.0 ], [ 123.13478594, 0.43165196, 0.0 ], [ 123.13478691, 0.43164605, 0.0 ], [ 123.13478691, 0.43163701, 0.0 ], [ 123.13479127, 0.43162824, 0.0 ], [ 123.13479602, 0.43161866, 0.0 ], [ 123.13480435, 0.43160191, 0.0 ], [ 123.13481077, 0.43158898, 0.0 ], [ 123.13481387, 0.43158272, 0.0 ], [ 123.13482791, 0.43156859, 0.0 ], [ 123.13484393, 0.43155246, 0.0 ], [ 123.13484753, 0.43154884, 0.0 ], [ 123.1348563, 0.43154001, 0.0 ], [ 123.13486904, 0.43152217, 0.0 ], [ 123.13487306, 0.43150192, 0.0 ], [ 123.13487524, 0.43149098, 0.0 ], [ 123.13487878, 0.43147958, 0.0 ], [ 123.13488718, 0.43146436, 0.0 ], [ 123.13489546, 0.43144934, 0.0 ], [ 123.13490438, 0.43143319, 0.0 ], [ 123.1349134, 0.43141685, 0.0 ], [ 123.13491881, 0.43140704, 0.0 ], [ 123.13492429, 0.43139983, 0.0 ], [ 123.13494212, 0.43138636, 0.0 ], [ 123.1349522, 0.43137875, 0.0 ], [ 123.1349587, 0.43137097, 0.0 ], [ 123.13496409, 0.43135197, 0.0 ], [ 123.13496873, 0.43133564, 0.0 ], [ 123.13497256, 0.43132213, 0.0 ], [ 123.13497816, 0.43130241, 0.0 ], [ 123.13498288, 0.43128577, 0.0 ], [ 123.13498712, 0.43127083, 0.0 ], [ 123.13498955, 0.43126226, 0.0 ], [ 123.13498484, 0.43125141, 0.0 ], [ 123.13498114, 0.43124563, 0.0 ], [ 123.13497078, 0.43123868, 0.0 ], [ 123.1349629, 0.43123339, 0.0 ], [ 123.1349572, 0.43122209, 0.0 ], [ 123.13495766, 0.43121178, 0.0 ], [ 123.13496434, 0.43120892, 0.0 ], [ 123.13497712, 0.43120273, 0.0 ], [ 123.13498633, 0.43120273, 0.0 ], [ 123.13499647, 0.43119697, 0.0 ], [ 123.13500122, 0.43118739, 0.0 ], [ 123.13500259, 0.43118139, 0.0 ], [ 123.13500259, 0.43116823, 0.0 ], [ 123.13500259, 0.4311575, 0.0 ], [ 123.13500613, 0.43115037, 0.0 ], [ 123.13500887, 0.43114486, 0.0 ], [ 123.13501158, 0.4311394, 0.0 ], [ 123.1350143, 0.43112569, 0.0 ], [ 123.13501779, 0.43110814, 0.0 ], [ 123.13502057, 0.43109416, 0.0 ], [ 123.13502495, 0.43108312, 0.0 ], [ 123.13503143, 0.43106682, 0.0 ], [ 123.13503594, 0.43105547, 0.0 ], [ 123.13504189, 0.43104302, 0.0 ], [ 123.13505146, 0.43102616, 0.0 ], [ 123.13505945, 0.43101208, 0.0 ], [ 123.13506565, 0.43100116, 0.0 ], [ 123.13507191, 0.43099014, 0.0 ], [ 123.13507448, 0.4309856, 0.0 ], [ 123.13507818, 0.43097444, 0.0 ], [ 123.13508347, 0.43095845, 0.0 ], [ 123.13509024, 0.43094709, 0.0 ], [ 123.13509853, 0.43093319, 0.0 ], [ 123.13510613, 0.43092043, 0.0 ], [ 123.13511462, 0.430909, 0.0 ], [ 123.13511942, 0.43090417, 0.0 ], [ 123.13512871, 0.43088547, 0.0 ], [ 123.13513412, 0.43087458, 0.0 ], [ 123.13514464, 0.43085339, 0.0 ], [ 123.13517334, 0.4307956, 0.0 ], [ 123.13518421, 0.43077006, 0.0 ], [ 123.13518536, 0.43076736, 0.0 ], [ 123.13519276, 0.43074998, 0.0 ], [ 123.1352003, 0.43073227, 0.0 ], [ 123.13521044, 0.43071865, 0.0 ], [ 123.13522507, 0.43069903, 0.0 ], [ 123.13523944, 0.43067891, 0.0 ], [ 123.13524697, 0.4306683, 0.0 ], [ 123.13525958, 0.43065052, 0.0 ], [ 123.13526938, 0.43063671, 0.0 ], [ 123.13527842, 0.4306238, 0.0 ], [ 123.13528854, 0.43060924, 0.0 ], [ 123.13531989, 0.43056415, 0.0 ], [ 123.13533257, 0.43054592, 0.0 ], [ 123.13535016, 0.43051953, 0.0 ], [ 123.13536006, 0.43050283, 0.0 ], [ 123.13537043, 0.43048456, 0.0 ], [ 123.13538084, 0.43046622, 0.0 ], [ 123.13538902, 0.4304518, 0.0 ], [ 123.13539375, 0.4304375, 0.0 ], [ 123.13539801, 0.43042466, 0.0 ], [ 123.13540606, 0.43041581, 0.0 ], [ 123.13544974, 0.43036785, 0.0 ], [ 123.13548467, 0.43032947, 0.0 ], [ 123.13549686, 0.43031609, 0.0 ], [ 123.13552763, 0.43027737, 0.0 ], [ 123.13556054, 0.43023595, 0.0 ], [ 123.13556876, 0.43022562, 0.0 ], [ 123.13558673, 0.43020752, 0.0 ], [ 123.13559401, 0.43019897, 0.0 ], [ 123.13561476, 0.4301746, 0.0 ], [ 123.13562592, 0.43016149, 0.0 ], [ 123.1356344, 0.43015154, 0.0 ], [ 123.13564065, 0.43014419, 0.0 ], [ 123.1356432, 0.43013354, 0.0 ], [ 123.13565249, 0.43012769, 0.0 ], [ 123.13566436, 0.43012022, 0.0 ], [ 123.13567846, 0.43011135, 0.0 ], [ 123.13570994, 0.43009155, 0.0 ], [ 123.13571844, 0.43008505, 0.0 ], [ 123.13574224, 0.43006544, 0.0 ], [ 123.13575954, 0.4300512, 0.0 ], [ 123.13579569, 0.43002141, 0.0 ], [ 123.1358114, 0.43000848, 0.0 ], [ 123.13581975, 0.43000007, 0.0 ], [ 123.13583342, 0.42998631, 0.0 ], [ 123.13584427, 0.42997539, 0.0 ], [ 123.13585428, 0.4299673, 0.0 ], [ 123.13586837, 0.42995717, 0.0 ], [ 123.13588273, 0.42994684, 0.0 ], [ 123.13590331, 0.42993204, 0.0 ], [ 123.13591026, 0.42992705, 0.0 ], [ 123.13592108, 0.42992705, 0.0 ], [ 123.13593114, 0.42992588, 0.0 ], [ 123.1359605, 0.42991405, 0.0 ], [ 123.13596681, 0.42991151, 0.0 ], [ 123.13597693, 0.42990422, 0.0 ], [ 123.13598731, 0.42989115, 0.0 ], [ 123.13599723, 0.42987867, 0.0 ], [ 123.13600361, 0.42987064, 0.0 ], [ 123.13601192, 0.42986301, 0.0 ], [ 123.13601319, 0.42986185, 0.0 ], [ 123.13602152, 0.42985804, 0.0 ], [ 123.13604118, 0.42984904, 0.0 ], [ 123.13606198, 0.42983952, 0.0 ], [ 123.13609432, 0.42982472, 0.0 ], [ 123.13612612, 0.42980934, 0.0 ], [ 123.13616107, 0.42979175, 0.0 ], [ 123.13616856, 0.42978798, 0.0 ], [ 123.13617664, 0.42978391, 0.0 ], [ 123.13618799, 0.42978229, 0.0 ], [ 123.13619784, 0.42978229, 0.0 ], [ 123.13620706, 0.42977648, 0.0 ], [ 123.13622191, 0.42976714, 0.0 ], [ 123.13623995, 0.42975579, 0.0 ], [ 123.13626265, 0.4297415, 0.0 ], [ 123.13627998, 0.42973116, 0.0 ], [ 123.13629608, 0.42972189, 0.0 ], [ 123.13631631, 0.42971025, 0.0 ], [ 123.1363256, 0.42969873, 0.0 ], [ 123.13632682, 0.42968914, 0.0 ], [ 123.1363256, 0.42967569, 0.0 ], [ 123.13631936, 0.42966342, 0.0 ], [ 123.13631639, 0.42965415, 0.0 ], [ 123.13631787, 0.42964457, 0.0 ], [ 123.13632857, 0.42963949, 0.0 ], [ 123.13633928, 0.42963979, 0.0 ], [ 123.13635061, 0.42964657, 0.0 ], [ 123.13636381, 0.42965322, 0.0 ], [ 123.13637774, 0.42965654, 0.0 ], [ 123.13639987, 0.42965877, 0.0 ], [ 123.13641664, 0.42966046, 0.0 ], [ 123.13644527, 0.42966334, 0.0 ], [ 123.1364541, 0.42966423, 0.0 ], [ 123.13646997, 0.42966351, 0.0 ], [ 123.13649493, 0.429661, 0.0 ], [ 123.13650894, 0.42965958, 0.0 ], [ 123.13652283, 0.42965819, 0.0 ], [ 123.13653834, 0.42965662, 0.0 ], [ 123.13655179, 0.42965562, 0.0 ], [ 123.13656041, 0.42965562, 0.0 ], [ 123.13657169, 0.42964802, 0.0 ], [ 123.13657599, 0.42964196, 0.0 ], [ 123.13658308, 0.42963197, 0.0 ], [ 123.13658993, 0.42962232, 0.0 ], [ 123.1365993, 0.4296091, 0.0 ], [ 123.13660659, 0.42959883, 0.0 ], [ 123.13661495, 0.42959041, 0.0 ], [ 123.1366247, 0.42958551, 0.0 ], [ 123.13663754, 0.42957904, 0.0 ], [ 123.13665181, 0.42957186, 0.0 ], [ 123.13666608, 0.42956468, 0.0 ], [ 123.13667832, 0.42955852, 0.0 ], [ 123.13668647, 0.42955274, 0.0 ], [ 123.13669212, 0.42954705, 0.0 ], [ 123.13671207, 0.42954035, 0.0 ], [ 123.13673454, 0.42953281, 0.0 ], [ 123.13676619, 0.42952219, 0.0 ], [ 123.13677954, 0.42951698, 0.0 ], [ 123.13681286, 0.42950207, 0.0 ], [ 123.13683682, 0.42949135, 0.0 ], [ 123.13685388, 0.42948371, 0.0 ], [ 123.13687185, 0.42947467, 0.0 ], [ 123.13689655, 0.4294611, 0.0 ], [ 123.13691404, 0.4294515, 0.0 ], [ 123.13692887, 0.42944336, 0.0 ], [ 123.1369416, 0.42943637, 0.0 ], [ 123.1369494, 0.42943208, 0.0 ], [ 123.13696296, 0.42942464, 0.0 ], [ 123.13697325, 0.42942038, 0.0 ], [ 123.13698395, 0.42942038, 0.0 ], [ 123.13699941, 0.42941805, 0.0 ], [ 123.1370033, 0.42941283, 0.0 ], [ 123.1370125, 0.42940048, 0.0 ], [ 123.13702266, 0.42938683, 0.0 ], [ 123.13703121, 0.42938419, 0.0 ], [ 123.13704162, 0.42938419, 0.0 ], [ 123.13705159, 0.42938419, 0.0 ], [ 123.13706195, 0.42938072, 0.0 ], [ 123.13706799, 0.42936805, 0.0 ], [ 123.13706896, 0.4293594, 0.0 ], [ 123.13707282, 0.42935222, 0.0 ], [ 123.13708075, 0.42934575, 0.0 ], [ 123.13709001, 0.42934388, 0.0 ], [ 123.13709944, 0.42934199, 0.0 ], [ 123.13710704, 0.42934045, 0.0 ], [ 123.13711592, 0.42933277, 0.0 ], [ 123.13712467, 0.42932871, 0.0 ], [ 123.13713247, 0.42932086, 0.0 ], [ 123.13714601, 0.42931178, 0.0 ], [ 123.13715479, 0.42930588, 0.0 ], [ 123.13716187, 0.42929785, 0.0 ], [ 123.13716639, 0.42928876, 0.0 ], [ 123.13717208, 0.42928024, 0.0 ], [ 123.13718017, 0.42927047, 0.0 ], [ 123.1371897, 0.42925897, 0.0 ], [ 123.13719683, 0.42925034, 0.0 ], [ 123.13720651, 0.42923866, 0.0 ], [ 123.13721335, 0.42923038, 0.0 ], [ 123.13722967, 0.42920574, 0.0 ], [ 123.13723937, 0.4291911, 0.0 ], [ 123.1372493, 0.4291761, 0.0 ], [ 123.13725443, 0.42916448, 0.0 ], [ 123.13726033, 0.42915112, 0.0 ], [ 123.13726639, 0.42913738, 0.0 ], [ 123.1372736, 0.42912106, 0.0 ], [ 123.13727906, 0.4291087, 0.0 ], [ 123.13728317, 0.42909937, 0.0 ], [ 123.13728525, 0.4290892, 0.0 ], [ 123.13728525, 0.42908382, 0.0 ], [ 123.13728525, 0.42907394, 0.0 ], [ 123.13728525, 0.42906526, 0.0 ], [ 123.13727969, 0.42906078, 0.0 ], [ 123.13727077, 0.4290512, 0.0 ], [ 123.13726483, 0.42904821, 0.0 ], [ 123.13725603, 0.42904378, 0.0 ], [ 123.13725413, 0.42903594, 0.0 ], [ 123.1372574, 0.42903325, 0.0 ], [ 123.13726451, 0.42903065, 0.0 ], [ 123.13727626, 0.42903134, 0.0 ], [ 123.13728507, 0.42902424, 0.0 ], [ 123.13729461, 0.42901657, 0.0 ], [ 123.13730429, 0.42900877, 0.0 ], [ 123.1373169, 0.42899861, 0.0 ], [ 123.13732718, 0.42899214, 0.0 ], [ 123.13734064, 0.42898239, 0.0 ], [ 123.13734525, 0.42897078, 0.0 ], [ 123.13735036, 0.42895794, 0.0 ], [ 123.13735464, 0.42894715, 0.0 ], [ 123.13735714, 0.4289357, 0.0 ], [ 123.13735714, 0.42892732, 0.0 ], [ 123.13735714, 0.42890309, 0.0 ], [ 123.13735714, 0.42889022, 0.0 ], [ 123.13735972, 0.42887878, 0.0 ], [ 123.13736335, 0.42886783, 0.0 ], [ 123.13736864, 0.42885185, 0.0 ], [ 123.13737366, 0.42883668, 0.0 ], [ 123.13737866, 0.4288216, 0.0 ], [ 123.13738237, 0.42881038, 0.0 ], [ 123.13738253, 0.42879412, 0.0 ], [ 123.13738119, 0.42878466, 0.0 ], [ 123.13737933, 0.42877159, 0.0 ], [ 123.13737807, 0.42876266, 0.0 ], [ 123.13737255, 0.42872375, 0.0 ], [ 123.13736971, 0.42870377, 0.0 ], [ 123.13736781, 0.42869036, 0.0 ], [ 123.13736452, 0.42867364, 0.0 ], [ 123.1373589, 0.42865668, 0.0 ], [ 123.13735417, 0.4286424, 0.0 ], [ 123.13734815, 0.42862421, 0.0 ], [ 123.1373387, 0.42859949, 0.0 ], [ 123.13733267, 0.42858369, 0.0 ], [ 123.13732568, 0.42856541, 0.0 ], [ 123.1373211, 0.42855342, 0.0 ], [ 123.13730548, 0.42851253, 0.0 ], [ 123.13730321, 0.42850423, 0.0 ], [ 123.13730321, 0.42849555, 0.0 ], [ 123.13730321, 0.42848508, 0.0 ], [ 123.13730321, 0.42847041, 0.0 ], [ 123.1373073, 0.42846218, 0.0 ], [ 123.1373122, 0.42845232, 0.0 ], [ 123.13731727, 0.42844721, 0.0 ], [ 123.13731772, 0.42844229, 0.0 ], [ 123.13732118, 0.42842912, 0.0 ], [ 123.13732118, 0.42841955, 0.0 ], [ 123.13732118, 0.42841147, 0.0 ], [ 123.13731507, 0.42840216, 0.0 ], [ 123.13730815, 0.42839658, 0.0 ], [ 123.13729949, 0.42838961, 0.0 ], [ 123.13728984, 0.42838184, 0.0 ], [ 123.13727988, 0.42837381, 0.0 ], [ 123.13727409, 0.42836655, 0.0 ], [ 123.13726963, 0.42835758, 0.0 ], [ 123.13726469, 0.42835107, 0.0 ], [ 123.13725762, 0.42834633, 0.0 ], [ 123.13724925, 0.42834071, 0.0 ], [ 123.13724312, 0.42833038, 0.0 ], [ 123.13723513, 0.4283191, 0.0 ], [ 123.13723231, 0.42831057, 0.0 ], [ 123.13722838, 0.42829722, 0.0 ], [ 123.13721567, 0.42825244, 0.0 ], [ 123.13720867, 0.42823013, 0.0 ], [ 123.1372032, 0.42821361, 0.0 ], [ 123.13719889, 0.4282006, 0.0 ], [ 123.13719536, 0.42818995, 0.0 ], [ 123.13719615, 0.42817449, 0.0 ], [ 123.13719322, 0.42816496, 0.0 ], [ 123.13719402, 0.42815606, 0.0 ], [ 123.13719241, 0.42814795, 0.0 ], [ 123.13719004, 0.42813604, 0.0 ], [ 123.13718637, 0.42811757, 0.0 ], [ 123.13718384, 0.42810479, 0.0 ], [ 123.13717975, 0.42808425, 0.0 ], [ 123.13717823, 0.4280766, 0.0 ], [ 123.13717739, 0.42806228, 0.0 ], [ 123.13717739, 0.42805091, 0.0 ], [ 123.13717473, 0.42803985, 0.0 ], [ 123.13717009, 0.42803051, 0.0 ], [ 123.13716308, 0.42801639, 0.0 ], [ 123.13714908, 0.42799167, 0.0 ], [ 123.13714113, 0.42797834, 0.0 ], [ 123.1371346, 0.42796738, 0.0 ], [ 123.13713245, 0.42795576, 0.0 ], [ 123.13713245, 0.42794409, 0.0 ], [ 123.13712719, 0.42791016, 0.0 ], [ 123.13711962, 0.42787206, 0.0 ], [ 123.1371158, 0.42785284, 0.0 ], [ 123.13711532, 0.42784188, 0.0 ], [ 123.13711759, 0.42783049, 0.0 ], [ 123.13711915, 0.4278226, 0.0 ], [ 123.13712074, 0.4278146, 0.0 ], [ 123.13712179, 0.42780931, 0.0 ], [ 123.13712125, 0.4277969, 0.0 ], [ 123.1371178, 0.42779065, 0.0 ], [ 123.13711226, 0.42778062, 0.0 ], [ 123.13710735, 0.42777173, 0.0 ], [ 123.13710188, 0.42776182, 0.0 ], [ 123.1370919, 0.42774373, 0.0 ], [ 123.13708698, 0.42773481, 0.0 ], [ 123.13708012, 0.42772239, 0.0 ], [ 123.13707852, 0.4277077, 0.0 ], [ 123.13707852, 0.42769603, 0.0 ], [ 123.13707852, 0.4276833, 0.0 ], [ 123.13708313, 0.42766938, 0.0 ], [ 123.13708751, 0.42765295, 0.0 ], [ 123.13708832, 0.42763979, 0.0 ], [ 123.13708949, 0.42762912, 0.0 ], [ 123.13709507, 0.42757864, 0.0 ], [ 123.13710221, 0.42751964, 0.0 ], [ 123.13710548, 0.42749331, 0.0 ], [ 123.13710548, 0.42742943, 0.0 ], [ 123.13710548, 0.42739861, 0.0 ], [ 123.13710548, 0.42738395, 0.0 ], [ 123.13710548, 0.42736958, 0.0 ], [ 123.13710548, 0.4273621, 0.0 ], [ 123.13710785, 0.42735521, 0.0 ], [ 123.13710964, 0.42734894, 0.0 ], [ 123.13711029, 0.42733456, 0.0 ], [ 123.13710616, 0.4273207, 0.0 ], [ 123.13710205, 0.42730691, 0.0 ], [ 123.13709903, 0.42729676, 0.0 ], [ 123.13709387, 0.42727946, 0.0 ], [ 123.13709062, 0.42726854, 0.0 ], [ 123.1370875, 0.42725031, 0.0 ], [ 123.1370875, 0.42721836, 0.0 ], [ 123.1370875, 0.42719897, 0.0 ], [ 123.13708572, 0.42718577, 0.0 ], [ 123.13708314, 0.42717279, 0.0 ], [ 123.13708038, 0.42715891, 0.0 ], [ 123.13707978, 0.42714611, 0.0 ], [ 123.13708341, 0.42713635, 0.0 ], [ 123.13708784, 0.42712447, 0.0 ], [ 123.13709338, 0.4271096, 0.0 ], [ 123.1370985, 0.42709586, 0.0 ], [ 123.13710547, 0.42707713, 0.0 ], [ 123.13710829, 0.42706296, 0.0 ], [ 123.13711232, 0.42704266, 0.0 ], [ 123.13711446, 0.42702626, 0.0 ], [ 123.13711446, 0.4270138, 0.0 ], [ 123.13711729, 0.42700334, 0.0 ], [ 123.13712184, 0.42698654, 0.0 ], [ 123.13712784, 0.42696442, 0.0 ], [ 123.13713185, 0.42694959, 0.0 ], [ 123.1371361, 0.42693392, 0.0 ], [ 123.1371396, 0.42692097, 0.0 ], [ 123.13714142, 0.42690992, 0.0 ], [ 123.13714142, 0.42689556, 0.0 ], [ 123.13714142, 0.42688227, 0.0 ], [ 123.13714142, 0.42687366, 0.0 ], [ 123.13713485, 0.42686574, 0.0 ], [ 123.13712344, 0.42686, 0.0 ], [ 123.13711754, 0.42685534, 0.0 ], [ 123.13710791, 0.42684565, 0.0 ], [ 123.13710791, 0.42684062, 0.0 ], [ 123.13711112, 0.42683286, 0.0 ], [ 123.13711963, 0.42683112, 0.0 ], [ 123.13713257, 0.42682678, 0.0 ], [ 123.13714142, 0.42682381, 0.0 ], [ 123.13714872, 0.4268091, 0.0 ], [ 123.13715457, 0.42679732, 0.0 ], [ 123.13716135, 0.42678368, 0.0 ], [ 123.13716838, 0.42676952, 0.0 ], [ 123.13717675, 0.42675265, 0.0 ], [ 123.13718132, 0.42674346, 0.0 ], [ 123.13718635, 0.42673333, 0.0 ], [ 123.13718635, 0.42672429, 0.0 ], [ 123.13719097, 0.42671731, 0.0 ], [ 123.13719624, 0.42670936, 0.0 ], [ 123.13720304, 0.42669908, 0.0 ], [ 123.13721094, 0.42668715, 0.0 ], [ 123.13721764, 0.42667704, 0.0 ], [ 123.1372223, 0.42667, 0.0 ], [ 123.13723243, 0.42664552, 0.0 ], [ 123.13724215, 0.42662203, 0.0 ], [ 123.13725101, 0.42660062, 0.0 ], [ 123.13725992, 0.4265791, 0.0 ], [ 123.13726723, 0.42656144, 0.0 ], [ 123.13727143, 0.42654452, 0.0 ], [ 123.1372746, 0.42653177, 0.0 ], [ 123.1372801, 0.42651742, 0.0 ], [ 123.1372887, 0.42650128, 0.0 ], [ 123.13729761, 0.42648634, 0.0 ], [ 123.1373067, 0.42647108, 0.0 ], [ 123.13731216, 0.42646191, 0.0 ], [ 123.1373212, 0.42643006, 0.0 ], [ 123.13732808, 0.42640582, 0.0 ], [ 123.1373347, 0.42639053, 0.0 ], [ 123.13734379, 0.42637452, 0.0 ], [ 123.13735402, 0.4263565, 0.0 ], [ 123.13736608, 0.42633525, 0.0 ], [ 123.13737507, 0.42631716, 0.0 ], [ 123.13738347, 0.4263087, 0.0 ], [ 123.13739631, 0.42629577, 0.0 ], [ 123.1374043, 0.42628602, 0.0 ], [ 123.13742684, 0.4262463, 0.0 ], [ 123.1374305, 0.42623985, 0.0 ], [ 123.13743989, 0.42621705, 0.0 ], [ 123.13744218, 0.42620552, 0.0 ], [ 123.13744502, 0.42619122, 0.0 ], [ 123.13744965, 0.42617783, 0.0 ], [ 123.13746262, 0.42616042, 0.0 ], [ 123.1374776, 0.42614031, 0.0 ], [ 123.13748954, 0.42612429, 0.0 ], [ 123.13749661, 0.42611481, 0.0 ], [ 123.13750088, 0.42610907, 0.0 ], [ 123.13750596, 0.42609543, 0.0 ], [ 123.13751332, 0.42607567, 0.0 ], [ 123.1375186, 0.42606151, 0.0 ], [ 123.13752563, 0.42604262, 0.0 ], [ 123.13753887, 0.42602633, 0.0 ], [ 123.13754222, 0.42602221, 0.0 ], [ 123.13755185, 0.42601251, 0.0 ], [ 123.13756487, 0.42599941, 0.0 ], [ 123.1375758, 0.42598637, 0.0 ], [ 123.13758449, 0.4259718, 0.0 ], [ 123.13759374, 0.42595627, 0.0 ], [ 123.13760382, 0.425938, 0.0 ], [ 123.13761102, 0.42592349, 0.0 ], [ 123.13762279, 0.42589979, 0.0 ], [ 123.1376267, 0.42589193, 0.0 ], [ 123.13763687, 0.42588339, 0.0 ], [ 123.13764624, 0.42587553, 0.0 ], [ 123.13765666, 0.42586679, 0.0 ], [ 123.13766859, 0.42585678, 0.0 ], [ 123.13768062, 0.42584669, 0.0 ], [ 123.13768399, 0.4258382, 0.0 ], [ 123.13768827, 0.42582743, 0.0 ], [ 123.13769307, 0.42581536, 0.0 ], [ 123.13769616, 0.42580756, 0.0 ], [ 123.1377061, 0.42579484, 0.0 ], [ 123.13771711, 0.42578514, 0.0 ], [ 123.13773519, 0.42576922, 0.0 ], [ 123.13774698, 0.42575883, 0.0 ], [ 123.13776612, 0.42574197, 0.0 ], [ 123.13777461, 0.42573189, 0.0 ], [ 123.13778455, 0.42571689, 0.0 ], [ 123.13779332, 0.42570446, 0.0 ], [ 123.13780239, 0.42569228, 0.0 ], [ 123.1378139, 0.42567682, 0.0 ], [ 123.13781542, 0.42566574, 0.0 ], [ 123.13781874, 0.42565426, 0.0 ], [ 123.1378273, 0.42564133, 0.0 ], [ 123.13783339, 0.4256386, 0.0 ], [ 123.13785269, 0.42562565, 0.0 ], [ 123.13786035, 0.42562051, 0.0 ], [ 123.13787202, 0.42560944, 0.0 ], [ 123.13788177, 0.42560207, 0.0 ], [ 123.13789222, 0.42559418, 0.0 ], [ 123.13789906, 0.42558901, 0.0 ], [ 123.13790529, 0.42557634, 0.0 ], [ 123.13790529, 0.42556018, 0.0 ], [ 123.13790529, 0.42553908, 0.0 ], [ 123.13790776, 0.42551166, 0.0 ], [ 123.13791033, 0.42548324, 0.0 ], [ 123.13791215, 0.42546304, 0.0 ], [ 123.13791427, 0.42543956, 0.0 ], [ 123.13791596, 0.42541915, 0.0 ], [ 123.13791758, 0.42539954, 0.0 ], [ 123.13791917, 0.42538034, 0.0 ], [ 123.13792036, 0.42536599, 0.0 ], [ 123.13792086, 0.42535989, 0.0 ], [ 123.1379224, 0.42534135, 0.0 ], [ 123.1379224, 0.42534129, 0.0 ], [ 123.13792282, 0.42533624, 0.0 ], [ 123.13792535, 0.42532678, 0.0 ], [ 123.1379282, 0.42532103, 0.0 ], [ 123.13792781, 0.4253025, 0.0 ], [ 123.13792532, 0.42529665, 0.0 ], [ 123.1379211, 0.42528673, 0.0 ], [ 123.13791652, 0.42527598, 0.0 ], [ 123.13790754, 0.42525487, 0.0 ], [ 123.13790528, 0.42524205, 0.0 ], [ 123.13790528, 0.42522243, 0.0 ], [ 123.13790901, 0.4252121, 0.0 ], [ 123.13791406, 0.42519812, 0.0 ], [ 123.13792489, 0.42516813, 0.0 ], [ 123.13794123, 0.42512291, 0.0 ], [ 123.1379527, 0.4250998, 0.0 ], [ 123.13796683, 0.42507136, 0.0 ], [ 123.13797717, 0.42505053, 0.0 ], [ 123.13798687, 0.4250375, 0.0 ], [ 123.13800185, 0.42501739, 0.0 ], [ 123.13801919, 0.42499539, 0.0 ], [ 123.13803408, 0.42497665, 0.0 ], [ 123.13804509, 0.42496154, 0.0 ], [ 123.13805507, 0.42494646, 0.0 ], [ 123.13806775, 0.42492732, 0.0 ], [ 123.13807603, 0.42491482, 0.0 ], [ 123.13808443, 0.42490918, 0.0 ], [ 123.13810299, 0.42489672, 0.0 ], [ 123.13811197, 0.42488767, 0.0 ], [ 123.13812764, 0.4248719, 0.0 ], [ 123.13814369, 0.42485574, 0.0 ], [ 123.13815279, 0.42484658, 0.0 ], [ 123.13815691, 0.42483339, 0.0 ], [ 123.13816244, 0.42482225, 0.0 ], [ 123.13817007, 0.42480688, 0.0 ], [ 123.13817692, 0.42479309, 0.0 ], [ 123.13818387, 0.4247791, 0.0 ], [ 123.1381966, 0.42476842, 0.0 ], [ 123.1382099, 0.42475727, 0.0 ], [ 123.13822905, 0.4247412, 0.0 ], [ 123.13824437, 0.4247289, 0.0 ], [ 123.13826663, 0.42471209, 0.0 ], [ 123.13827374, 0.42470672, 0.0 ], [ 123.13828521, 0.42469229, 0.0 ], [ 123.13830588, 0.42466628, 0.0 ], [ 123.13831431, 0.42465449, 0.0 ], [ 123.13831996, 0.42464596, 0.0 ], [ 123.13832766, 0.42463434, 0.0 ], [ 123.13834563, 0.4246253, 0.0 ], [ 123.13835473, 0.42461613, 0.0 ], [ 123.13836686, 0.42460392, 0.0 ], [ 123.13838158, 0.42458911, 0.0 ], [ 123.13839262, 0.42458355, 0.0 ], [ 123.13840931, 0.42457515, 0.0 ], [ 123.13841847, 0.42456975, 0.0 ], [ 123.13842566, 0.42456009, 0.0 ], [ 123.13843422, 0.4245486, 0.0 ], [ 123.13843719, 0.42454462, 0.0 ], [ 123.13844167, 0.42453861, 0.0 ], [ 123.13845263, 0.42452827, 0.0 ], [ 123.1384735, 0.42451145, 0.0 ], [ 123.13848942, 0.42449863, 0.0 ], [ 123.13851013, 0.42447778, 0.0 ], [ 123.1385203, 0.42446755, 0.0 ], [ 123.13852796, 0.42445722, 0.0 ], [ 123.13853452, 0.424444, 0.0 ], [ 123.13853803, 0.42443695, 0.0 ], [ 123.1385388, 0.42443539, 0.0 ], [ 123.13854144, 0.42443007, 0.0 ], [ 123.13853734, 0.42442021, 0.0 ], [ 123.13853435, 0.42441721, 0.0 ], [ 123.13853435, 0.42440721, 0.0 ], [ 123.13853063, 0.42439662, 0.0 ], [ 123.13852446, 0.42439247, 0.0 ], [ 123.13852021, 0.42437976, 0.0 ], [ 123.13852537, 0.42437197, 0.0 ], [ 123.13853435, 0.42437197, 0.0 ], [ 123.13869239, 0.42431465, 0.0 ], [ 123.1388066, 0.42427658, 0.0 ], [ 123.13890178, 0.42423613, 0.0 ], [ 123.13904217, 0.4241576, 0.0 ], [ 123.13915638, 0.42408146, 0.0 ], [ 123.13926346, 0.42400532, 0.0 ], [ 123.1393355, 0.42394489, 0.0 ], [ 123.13933722, 0.42394345, 0.0 ], [ 123.13940147, 0.42387207, 0.0 ], [ 123.13949426, 0.42380544, 0.0 ], [ 123.1395823, 0.4237293, 0.0 ], [ 123.13971318, 0.42363174, 0.0 ], [ 123.13981549, 0.42354846, 0.0 ], [ 123.13983024, 0.4235326, 0.0 ], [ 123.13991067, 0.42344614, 0.0 ], [ 123.14003202, 0.42331051, 0.0 ], [ 123.14011055, 0.42323675, 0.0 ], [ 123.140151, 0.42318202, 0.0 ], [ 123.1402319, 0.4231035, 0.0 ], [ 123.14030682, 0.42304901, 0.0 ], [ 123.14031042, 0.4230464, 0.0 ], [ 123.14037228, 0.42298929, 0.0 ], [ 123.14043415, 0.42289887, 0.0 ], [ 123.14049126, 0.42285366, 0.0 ], [ 123.1405674, 0.42280369, 0.0 ], [ 123.14064802, 0.42275585, 0.0 ], [ 123.1407634, 0.42272439, 0.0 ], [ 123.14080955, 0.42271848, 0.0 ], [ 123.14088392, 0.42270895, 0.0 ], [ 123.14094215, 0.42270149, 0.0 ], [ 123.14101238, 0.42269249, 0.0 ], [ 123.14107899, 0.42272041, 0.0 ], [ 123.14113213, 0.42272184, 0.0 ], [ 123.14116703, 0.42272279, 0.0 ], [ 123.14127886, 0.42274896, 0.0 ], [ 123.14134786, 0.42276324, 0.0 ], [ 123.14148111, 0.42278465, 0.0 ], [ 123.14169386, 0.42286166, 0.0 ], [ 123.141763, 0.42293912, 0.0 ], [ 123.14183245, 0.423039, 0.0 ], [ 123.14203045, 0.42321596, 0.0 ], [ 123.14209786, 0.42327622, 0.0 ], [ 123.14217972, 0.42339108, 0.0 ], [ 123.14224917, 0.42349096, 0.0 ], [ 123.14230789, 0.4235326, 0.0 ], [ 123.14235831, 0.42356837, 0.0 ], [ 123.1424637, 0.42358994, 0.0 ], [ 123.14245978, 0.42360311, 0.0 ], [ 123.14245539, 0.42361782, 0.0 ], [ 123.14245132, 0.42363148, 0.0 ], [ 123.14244639, 0.42364804, 0.0 ], [ 123.14244035, 0.42366051, 0.0 ], [ 123.14243461, 0.42367484, 0.0 ], [ 123.14243211, 0.42369076, 0.0 ], [ 123.14243461, 0.42370165, 0.0 ], [ 123.14244734, 0.42371349, 0.0 ], [ 123.14245266, 0.42372954, 0.0 ], [ 123.14247063, 0.42373859, 0.0 ], [ 123.14248217, 0.42373859, 0.0 ], [ 123.14249243, 0.42373705, 0.0 ], [ 123.14252227, 0.42372503, 0.0 ], [ 123.142549, 0.42371427, 0.0 ], [ 123.14257847, 0.4237024, 0.0 ], [ 123.14259012, 0.42369446, 0.0 ], [ 123.14259773, 0.42368489, 0.0 ], [ 123.14260832, 0.42367429, 0.0 ], [ 123.14262316, 0.42366931, 0.0 ], [ 123.1426446, 0.42366006, 0.0 ], [ 123.14266834, 0.42364811, 0.0 ], [ 123.14269226, 0.42363308, 0.0 ], [ 123.14270653, 0.42361872, 0.0 ], [ 123.14272226, 0.42360287, 0.0 ], [ 123.14272803, 0.42359057, 0.0 ], [ 123.14273485, 0.42357845, 0.0 ], [ 123.14273915, 0.42357137, 0.0 ], [ 123.14273625, 0.42355966, 0.0 ], [ 123.14273328, 0.42354772, 0.0 ], [ 123.14273125, 0.42353312, 0.0 ], [ 123.14273139, 0.4235326, 0.0 ], [ 123.14273573, 0.42351694, 0.0 ], [ 123.14274024, 0.4235124, 0.0 ], [ 123.14274695, 0.42349656, 0.0 ], [ 123.14275242, 0.42348204, 0.0 ], [ 123.14276265, 0.42347174, 0.0 ], [ 123.1427672, 0.42345812, 0.0 ], [ 123.1427672, 0.42344002, 0.0 ], [ 123.14276526, 0.42342641, 0.0 ], [ 123.14276293, 0.42340998, 0.0 ], [ 123.14276049, 0.42339276, 0.0 ], [ 123.14275456, 0.42334365, 0.0 ], [ 123.14275265, 0.42332631, 0.0 ], [ 123.142751, 0.42331144, 0.0 ], [ 123.14274922, 0.42329527, 0.0 ], [ 123.14274357, 0.42328958, 0.0 ], [ 123.1427485, 0.42326958, 0.0 ], [ 123.14275382, 0.42325885, 0.0 ], [ 123.14275821, 0.42325003, 0.0 ], [ 123.14276423, 0.42323492, 0.0 ], [ 123.14277618, 0.42322289, 0.0 ], [ 123.14278076, 0.42320444, 0.0 ], [ 123.14278517, 0.4231867, 0.0 ], [ 123.14278753, 0.42317239, 0.0 ], [ 123.1427918, 0.42314662, 0.0 ], [ 123.14279415, 0.42313241, 0.0 ], [ 123.14281212, 0.42311432, 0.0 ], [ 123.14282168, 0.4231015, 0.0 ], [ 123.14283269, 0.42308672, 0.0 ], [ 123.14284339, 0.4230738, 0.0 ], [ 123.14286041, 0.42306287, 0.0 ], [ 123.14287772, 0.42305416, 0.0 ], [ 123.14291997, 0.42303289, 0.0 ], [ 123.14292876, 0.42302846, 0.0 ], [ 123.14293794, 0.42302384, 0.0 ], [ 123.14294356, 0.42301253, 0.0 ], [ 123.14294693, 0.42298925, 0.0 ], [ 123.14294693, 0.42296915, 0.0 ], [ 123.1429536, 0.42295043, 0.0 ], [ 123.14295755, 0.42294446, 0.0 ], [ 123.14295982, 0.42294104, 0.0 ], [ 123.1429649, 0.42293337, 0.0 ], [ 123.14297389, 0.42293337, 0.0 ], [ 123.14298054, 0.42293337, 0.0 ], [ 123.14299625, 0.42292895, 0.0 ], [ 123.14300006, 0.42292512, 0.0 ], [ 123.14300983, 0.42291528, 0.0 ], [ 123.14301731, 0.42291151, 0.0 ], [ 123.14303118, 0.42290283, 0.0 ], [ 123.14303679, 0.42289718, 0.0 ], [ 123.1430587, 0.42288955, 0.0 ], [ 123.14307274, 0.42287909, 0.0 ], [ 123.14307911, 0.42286627, 0.0 ], [ 123.14308754, 0.42286099, 0.0 ], [ 123.14309895, 0.42286099, 0.0 ], [ 123.14311274, 0.42285568, 0.0 ], [ 123.14312902, 0.42284957, 0.0 ], [ 123.14313565, 0.4228429, 0.0 ], [ 123.14315602, 0.42283748, 0.0 ], [ 123.14316981, 0.42283461, 0.0 ], [ 123.14318552, 0.42282888, 0.0 ], [ 123.14319812, 0.42281619, 0.0 ], [ 123.14321166, 0.4228067, 0.0 ], [ 123.14322273, 0.42280904, 0.0 ], [ 123.14323315, 0.42281298, 0.0 ], [ 123.14325332, 0.42282059, 0.0 ], [ 123.14327031, 0.42282701, 0.0 ], [ 123.14328522, 0.42283263, 0.0 ], [ 123.14329889, 0.4228331, 0.0 ], [ 123.1433065, 0.42282927, 0.0 ], [ 123.14332552, 0.4228197, 0.0 ], [ 123.14333336, 0.42281575, 0.0 ], [ 123.14334235, 0.42281575, 0.0 ], [ 123.14335057, 0.42282403, 0.0 ], [ 123.14336572, 0.42283656, 0.0 ], [ 123.1433783, 0.42284289, 0.0 ], [ 123.14338729, 0.42284289, 0.0 ], [ 123.14340401, 0.4228457, 0.0 ], [ 123.14342252, 0.4228488, 0.0 ], [ 123.14344121, 0.42285194, 0.0 ], [ 123.14347274, 0.42285194, 0.0 ], [ 123.14348614, 0.42285194, 0.0 ], [ 123.1435035, 0.4228563, 0.0 ], [ 123.14352209, 0.42286098, 0.0 ], [ 123.14354905, 0.42286098, 0.0 ], [ 123.14355749, 0.4228622, 0.0 ], [ 123.14358645, 0.42286636, 0.0 ], [ 123.14360616, 0.42286919, 0.0 ], [ 123.14362095, 0.42287003, 0.0 ], [ 123.14363417, 0.42285842, 0.0 ], [ 123.14365543, 0.42284558, 0.0 ], [ 123.14366991, 0.42283683, 0.0 ], [ 123.14367969, 0.42283599, 0.0 ], [ 123.14369089, 0.42284101, 0.0 ], [ 123.14370329, 0.42284655, 0.0 ], [ 123.1437239, 0.42285577, 0.0 ], [ 123.14373833, 0.42286223, 0.0 ], [ 123.14374773, 0.42286643, 0.0 ], [ 123.14376482, 0.4228647, 0.0 ], [ 123.14378058, 0.42285544, 0.0 ], [ 123.14378812, 0.42285102, 0.0 ], [ 123.14380489, 0.42284117, 0.0 ], [ 123.14381816, 0.42283337, 0.0 ], [ 123.14383227, 0.42283077, 0.0 ], [ 123.14384653, 0.42283173, 0.0 ], [ 123.14385461, 0.42283939, 0.0 ], [ 123.14385461, 0.42285193, 0.0 ], [ 123.143862, 0.42285565, 0.0 ], [ 123.14386909, 0.42286449, 0.0 ], [ 123.14387745, 0.42287002, 0.0 ], [ 123.14388791, 0.42287002, 0.0 ], [ 123.14389504, 0.42287002, 0.0 ], [ 123.1439055, 0.42287002, 0.0 ], [ 123.14391121, 0.42287002, 0.0 ], [ 123.14392237, 0.42287328, 0.0 ], [ 123.14393335, 0.42288065, 0.0 ], [ 123.14394448, 0.42288812, 0.0 ], [ 123.1439629, 0.42289182, 0.0 ], [ 123.14398941, 0.42289716, 0.0 ], [ 123.14399967, 0.42289716, 0.0 ], [ 123.14401108, 0.42289716, 0.0 ], [ 123.14402368, 0.42289348, 0.0 ], [ 123.14403814, 0.42288621, 0.0 ], [ 123.14405055, 0.42288678, 0.0 ], [ 123.14406507, 0.42288933, 0.0 ], [ 123.1440736, 0.4228962, 0.0 ], [ 123.14409233, 0.42291129, 0.0 ], [ 123.14410166, 0.42291673, 0.0 ], [ 123.14411493, 0.42292119, 0.0 ], [ 123.14412422, 0.4229243, 0.0 ], [ 123.1441346, 0.42292169, 0.0 ], [ 123.14414657, 0.42291868, 0.0 ], [ 123.14416017, 0.42291525, 0.0 ], [ 123.14417134, 0.42291837, 0.0 ], [ 123.14418691, 0.42292159, 0.0 ], [ 123.14419807, 0.42292801, 0.0 ], [ 123.14421052, 0.42293517, 0.0 ], [ 123.14422307, 0.4229424, 0.0 ], [ 123.14423669, 0.42294514, 0.0 ], [ 123.14425608, 0.42294904, 0.0 ], [ 123.14426801, 0.42295144, 0.0 ], [ 123.14428134, 0.42294876, 0.0 ], [ 123.14429094, 0.42294682, 0.0 ], [ 123.14431294, 0.42294239, 0.0 ], [ 123.14432515, 0.4229459, 0.0 ], [ 123.14435009, 0.42295308, 0.0 ], [ 123.14436987, 0.42295877, 0.0 ], [ 123.14438484, 0.42296953, 0.0 ], [ 123.144401, 0.4229736, 0.0 ], [ 123.14442079, 0.42297858, 0.0 ], [ 123.14442978, 0.42296953, 0.0 ], [ 123.14445097, 0.42296049, 0.0 ], [ 123.14446572, 0.42296048, 0.0 ], [ 123.1444837, 0.42296048, 0.0 ], [ 123.14449758, 0.42296289, 0.0 ], [ 123.14452863, 0.42296048, 0.0 ], [ 123.14453735, 0.42295756, 0.0 ], [ 123.14455918, 0.42294783, 0.0 ], [ 123.14457249, 0.42293442, 0.0 ], [ 123.14458651, 0.42292938, 0.0 ], [ 123.14460718, 0.42292262, 0.0 ], [ 123.14462654, 0.42291775, 0.0 ], [ 123.14464546, 0.42291525, 0.0 ], [ 123.1446509, 0.42291798, 0.0 ], [ 123.14465451, 0.4229198, 0.0 ], [ 123.14465908, 0.4229221, 0.0 ], [ 123.14466001, 0.42292257, 0.0 ], [ 123.14466073, 0.42292236, 0.0 ], [ 123.14466137, 0.42292204, 0.0 ], [ 123.14466187, 0.42292031, 0.0 ], [ 123.14466244, 0.42291934, 0.0 ], [ 123.14466301, 0.42291759, 0.0 ], [ 123.14466344, 0.42291651, 0.0 ], [ 123.1446649, 0.4229164, 0.0 ], [ 123.14466587, 0.42291697, 0.0 ], [ 123.14466742, 0.42291725, 0.0 ], [ 123.14466942, 0.42291826, 0.0 ], [ 123.1446711, 0.42291911, 0.0 ], [ 123.14467333, 0.42292023, 0.0 ], [ 123.14467641, 0.42292178, 0.0 ], [ 123.14467996, 0.42292356, 0.0 ], [ 123.14468092, 0.42292405, 0.0 ], [ 123.14468227, 0.42292429, 0.0 ], [ 123.14468452, 0.42292429, 0.0 ], [ 123.1446883, 0.42292429, 0.0 ], [ 123.14469166, 0.42292429, 0.0 ], [ 123.14469696, 0.42292429, 0.0 ], [ 123.14469958, 0.42292429, 0.0 ], [ 123.14470262, 0.42292429, 0.0 ], [ 123.14470514, 0.42292429, 0.0 ], [ 123.1447069, 0.42292483, 0.0 ], [ 123.14470978, 0.42292571, 0.0 ], [ 123.14471159, 0.42292753, 0.0 ], [ 123.14471299, 0.42292894, 0.0 ], [ 123.14471458, 0.42293055, 0.0 ], [ 123.14471591, 0.42293189, 0.0 ], [ 123.14471706, 0.42293303, 0.0 ], [ 123.1447186, 0.42293334, 0.0 ], [ 123.14472036, 0.42293334, 0.0 ], [ 123.14472255, 0.42293334, 0.0 ], [ 123.1447264, 0.42293334, 0.0 ], [ 123.14473572, 0.42293334, 0.0 ], [ 123.14474908, 0.42293334, 0.0 ], [ 123.14475902, 0.42293334, 0.0 ], [ 123.14477495, 0.42293334, 0.0 ], [ 123.14477738, 0.42293392, 0.0 ], [ 123.14477881, 0.42293507, 0.0 ], [ 123.14477942, 0.42293675, 0.0 ], [ 123.14478027, 0.42293828, 0.0 ], [ 123.14478085, 0.42293885, 0.0 ], [ 123.14478275, 0.42293876, 0.0 ], [ 123.14478483, 0.42293779, 0.0 ], [ 123.14478617, 0.42293645, 0.0 ], [ 123.14478697, 0.42293563, 0.0 ], [ 123.14478817, 0.42293564, 0.0 ], [ 123.1447897, 0.42293579, 0.0 ], [ 123.14479141, 0.42293651, 0.0 ], [ 123.14479307, 0.42293718, 0.0 ], [ 123.14479445, 0.42293857, 0.0 ], [ 123.14479595, 0.42294008, 0.0 ], [ 123.14479731, 0.42294072, 0.0 ], [ 123.14480021, 0.42294101, 0.0 ], [ 123.14480279, 0.42294107, 0.0 ], [ 123.14480562, 0.42294026, 0.0 ], [ 123.14481931, 0.42293632, 0.0 ], [ 123.14483824, 0.42293088, 0.0 ], [ 123.14485457, 0.42292618, 0.0 ], [ 123.14485954, 0.42292475, 0.0 ], [ 123.14486115, 0.42292429, 0.0 ], [ 123.14487225, 0.42292429, 0.0 ], [ 123.14487682, 0.42292429, 0.0 ], [ 123.14487912, 0.42292429, 0.0 ], [ 123.14488158, 0.42292379, 0.0 ], [ 123.14488381, 0.42292334, 0.0 ], [ 123.14490258, 0.42291957, 0.0 ], [ 123.14491161, 0.42291775, 0.0 ], [ 123.14492134, 0.42291579, 0.0 ], [ 123.14492261, 0.42291553, 0.0 ], [ 123.14492576, 0.42291567, 0.0 ], [ 123.14492882, 0.42291644, 0.0 ], [ 123.14493764, 0.42291866, 0.0 ], [ 123.1449487, 0.42292144, 0.0 ], [ 123.14498238, 0.42292992, 0.0 ], [ 123.14499137, 0.42293218, 0.0 ], [ 123.14499427, 0.42293291, 0.0 ], [ 123.14499669, 0.42293408, 0.0 ], [ 123.14500589, 0.42294334, 0.0 ], [ 123.14501296, 0.42295045, 0.0 ], [ 123.1450154, 0.42295143, 0.0 ], [ 123.1450193, 0.42295143, 0.0 ], [ 123.14502348, 0.42295124, 0.0 ], [ 123.14502555, 0.42295054, 0.0 ], [ 123.14502736, 0.42294994, 0.0 ], [ 123.14503705, 0.42294668, 0.0 ], [ 123.14504141, 0.42294522, 0.0 ], [ 123.14504705, 0.42294333, 0.0 ], [ 123.14504988, 0.42294238, 0.0 ], [ 123.14505307, 0.42294077, 0.0 ], [ 123.14505613, 0.42293923, 0.0 ], [ 123.14505625, 0.42293832, 0.0 ], [ 123.1450562, 0.42293731, 0.0 ], [ 123.14505578, 0.4229363, 0.0 ], [ 123.14505256, 0.42293468, 0.0 ], [ 123.14505168, 0.42293348, 0.0 ], [ 123.14505163, 0.42293274, 0.0 ], [ 123.14505268, 0.42293176, 0.0 ], [ 123.14505722, 0.42293087, 0.0 ], [ 123.14505878, 0.42293035, 0.0 ], [ 123.14506393, 0.42292862, 0.0 ], [ 123.14506748, 0.42292742, 0.0 ], [ 123.14507079, 0.42292631, 0.0 ], [ 123.1450745, 0.42292507, 0.0 ], [ 123.14507779, 0.42292428, 0.0 ], [ 123.14507993, 0.42292428, 0.0 ], [ 123.14508388, 0.42292428, 0.0 ], [ 123.14508868, 0.42292428, 0.0 ], [ 123.14509329, 0.42292428, 0.0 ], [ 123.14509481, 0.42292428, 0.0 ], [ 123.14509972, 0.42292305, 0.0 ], [ 123.14510529, 0.42292165, 0.0 ], [ 123.14514405, 0.42291189, 0.0 ], [ 123.14515617, 0.42290884, 0.0 ], [ 123.14515936, 0.42290804, 0.0 ], [ 123.14516375, 0.42290693, 0.0 ], [ 123.14516893, 0.42290619, 0.0 ], [ 123.14517666, 0.42290619, 0.0 ], [ 123.14519402, 0.42290619, 0.0 ], [ 123.14522861, 0.42290619, 0.0 ], [ 123.14523385, 0.42290619, 0.0 ], [ 123.14524526, 0.42290619, 0.0 ], [ 123.14524951, 0.42290716, 0.0 ], [ 123.14525888, 0.42291187, 0.0 ], [ 123.14526273, 0.42291381, 0.0 ], [ 123.14526556, 0.42291523, 0.0 ], [ 123.14527118, 0.42291523, 0.0 ], [ 123.14527626, 0.42291581, 0.0 ], [ 123.14528104, 0.42291741, 0.0 ], [ 123.14529046, 0.42292057, 0.0 ], [ 123.1452952, 0.42292216, 0.0 ], [ 123.14529966, 0.42292366, 0.0 ], [ 123.14530747, 0.42292908, 0.0 ], [ 123.14531633, 0.42293622, 0.0 ], [ 123.14533315, 0.42294976, 0.0 ], [ 123.14534017, 0.42295541, 0.0 ], [ 123.14534645, 0.42296047, 0.0 ], [ 123.14534766, 0.42296292, 0.0 ], [ 123.14535106, 0.42296976, 0.0 ], [ 123.14535327, 0.42297421, 0.0 ], [ 123.14535543, 0.42297856, 0.0 ], [ 123.14536228, 0.4229827, 0.0 ], [ 123.14538006, 0.42299344, 0.0 ], [ 123.14538532, 0.42299662, 0.0 ], [ 123.14539119, 0.42300016, 0.0 ], [ 123.14539501, 0.42300247, 0.0 ], [ 123.14539946, 0.42300285, 0.0 ], [ 123.1454022, 0.42300285, 0.0 ], [ 123.14540596, 0.42300289, 0.0 ], [ 123.14540991, 0.4230009, 0.0 ], [ 123.14541362, 0.42299903, 0.0 ], [ 123.14541834, 0.42299666, 0.0 ], [ 123.14542003, 0.42299666, 0.0 ], [ 123.14542336, 0.42299666, 0.0 ], [ 123.14542586, 0.42299666, 0.0 ], [ 123.14542961, 0.4229978, 0.0 ], [ 123.1454367, 0.42300137, 0.0 ], [ 123.14544079, 0.42300343, 0.0 ], [ 123.14544321, 0.42300465, 0.0 ], [ 123.14544785, 0.4230057, 0.0 ], [ 123.14545534, 0.4230057, 0.0 ], [ 123.14546021, 0.4230057, 0.0 ], [ 123.14546507, 0.4230066, 0.0 ], [ 123.14547115, 0.42300967, 0.0 ], [ 123.1454751, 0.42301165, 0.0 ], [ 123.14547748, 0.42301285, 0.0 ], [ 123.14548275, 0.42301437, 0.0 ], [ 123.14548838, 0.42301296, 0.0 ], [ 123.1454928, 0.42301184, 0.0 ], [ 123.14549724, 0.42301072, 0.0 ], [ 123.14550429, 0.42300895, 0.0 ], [ 123.14550961, 0.42300761, 0.0 ], [ 123.14551255, 0.42300687, 0.0 ], [ 123.1455174, 0.42300859, 0.0 ], [ 123.14552854, 0.42301284, 0.0 ], [ 123.14553829, 0.42301897, 0.0 ], [ 123.14555974, 0.42303247, 0.0 ], [ 123.14558516, 0.42304846, 0.0 ], [ 123.14558909, 0.42305094, 0.0 ], [ 123.14560457, 0.42305678, 0.0 ], [ 123.14562114, 0.42306303, 0.0 ], [ 123.14564582, 0.42307235, 0.0 ], [ 123.14565142, 0.42307446, 0.0 ], [ 123.14565667, 0.42307645, 0.0 ], [ 123.14565981, 0.42307763, 0.0 ], [ 123.14566352, 0.42307808, 0.0 ], [ 123.1456672, 0.42307808, 0.0 ], [ 123.14567422, 0.42307808, 0.0 ], [ 123.14567897, 0.42307808, 0.0 ], [ 123.14568594, 0.42308042, 0.0 ], [ 123.14569622, 0.42308386, 0.0 ], [ 123.14570107, 0.42308549, 0.0 ], [ 123.14570392, 0.42308645, 0.0 ], [ 123.14570763, 0.42308678, 0.0 ], [ 123.14571157, 0.42308599, 0.0 ], [ 123.14571838, 0.42308462, 0.0 ], [ 123.14573679, 0.42308091, 0.0 ], [ 123.14573925, 0.42308041, 0.0 ], [ 123.14575086, 0.42307808, 0.0 ], [ 123.14575506, 0.42307808, 0.0 ], [ 123.14576087, 0.4230791, 0.0 ], [ 123.14576414, 0.4230824, 0.0 ], [ 123.14576806, 0.42308634, 0.0 ], [ 123.14578245, 0.42310083, 0.0 ], [ 123.14579808, 0.42311657, 0.0 ], [ 123.14580141, 0.42311992, 0.0 ], [ 123.14580349, 0.42312201, 0.0 ], [ 123.14580607, 0.42312331, 0.0 ], [ 123.14581106, 0.42312331, 0.0 ], [ 123.14581506, 0.42312461, 0.0 ], [ 123.14581702, 0.42312658, 0.0 ], [ 123.14582077, 0.42313035, 0.0 ], [ 123.14582497, 0.42313234, 0.0 ], [ 123.14583032, 0.42313282, 0.0 ], [ 123.14583365, 0.42313236, 0.0 ], [ 123.14583924, 0.42313236, 0.0 ], [ 123.14584421, 0.42312885, 0.0 ], [ 123.14584724, 0.4231258, 0.0 ], [ 123.14584972, 0.42312331, 0.0 ], [ 123.14585458, 0.42312331, 0.0 ], [ 123.14585871, 0.42312331, 0.0 ], [ 123.14586341, 0.42312236, 0.0 ], [ 123.14589176, 0.42311665, 0.0 ], [ 123.14590364, 0.42311426, 0.0 ], [ 123.14591066, 0.42311191, 0.0 ], [ 123.14592001, 0.42310877, 0.0 ], [ 123.14592935, 0.42310563, 0.0 ], [ 123.14593157, 0.42310456, 0.0 ], [ 123.14594543, 0.42309526, 0.0 ], [ 123.145959, 0.42308603, 0.0 ], [ 123.1459789, 0.42307101, 0.0 ], [ 123.14599984, 0.4230552, 0.0 ], [ 123.14601582, 0.42304313, 0.0 ], [ 123.14602946, 0.42303283, 0.0 ], [ 123.1460611, 0.42301463, 0.0 ], [ 123.1460711, 0.42300887, 0.0 ], [ 123.14608395, 0.42300149, 0.0 ], [ 123.14608973, 0.42299816, 0.0 ], [ 123.14609236, 0.42299664, 0.0 ], [ 123.14609663, 0.42299664, 0.0 ], [ 123.14609996, 0.42299664, 0.0 ], [ 123.14610268, 0.42299397, 0.0 ], [ 123.14610394, 0.42299143, 0.0 ], [ 123.14610591, 0.42298746, 0.0 ], [ 123.14610765, 0.42298396, 0.0 ], [ 123.14610957, 0.42298009, 0.0 ], [ 123.14611241, 0.42297681, 0.0 ], [ 123.14612024, 0.42297024, 0.0 ], [ 123.14612818, 0.42296358, 0.0 ], [ 123.14614887, 0.42294622, 0.0 ], [ 123.14616426, 0.42293331, 0.0 ], [ 123.1461833, 0.42291893, 0.0 ], [ 123.14619551, 0.42290971, 0.0 ], [ 123.14619806, 0.42290779, 0.0 ], [ 123.14620069, 0.42290539, 0.0 ], [ 123.14620254, 0.42290241, 0.0 ], [ 123.14621061, 0.42288941, 0.0 ], [ 123.1462274, 0.42286236, 0.0 ], [ 123.14623879, 0.42284402, 0.0 ], [ 123.14626029, 0.42280938, 0.0 ], [ 123.14628013, 0.42277743, 0.0 ], [ 123.14630437, 0.42273982, 0.0 ], [ 123.14632427, 0.42270977, 0.0 ], [ 123.14633332, 0.4226961, 0.0 ], [ 123.146335, 0.42268841, 0.0 ], [ 123.14633655, 0.42268183, 0.0 ], [ 123.14633647, 0.42267752, 0.0 ], [ 123.14635145, 0.42265239, 0.0 ], [ 123.14636449, 0.42263051, 0.0 ], [ 123.14636583, 0.42262826, 0.0 ], [ 123.14637262, 0.42261687, 0.0 ], [ 123.1463871, 0.42259258, 0.0 ], [ 123.14638893, 0.42258951, 0.0 ], [ 123.14640744, 0.42255222, 0.0 ], [ 123.14642104, 0.42252484, 0.0 ], [ 123.14642352, 0.42251986, 0.0 ], [ 123.14642487, 0.42251713, 0.0 ], [ 123.14642487, 0.42251283, 0.0 ], [ 123.14642487, 0.42250816, 0.0 ], [ 123.14642487, 0.42250289, 0.0 ], [ 123.14642487, 0.42249679, 0.0 ], [ 123.14642487, 0.4224914, 0.0 ], [ 123.1464263, 0.4224864, 0.0 ], [ 123.14642857, 0.42248068, 0.0 ], [ 123.14643056, 0.42247569, 0.0 ], [ 123.14643313, 0.42246921, 0.0 ], [ 123.14645158, 0.42242277, 0.0 ], [ 123.14646144, 0.42239795, 0.0 ], [ 123.14647397, 0.42236642, 0.0 ], [ 123.14647707, 0.42235862, 0.0 ], [ 123.14647879, 0.42235428, 0.0 ], [ 123.14648355, 0.42234949, 0.0 ], [ 123.14648904, 0.42234396, 0.0 ], [ 123.14649568, 0.42233728, 0.0 ], [ 123.14650188, 0.42233103, 0.0 ], [ 123.14650631, 0.42232658, 0.0 ], [ 123.1465123, 0.42232055, 0.0 ], [ 123.14651487, 0.42231796, 0.0 ], [ 123.14651893, 0.42231387, 0.0 ], [ 123.14651844, 0.42231036, 0.0 ], [ 123.14651773, 0.42230677, 0.0 ], [ 123.14651602, 0.42230332, 0.0 ], [ 123.14651247, 0.42229771, 0.0 ], [ 123.14650947, 0.42229469, 0.0 ], [ 123.14650888, 0.42229011, 0.0 ], [ 123.1465098, 0.42228687, 0.0 ], [ 123.14651137, 0.42228529, 0.0 ], [ 123.14651458, 0.42228206, 0.0 ], [ 123.14651858, 0.42227803, 0.0 ], [ 123.14652203, 0.42227456, 0.0 ], [ 123.14652372, 0.42227285, 0.0 ], [ 123.14653637, 0.42225588, 0.0 ], [ 123.1465395, 0.42225168, 0.0 ], [ 123.14654672, 0.42224198, 0.0 ], [ 123.14654838, 0.42223975, 0.0 ], [ 123.14655068, 0.42223666, 0.0 ], [ 123.14655155, 0.42223185, 0.0 ], [ 123.1465533, 0.42222217, 0.0 ], [ 123.14655472, 0.42221429, 0.0 ], [ 123.14655801, 0.42219612, 0.0 ], [ 123.14656427, 0.42216145, 0.0 ], [ 123.14656586, 0.42215264, 0.0 ], [ 123.14656702, 0.42214622, 0.0 ], [ 123.14656797, 0.42214094, 0.0 ], [ 123.14656984, 0.42213447, 0.0 ], [ 123.14658138, 0.42210833, 0.0 ], [ 123.14658334, 0.42210388, 0.0 ], [ 123.14658738, 0.42209474, 0.0 ], [ 123.14658913, 0.42209076, 0.0 ], [ 123.14659949, 0.42206729, 0.0 ], [ 123.14660141, 0.42206294, 0.0 ], [ 123.14660339, 0.42205847, 0.0 ], [ 123.14660664, 0.42204341, 0.0 ], [ 123.14660807, 0.42203477, 0.0 ], [ 123.1466092, 0.42202795, 0.0 ], [ 123.14661053, 0.42201993, 0.0 ], [ 123.14661185, 0.42201195, 0.0 ], [ 123.14661282, 0.42200605, 0.0 ], [ 123.14661359, 0.42200143, 0.0 ], [ 123.14661551, 0.42199757, 0.0 ], [ 123.14661942, 0.4219897, 0.0 ], [ 123.14662258, 0.42198334, 0.0 ], [ 123.14662314, 0.42197992, 0.0 ], [ 123.14662451, 0.42197163, 0.0 ], [ 123.14662648, 0.42195975, 0.0 ], [ 123.14662853, 0.42194736, 0.0 ], [ 123.1466302, 0.42193725, 0.0 ], [ 123.14663156, 0.42192905, 0.0 ], [ 123.14663362, 0.42192388, 0.0 ], [ 123.14663566, 0.42191873, 0.0 ], [ 123.14664546, 0.42189406, 0.0 ], [ 123.14664741, 0.42188916, 0.0 ], [ 123.14664953, 0.42188382, 0.0 ], [ 123.14665412, 0.4218792, 0.0 ], [ 123.14665769, 0.42187561, 0.0 ], [ 123.14665996, 0.42187043, 0.0 ], [ 123.14666206, 0.4218641, 0.0 ], [ 123.14666428, 0.42185737, 0.0 ], [ 123.1466728, 0.42183165, 0.0 ], [ 123.14668425, 0.42179705, 0.0 ], [ 123.14668636, 0.42179158, 0.0 ], [ 123.14669038, 0.42178348, 0.0 ], [ 123.14669292, 0.42177837, 0.0 ], [ 123.1466966, 0.42177239, 0.0 ], [ 123.14670061, 0.42176701, 0.0 ], [ 123.14670477, 0.42176142, 0.0 ], [ 123.14672143, 0.42173906, 0.0 ], [ 123.14672801, 0.42173022, 0.0 ], [ 123.1467386, 0.42171602, 0.0 ], [ 123.14674198, 0.42171146, 0.0 ], [ 123.14674572, 0.42170646, 0.0 ], [ 123.14674599, 0.42170224, 0.0 ], [ 123.14674583, 0.42169773, 0.0 ], [ 123.14674398, 0.42169399, 0.0 ], [ 123.14674081, 0.42168761, 0.0 ], [ 123.14674031, 0.42168294, 0.0 ], [ 123.14674277, 0.421678, 0.0 ], [ 123.14674479, 0.42167392, 0.0 ], [ 123.14674667, 0.42167013, 0.0 ], [ 123.14674806, 0.42166538, 0.0 ], [ 123.14674431, 0.42165028, 0.0 ], [ 123.14674268, 0.42164372, 0.0 ], [ 123.14674078, 0.42163605, 0.0 ], [ 123.14673973, 0.42162914, 0.0 ], [ 123.14674091, 0.42162441, 0.0 ], [ 123.14674252, 0.42161792, 0.0 ], [ 123.14674411, 0.4216115, 0.0 ], [ 123.14674602, 0.42160383, 0.0 ], [ 123.1467474, 0.42159829, 0.0 ], [ 123.14674757, 0.421591, 0.0 ], [ 123.14674632, 0.421586, 0.0 ], [ 123.14674459, 0.42157904, 0.0 ], [ 123.14674319, 0.4215734, 0.0 ], [ 123.14674167, 0.42156728, 0.0 ], [ 123.14673864, 0.42155508, 0.0 ], [ 123.14673698, 0.42154839, 0.0 ], [ 123.14673457, 0.42153869, 0.0 ], [ 123.14673297, 0.42153223, 0.0 ], [ 123.14673116, 0.42152494, 0.0 ], [ 123.14673219, 0.42151475, 0.0 ], [ 123.14673734, 0.42149404, 0.0 ], [ 123.14674198, 0.42147533, 0.0 ], [ 123.14674838, 0.42144955, 0.0 ], [ 123.14674532, 0.42144031, 0.0 ], [ 123.14674194, 0.42143697, 0.0 ], [ 123.14673409, 0.42143366, 0.0 ], [ 123.1467271, 0.42143145, 0.0 ], [ 123.14672026, 0.42143145, 0.0 ], [ 123.14671369, 0.42142993, 0.0 ], [ 123.14670799, 0.42142548, 0.0 ], [ 123.14670884, 0.42141873, 0.0 ], [ 123.14671243, 0.42141336, 0.0 ], [ 123.14671909, 0.42140917, 0.0 ], [ 123.14672533, 0.42140524, 0.0 ], [ 123.14673437, 0.42139955, 0.0 ], [ 123.14674192, 0.4213948, 0.0 ], [ 123.14675016, 0.42138962, 0.0 ], [ 123.14675697, 0.42138534, 0.0 ], [ 123.14676566, 0.42137987, 0.0 ], [ 123.14676905, 0.42137521, 0.0 ], [ 123.14676976, 0.42137133, 0.0 ], [ 123.1467704, 0.42136632, 0.0 ], [ 123.14676906, 0.42136091, 0.0 ], [ 123.14676705, 0.42135284, 0.0 ], [ 123.14676416, 0.42134118, 0.0 ], [ 123.14676094, 0.42132823, 0.0 ], [ 123.14675868, 0.42131911, 0.0 ], [ 123.14675737, 0.42131384, 0.0 ], [ 123.14675493, 0.42130892, 0.0 ], [ 123.14675281, 0.42130467, 0.0 ], [ 123.14674354, 0.421286, 0.0 ], [ 123.14673939, 0.42127765, 0.0 ], [ 123.14673565, 0.421272, 0.0 ], [ 123.14673139, 0.42126557, 0.0 ], [ 123.14672834, 0.42126096, 0.0 ], [ 123.14672542, 0.42125655, 0.0 ], [ 123.14672283, 0.42125264, 0.0 ], [ 123.14671825, 0.42125051, 0.0 ], [ 123.14671183, 0.42125051, 0.0 ], [ 123.1467047, 0.42125051, 0.0 ], [ 123.14669871, 0.42125051, 0.0 ], [ 123.14669191, 0.42125179, 0.0 ], [ 123.14668573, 0.42125313, 0.0 ], [ 123.14667931, 0.42125313, 0.0 ], [ 123.14667648, 0.42125083, 0.0 ], [ 123.14667648, 0.42124595, 0.0 ], [ 123.14667648, 0.42123991, 0.0 ], [ 123.14667648, 0.42123241, 0.0 ], [ 123.14667552, 0.42122755, 0.0 ], [ 123.14667393, 0.42121957, 0.0 ], [ 123.14667266, 0.42121316, 0.0 ], [ 123.14667152, 0.42120744, 0.0 ], [ 123.14667034, 0.42120148, 0.0 ], [ 123.14666856, 0.42119255, 0.0 ], [ 123.1466675, 0.42118718, 0.0 ], [ 123.14666471, 0.42118437, 0.0 ], [ 123.14666129, 0.42118093, 0.0 ], [ 123.14665851, 0.42117629, 0.0 ], [ 123.14665851, 0.42117298, 0.0 ], [ 123.14665851, 0.42116868, 0.0 ], [ 123.14665851, 0.42116437, 0.0 ], [ 123.14665851, 0.4211546, 0.0 ], [ 123.14665851, 0.42114627, 0.0 ], [ 123.14665851, 0.42114139, 0.0 ], [ 123.14665851, 0.42113607, 0.0 ], [ 123.14665722, 0.42113159, 0.0 ], [ 123.14665515, 0.42112951, 0.0 ], [ 123.14665165, 0.42112599, 0.0 ], [ 123.14664952, 0.42112385, 0.0 ], [ 123.14664854, 0.42112137, 0.0 ], [ 123.14664658, 0.42111645, 0.0 ], [ 123.14664206, 0.42110508, 0.0 ], [ 123.14663963, 0.42109896, 0.0 ], [ 123.14663658, 0.42109129, 0.0 ], [ 123.14663509, 0.42108752, 0.0 ], [ 123.14663276, 0.42108165, 0.0 ], [ 123.14663155, 0.42107861, 0.0 ], [ 123.14662318, 0.42107139, 0.0 ], [ 123.14660428, 0.42105509, 0.0 ], [ 123.14659112, 0.42104373, 0.0 ], [ 123.14657457, 0.42102945, 0.0 ], [ 123.14657068, 0.42102609, 0.0 ], [ 123.14656325, 0.42102278, 0.0 ], [ 123.14654014, 0.42101613, 0.0 ], [ 123.14652203, 0.42101092, 0.0 ], [ 123.14651107, 0.42100777, 0.0 ], [ 123.14647979, 0.42099877, 0.0 ], [ 123.14645407, 0.42099138, 0.0 ], [ 123.14644497, 0.42098876, 0.0 ], [ 123.14644033, 0.42098814, 0.0 ], [ 123.14643619, 0.42098656, 0.0 ], [ 123.14643229, 0.42098194, 0.0 ], [ 123.14642977, 0.42097794, 0.0 ], [ 123.1464156, 0.42096501, 0.0 ], [ 123.14640528, 0.42095532, 0.0 ], [ 123.14639652, 0.42094063, 0.0 ], [ 123.14639012, 0.42092989, 0.0 ], [ 123.14638234, 0.42091682, 0.0 ], [ 123.14637431, 0.42090336, 0.0 ], [ 123.14637092, 0.42089767, 0.0 ], [ 123.14636999, 0.42089207, 0.0 ], [ 123.14636836, 0.42088222, 0.0 ], [ 123.14636482, 0.42086082, 0.0 ], [ 123.14636285, 0.42084894, 0.0 ], [ 123.14636193, 0.42084339, 0.0 ], [ 123.14635546, 0.42084013, 0.0 ], [ 123.14634786, 0.4208363, 0.0 ], [ 123.14633895, 0.42083938, 0.0 ], [ 123.14633267, 0.42084339, 0.0 ], [ 123.1463294, 0.42084339, 0.0 ], [ 123.14631038, 0.42084339, 0.0 ], [ 123.14629849, 0.42084339, 0.0 ], [ 123.14629381, 0.42084339, 0.0 ], [ 123.1462888, 0.42084277, 0.0 ], [ 123.14628041, 0.42083854, 0.0 ], [ 123.14627585, 0.42083625, 0.0 ], [ 123.14627484, 0.42083154, 0.0 ], [ 123.14627441, 0.42082823, 0.0 ], [ 123.1462697, 0.42082529, 0.0 ], [ 123.14626684, 0.42082321, 0.0 ], [ 123.14626419, 0.42081957, 0.0 ], [ 123.14626308, 0.42081804, 0.0 ], [ 123.14626308, 0.42081625, 0.0 ], [ 123.14626046, 0.42081186, 0.0 ], [ 123.14625675, 0.42080563, 0.0 ], [ 123.14625378, 0.42080065, 0.0 ], [ 123.14625019, 0.42079463, 0.0 ], [ 123.14624839, 0.42079161, 0.0 ], [ 123.14624203, 0.42078094, 0.0 ], [ 123.14623904, 0.42077592, 0.0 ], [ 123.14623503, 0.42077251, 0.0 ], [ 123.14623046, 0.42077101, 0.0 ], [ 123.14622713, 0.42076734, 0.0 ], [ 123.14622713, 0.42076196, 0.0 ], [ 123.14622588, 0.42075945, 0.0 ], [ 123.14622339, 0.42075445, 0.0 ], [ 123.14622028, 0.42074819, 0.0 ], [ 123.14621258, 0.42073268, 0.0 ], [ 123.14620171, 0.42071079, 0.0 ], [ 123.14619734, 0.420702, 0.0 ], [ 123.14619469, 0.42069665, 0.0 ], [ 123.14619295, 0.42069315, 0.0 ], [ 123.14619118, 0.42068959, 0.0 ], [ 123.14618937, 0.42068446, 0.0 ], [ 123.14618595, 0.42068231, 0.0 ], [ 123.14618367, 0.42068054, 0.0 ], [ 123.14618219, 0.42067542, 0.0 ], [ 123.14618219, 0.42067111, 0.0 ], [ 123.14618219, 0.42066306, 0.0 ], [ 123.14618219, 0.42064253, 0.0 ], [ 123.14618219, 0.42063075, 0.0 ], [ 123.14618219, 0.42062625, 0.0 ], [ 123.14618072, 0.42062032, 0.0 ], [ 123.1461791, 0.4206138, 0.0 ], [ 123.14617658, 0.42060366, 0.0 ], [ 123.14617394, 0.42059305, 0.0 ], [ 123.14617131, 0.42058627, 0.0 ], [ 123.14616857, 0.42058075, 0.0 ], [ 123.14616552, 0.4205746, 0.0 ], [ 123.14615936, 0.42056219, 0.0 ], [ 123.14615659, 0.42055662, 0.0 ], [ 123.14615384, 0.42055248, 0.0 ], [ 123.14614763, 0.42054623, 0.0 ], [ 123.14614364, 0.42054221, 0.0 ], [ 123.14614143, 0.42053653, 0.0 ], [ 123.14613925, 0.42053177, 0.0 ], [ 123.14614096, 0.42052832, 0.0 ], [ 123.14614481, 0.42052056, 0.0 ], [ 123.14614372, 0.42051714, 0.0 ], [ 123.14614335, 0.42051332, 0.0 ], [ 123.1461365, 0.42050298, 0.0 ], [ 123.14613154, 0.42049549, 0.0 ], [ 123.14612826, 0.42049055, 0.0 ], [ 123.14612047, 0.42048349, 0.0 ], [ 123.14611503, 0.42047856, 0.0 ], [ 123.14608613, 0.42045237, 0.0 ], [ 123.14605741, 0.42042635, 0.0 ], [ 123.14605176, 0.42042124, 0.0 ], [ 123.14604517, 0.42041526, 0.0 ], [ 123.14604356, 0.4204138, 0.0 ], [ 123.14603985, 0.42041431, 0.0 ], [ 123.14603657, 0.42041431, 0.0 ], [ 123.1460322, 0.42041536, 0.0 ], [ 123.1460283, 0.42041574, 0.0 ], [ 123.14602058, 0.42041639, 0.0 ], [ 123.14600631, 0.42041352, 0.0 ], [ 123.14599657, 0.42041156, 0.0 ], [ 123.14598675, 0.42040958, 0.0 ], [ 123.14598285, 0.42040749, 0.0 ], [ 123.14597548, 0.42040008, 0.0 ], [ 123.14597464, 0.42039837, 0.0 ], [ 123.14597278, 0.42039464, 0.0 ], [ 123.1459701, 0.42038924, 0.0 ], [ 123.14596693, 0.42038286, 0.0 ], [ 123.14596431, 0.42037758, 0.0 ], [ 123.1459618, 0.42037252, 0.0 ], [ 123.14595954, 0.42036798, 0.0 ], [ 123.14595511, 0.42036548, 0.0 ], [ 123.14594983, 0.42036389, 0.0 ], [ 123.14593954, 0.42036389, 0.0 ], [ 123.14593162, 0.42036256, 0.0 ], [ 123.14592156, 0.42036087, 0.0 ], [ 123.14591526, 0.42035982, 0.0 ], [ 123.1459133, 0.42035743, 0.0 ], [ 123.14591258, 0.42035484, 0.0 ], [ 123.14591543, 0.42035196, 0.0 ], [ 123.14591814, 0.42034924, 0.0 ], [ 123.14592085, 0.42034651, 0.0 ], [ 123.1459282, 0.42033911, 0.0 ], [ 123.14593055, 0.42033675, 0.0 ], [ 123.14593199, 0.42033287, 0.0 ], [ 123.14593099, 0.42032799, 0.0 ], [ 123.14592626, 0.42032436, 0.0 ], [ 123.14592233, 0.42032337, 0.0 ], [ 123.14591736, 0.42032212, 0.0 ], [ 123.14591216, 0.42032081, 0.0 ], [ 123.14590713, 0.42031954, 0.0 ], [ 123.14590254, 0.42031707, 0.0 ], [ 123.14590085, 0.42031452, 0.0 ], [ 123.14588002, 0.42028307, 0.0 ], [ 123.1458693, 0.42026688, 0.0 ], [ 123.14586403, 0.42025831, 0.0 ], [ 123.14585876, 0.42024948, 0.0 ], [ 123.1458548, 0.42024283, 0.0 ], [ 123.14585094, 0.42023635, 0.0 ], [ 123.14584586, 0.42022783, 0.0 ], [ 123.1458433, 0.42022353, 0.0 ], [ 123.14584068, 0.42021913, 0.0 ], [ 123.14583493, 0.42021624, 0.0 ], [ 123.1458276, 0.42021255, 0.0 ], [ 123.1458227, 0.42020725, 0.0 ], [ 123.1458227, 0.42020246, 0.0 ], [ 123.1458227, 0.420196, 0.0 ], [ 123.1458227, 0.42018642, 0.0 ], [ 123.1458227, 0.42017565, 0.0 ], [ 123.1458227, 0.42016991, 0.0 ], [ 123.1458227, 0.42013089, 0.0 ], [ 123.1458227, 0.42012203, 0.0 ], [ 123.1458227, 0.42011557, 0.0 ], [ 123.14582106, 0.42010726, 0.0 ], [ 123.14581721, 0.4200995, 0.0 ], [ 123.14581488, 0.42009481, 0.0 ], [ 123.14581317, 0.42008806, 0.0 ], [ 123.1458121, 0.42007946, 0.0 ], [ 123.14580886, 0.42005339, 0.0 ], [ 123.14580714, 0.42003954, 0.0 ], [ 123.14580601, 0.42003047, 0.0 ], [ 123.14580375, 0.42001765, 0.0 ], [ 123.14579821, 0.4200037, 0.0 ], [ 123.14579516, 0.41999602, 0.0 ], [ 123.14579191, 0.41998785, 0.0 ], [ 123.14578947, 0.4199817, 0.0 ], [ 123.14578267, 0.41997745, 0.0 ], [ 123.1457755, 0.41997344, 0.0 ], [ 123.14576304, 0.41997187, 0.0 ], [ 123.1457482, 0.41997001, 0.0 ], [ 123.14572792, 0.41996746, 0.0 ], [ 123.14571841, 0.41996626, 0.0 ], [ 123.14571056, 0.41996148, 0.0 ], [ 123.14570425, 0.41995514, 0.0 ], [ 123.14569712, 0.41994796, 0.0 ], [ 123.14569011, 0.4199409, 0.0 ], [ 123.14568789, 0.4199346, 0.0 ], [ 123.14568789, 0.41992527, 0.0 ], [ 123.14568789, 0.41992058, 0.0 ], [ 123.14568349, 0.41991504, 0.0 ], [ 123.14567658, 0.41990634, 0.0 ], [ 123.1456718, 0.41990033, 0.0 ], [ 123.145666, 0.41989303, 0.0 ], [ 123.14565886, 0.41988404, 0.0 ], [ 123.14565475, 0.41987887, 0.0 ], [ 123.14565194, 0.41987189, 0.0 ], [ 123.14565194, 0.41985944, 0.0 ], [ 123.14565194, 0.41985106, 0.0 ], [ 123.14565194, 0.41984053, 0.0 ], [ 123.14565194, 0.41983311, 0.0 ], [ 123.14565523, 0.41982514, 0.0 ], [ 123.14565856, 0.41982011, 0.0 ], [ 123.14566489, 0.41981055, 0.0 ], [ 123.14567529, 0.41979395, 0.0 ], [ 123.14568372, 0.4197798, 0.0 ], [ 123.14568766, 0.41977318, 0.0 ], [ 123.14569176, 0.41976632, 0.0 ], [ 123.14569136, 0.4197589, 0.0 ], [ 123.14568898, 0.41975363, 0.0 ], [ 123.14568789, 0.41974868, 0.0 ], [ 123.14567429, 0.41972815, 0.0 ], [ 123.14566639, 0.41971621, 0.0 ], [ 123.14566142, 0.4197087, 0.0 ], [ 123.14565809, 0.41970368, 0.0 ], [ 123.1456545, 0.41969826, 0.0 ], [ 123.14565119, 0.41968762, 0.0 ], [ 123.14564937, 0.41967112, 0.0 ], [ 123.14564801, 0.41965877, 0.0 ], [ 123.1456465, 0.41964508, 0.0 ], [ 123.14564505, 0.41963197, 0.0 ], [ 123.14564426, 0.41962483, 0.0 ], [ 123.14564338, 0.41961684, 0.0 ], [ 123.14563994, 0.41961094, 0.0 ], [ 123.14563604, 0.41960833, 0.0 ], [ 123.14562391, 0.41960019, 0.0 ], [ 123.14562371, 0.41960006, 0.0 ], [ 123.14561343, 0.41959316, 0.0 ], [ 123.14560268, 0.41958594, 0.0 ], [ 123.1455951, 0.41958086, 0.0 ], [ 123.14558903, 0.41957219, 0.0 ], [ 123.14558844, 0.41956476, 0.0 ], [ 123.1455873, 0.41955901, 0.0 ], [ 123.14558517, 0.41954828, 0.0 ], [ 123.14558377, 0.41954124, 0.0 ], [ 123.14558004, 0.4195225, 0.0 ], [ 123.14557753, 0.41950478, 0.0 ], [ 123.14557597, 0.41949378, 0.0 ], [ 123.14557419, 0.41948125, 0.0 ], [ 123.14557297, 0.41947267, 0.0 ], [ 123.14557165, 0.41946339, 0.0 ], [ 123.14557105, 0.41945537, 0.0 ], [ 123.14557105, 0.41944915, 0.0 ], [ 123.14557105, 0.41944005, 0.0 ], [ 123.14557105, 0.4194367, 0.0 ], [ 123.14557336, 0.4194297, 0.0 ], [ 123.14557728, 0.41942575, 0.0 ], [ 123.14557855, 0.41942118, 0.0 ], [ 123.14557703, 0.41941935, 0.0 ], [ 123.14555867, 0.41939717, 0.0 ], [ 123.14555049, 0.41938728, 0.0 ], [ 123.14554484, 0.41938045, 0.0 ], [ 123.14554088, 0.41937567, 0.0 ], [ 123.1455351, 0.4193687, 0.0 ], [ 123.1455351, 0.4193625, 0.0 ], [ 123.1455351, 0.41935965, 0.0 ], [ 123.14553228, 0.4193506, 0.0 ], [ 123.14552889, 0.41934677, 0.0 ], [ 123.14552612, 0.4193388, 0.0 ], [ 123.14552612, 0.41933251, 0.0 ], [ 123.14552112, 0.41931843, 0.0 ], [ 123.14551713, 0.41931247, 0.0 ], [ 123.14551713, 0.41930536, 0.0 ], [ 123.14551713, 0.41930074, 0.0 ], [ 123.14551713, 0.41929356, 0.0 ], [ 123.14551713, 0.41928685, 0.0 ], [ 123.14551713, 0.41927297, 0.0 ], [ 123.14551302, 0.41926363, 0.0 ], [ 123.14550707, 0.41926316, 0.0 ], [ 123.14550127, 0.41926332, 0.0 ], [ 123.14549727, 0.41926868, 0.0 ], [ 123.14549354, 0.4192737, 0.0 ], [ 123.14549097, 0.41927715, 0.0 ], [ 123.14548118, 0.41927822, 0.0 ], [ 123.14547545, 0.41928111, 0.0 ], [ 123.14546689, 0.41928063, 0.0 ], [ 123.14546213, 0.41928015, 0.0 ], [ 123.14545334, 0.41927393, 0.0 ], [ 123.14544475, 0.41926869, 0.0 ], [ 123.14542787, 0.41925169, 0.0 ], [ 123.1454174, 0.41924116, 0.0 ], [ 123.14540742, 0.41923111, 0.0 ], [ 123.14540195, 0.4192256, 0.0 ], [ 123.1454003, 0.41921983, 0.0 ], [ 123.14539859, 0.41921318, 0.0 ], [ 123.14539455, 0.41920911, 0.0 ], [ 123.14539457, 0.41920256, 0.0 ], [ 123.14539802, 0.41919909, 0.0 ], [ 123.14539846, 0.41919371, 0.0 ], [ 123.14539571, 0.4191891, 0.0 ], [ 123.14538801, 0.41917618, 0.0 ], [ 123.14537231, 0.41914985, 0.0 ], [ 123.14535014, 0.41911264, 0.0 ], [ 123.14534637, 0.41910633, 0.0 ], [ 123.14533971, 0.41909962, 0.0 ], [ 123.14533739, 0.41909728, 0.0 ], [ 123.14531892, 0.41906475, 0.0 ], [ 123.14531278, 0.41905393, 0.0 ], [ 123.14530953, 0.4190482, 0.0 ], [ 123.14530523, 0.41904062, 0.0 ], [ 123.14530316, 0.41903699, 0.0 ], [ 123.14529523, 0.41903187, 0.0 ], [ 123.14528453, 0.41902828, 0.0 ], [ 123.14527448, 0.4190249, 0.0 ], [ 123.14527024, 0.41901957, 0.0 ], [ 123.14526574, 0.41901391, 0.0 ], [ 123.14526333, 0.41901088, 0.0 ], [ 123.14526142, 0.41900848, 0.0 ], [ 123.14525641, 0.41900217, 0.0 ], [ 123.14524906, 0.41899292, 0.0 ], [ 123.14524305, 0.41898536, 0.0 ], [ 123.14523918, 0.41898048, 0.0 ], [ 123.14523853, 0.4189728, 0.0 ], [ 123.14523853, 0.41896657, 0.0 ], [ 123.14523682, 0.41895814, 0.0 ], [ 123.14523406, 0.41895259, 0.0 ], [ 123.14522887, 0.41894838, 0.0 ], [ 123.14522197, 0.41894348, 0.0 ], [ 123.14521222, 0.41894096, 0.0 ], [ 123.14520414, 0.41893833, 0.0 ], [ 123.14519748, 0.41893423, 0.0 ], [ 123.14518094, 0.41890427, 0.0 ], [ 123.14516101, 0.41886816, 0.0 ], [ 123.1451525, 0.41885169, 0.0 ], [ 123.14514798, 0.4188426, 0.0 ], [ 123.1451436, 0.41883379, 0.0 ], [ 123.14514042, 0.41882737, 0.0 ], [ 123.14513416, 0.41882198, 0.0 ], [ 123.14512669, 0.41881672, 0.0 ], [ 123.14511475, 0.41880831, 0.0 ], [ 123.14508068, 0.4187843, 0.0 ], [ 123.14506383, 0.41877242, 0.0 ], [ 123.14505362, 0.41876523, 0.0 ], [ 123.14504474, 0.41875744, 0.0 ], [ 123.14503047, 0.41874308, 0.0 ], [ 123.14501989, 0.41873243, 0.0 ], [ 123.14501371, 0.41872621, 0.0 ], [ 123.14501248, 0.41871523, 0.0 ], [ 123.145013, 0.41870672, 0.0 ], [ 123.14500938, 0.41870016, 0.0 ], [ 123.14500485, 0.41869195, 0.0 ], [ 123.14499569, 0.41867534, 0.0 ], [ 123.14498939, 0.41866394, 0.0 ], [ 123.14498426, 0.41865463, 0.0 ], [ 123.1449746, 0.41863713, 0.0 ], [ 123.14497193, 0.41863229, 0.0 ], [ 123.14496891, 0.41862683, 0.0 ], [ 123.14496092, 0.41862146, 0.0 ], [ 123.14495087, 0.41861472, 0.0 ], [ 123.14494519, 0.41860751, 0.0 ], [ 123.14494053, 0.41860156, 0.0 ], [ 123.14493884, 0.41859309, 0.0 ], [ 123.14493675, 0.41858255, 0.0 ], [ 123.14493459, 0.41857168, 0.0 ], [ 123.14493145, 0.41855815, 0.0 ], [ 123.14492948, 0.41855123, 0.0 ], [ 123.14492622, 0.41853975, 0.0 ], [ 123.14492357, 0.41853039, 0.0 ], [ 123.14492132, 0.41852249, 0.0 ], [ 123.14491934, 0.4185155, 0.0 ], [ 123.14491499, 0.41851009, 0.0 ], [ 123.14491094, 0.41850722, 0.0 ], [ 123.14490354, 0.41850401, 0.0 ], [ 123.14489413, 0.41850717, 0.0 ], [ 123.14487952, 0.41851288, 0.0 ], [ 123.14486363, 0.41851974, 0.0 ], [ 123.14484836, 0.41852633, 0.0 ], [ 123.14483479, 0.41853219, 0.0 ], [ 123.14482902, 0.41853468, 0.0 ], [ 123.14482134, 0.41853255, 0.0 ], [ 123.14481613, 0.41852731, 0.0 ], [ 123.14481194, 0.41851887, 0.0 ], [ 123.14480714, 0.4185092, 0.0 ], [ 123.14480352, 0.41850192, 0.0 ], [ 123.14479705, 0.41849597, 0.0 ], [ 123.14478917, 0.41849112, 0.0 ], [ 123.1447824, 0.41847295, 0.0 ], [ 123.14477231, 0.41844585, 0.0 ], [ 123.14476221, 0.41841875, 0.0 ], [ 123.14475142, 0.41838616, 0.0 ], [ 123.14474578, 0.41836914, 0.0 ], [ 123.14474423, 0.41836446, 0.0 ], [ 123.14474423, 0.41835306, 0.0 ], [ 123.14474423, 0.41834396, 0.0 ], [ 123.14474423, 0.41833678, 0.0 ], [ 123.14474423, 0.41832827, 0.0 ], [ 123.144742, 0.41832266, 0.0 ], [ 123.14472842, 0.41828849, 0.0 ], [ 123.14472626, 0.41828304, 0.0 ], [ 123.1447254, 0.41828014, 0.0 ], [ 123.14472237, 0.41827, 0.0 ], [ 123.14471824, 0.41825612, 0.0 ], [ 123.14471544, 0.41824672, 0.0 ], [ 123.14471072, 0.41823089, 0.0 ], [ 123.14470634, 0.41821619, 0.0 ], [ 123.14470456, 0.41821024, 0.0 ], [ 123.14470174, 0.41820076, 0.0 ], [ 123.1446993, 0.41819256, 0.0 ], [ 123.14469417, 0.41816676, 0.0 ], [ 123.14469222, 0.41815695, 0.0 ], [ 123.14469101, 0.41815088, 0.0 ], [ 123.14468464, 0.41814162, 0.0 ], [ 123.14467977, 0.41813672, 0.0 ], [ 123.14467144, 0.41812834, 0.0 ], [ 123.14465813, 0.41811493, 0.0 ], [ 123.14465016, 0.41810691, 0.0 ], [ 123.14464315, 0.41809985, 0.0 ], [ 123.14464041, 0.4180971, 0.0 ], [ 123.14463638, 0.41809047, 0.0 ], [ 123.14463638, 0.418084, 0.0 ], [ 123.14463511, 0.41807898, 0.0 ], [ 123.14462676, 0.41807204, 0.0 ], [ 123.14462352, 0.41805737, 0.0 ], [ 123.1446189, 0.41803646, 0.0 ], [ 123.14461492, 0.41801841, 0.0 ], [ 123.14461209, 0.41800559, 0.0 ], [ 123.14461022, 0.41799715, 0.0 ], [ 123.14461091, 0.41798455, 0.0 ], [ 123.14461222, 0.41797663, 0.0 ], [ 123.14461373, 0.41796751, 0.0 ], [ 123.14461496, 0.41796006, 0.0 ], [ 123.14461642, 0.41795125, 0.0 ], [ 123.14461717, 0.41794674, 0.0 ], [ 123.14461437, 0.41793789, 0.0 ], [ 123.14461052, 0.4179366, 0.0 ], [ 123.1446061, 0.41793511, 0.0 ], [ 123.1445979, 0.41793236, 0.0 ], [ 123.1445954, 0.41792817, 0.0 ], [ 123.14459375, 0.41792323, 0.0 ], [ 123.14459685, 0.41791389, 0.0 ], [ 123.14459782, 0.41791095, 0.0 ], [ 123.14459967, 0.41790535, 0.0 ], [ 123.14459966, 0.41789916, 0.0 ], [ 123.14459878, 0.41789474, 0.0 ], [ 123.14459734, 0.41788747, 0.0 ], [ 123.14459349, 0.41786809, 0.0 ], [ 123.14459049, 0.41785299, 0.0 ], [ 123.1445883, 0.41784199, 0.0 ], [ 123.14458614, 0.41783112, 0.0 ], [ 123.14458445, 0.41782261, 0.0 ], [ 123.14458246, 0.41781258, 0.0 ], [ 123.14458246, 0.41780681, 0.0 ], [ 123.14458644, 0.41779819, 0.0 ], [ 123.14459126, 0.41779172, 0.0 ], [ 123.14459765, 0.41778314, 0.0 ], [ 123.14460387, 0.41777479, 0.0 ], [ 123.14460778, 0.41776954, 0.0 ], [ 123.14460942, 0.4177642, 0.0 ], [ 123.14460942, 0.41774098, 0.0 ], [ 123.14460942, 0.41772422, 0.0 ], [ 123.14460942, 0.41771153, 0.0 ], [ 123.14460942, 0.4176998, 0.0 ], [ 123.14460976, 0.41769225, 0.0 ], [ 123.14461089, 0.41768311, 0.0 ], [ 123.14461234, 0.41767142, 0.0 ], [ 123.14461346, 0.41766243, 0.0 ], [ 123.14461671, 0.41763621, 0.0 ], [ 123.14461789, 0.41762669, 0.0 ], [ 123.14462288, 0.41761808, 0.0 ], [ 123.14462871, 0.41761221, 0.0 ], [ 123.14463691, 0.41760396, 0.0 ], [ 123.14464273, 0.41759809, 0.0 ], [ 123.14464832, 0.41759247, 0.0 ], [ 123.14464866, 0.41758466, 0.0 ], [ 123.14464937, 0.41757988, 0.0 ], [ 123.14465003, 0.41757335, 0.0 ], [ 123.14464775, 0.41756646, 0.0 ], [ 123.14464536, 0.41755926, 0.0 ], [ 123.14464536, 0.41754971, 0.0 ], [ 123.14464536, 0.41751931, 0.0 ], [ 123.14464536, 0.41750902, 0.0 ], [ 123.14464536, 0.4175016, 0.0 ], [ 123.14464536, 0.41749592, 0.0 ], [ 123.14464814, 0.41749033, 0.0 ], [ 123.1446499, 0.41748679, 0.0 ], [ 123.14465209, 0.41748238, 0.0 ], [ 123.1446527, 0.41747507, 0.0 ], [ 123.14464958, 0.41746983, 0.0 ], [ 123.1446462, 0.41746416, 0.0 ], [ 123.14464226, 0.41745754, 0.0 ], [ 123.14463774, 0.41744997, 0.0 ], [ 123.14463305, 0.41744209, 0.0 ], [ 123.14463002, 0.41743702, 0.0 ], [ 123.14462959, 0.41742594, 0.0 ], [ 123.14463358, 0.41741388, 0.0 ], [ 123.14463522, 0.41740892, 0.0 ], [ 123.14464018, 0.41740162, 0.0 ], [ 123.14464767, 0.41739408, 0.0 ], [ 123.14465435, 0.41738736, 0.0 ], [ 123.14465947, 0.41738117, 0.0 ], [ 123.14467637, 0.41736075, 0.0 ], [ 123.14468512, 0.41735018, 0.0 ], [ 123.14469496, 0.41733829, 0.0 ], [ 123.14469928, 0.41733307, 0.0 ], [ 123.14470483, 0.41733307, 0.0 ], [ 123.14471143, 0.41732671, 0.0 ], [ 123.14471541, 0.41731869, 0.0 ], [ 123.14471725, 0.41730902, 0.0 ], [ 123.14472076, 0.41730123, 0.0 ], [ 123.14472539, 0.417295, 0.0 ], [ 123.14473171, 0.41728653, 0.0 ], [ 123.14473681, 0.41727968, 0.0 ], [ 123.1447402, 0.41726922, 0.0 ], [ 123.14474421, 0.41726069, 0.0 ], [ 123.14474852, 0.41725165, 0.0 ], [ 123.1447532, 0.4172426, 0.0 ], [ 123.14475951, 0.41723242, 0.0 ], [ 123.14476219, 0.4172245, 0.0 ], [ 123.14476031, 0.41721319, 0.0 ], [ 123.14475658, 0.41719062, 0.0 ], [ 123.14475533, 0.4171831, 0.0 ], [ 123.14475422, 0.41717641, 0.0 ], [ 123.14475682, 0.41716657, 0.0 ], [ 123.14475979, 0.41716358, 0.0 ], [ 123.14476219, 0.41716117, 0.0 ], [ 123.14476425, 0.41714873, 0.0 ], [ 123.14476741, 0.41712962, 0.0 ], [ 123.14477049, 0.41711098, 0.0 ], [ 123.14477117, 0.41709837, 0.0 ], [ 123.14477117, 0.41708879, 0.0 ], [ 123.14477242, 0.41708439, 0.0 ], [ 123.14477684, 0.41706881, 0.0 ], [ 123.14478293, 0.41704736, 0.0 ], [ 123.14478642, 0.41703506, 0.0 ], [ 123.14478914, 0.41702546, 0.0 ], [ 123.14478847, 0.41701301, 0.0 ], [ 123.14478656, 0.4170034, 0.0 ], [ 123.14478443, 0.41699269, 0.0 ], [ 123.14478222, 0.41698159, 0.0 ], [ 123.14478016, 0.41697118, 0.0 ], [ 123.14478016, 0.41695773, 0.0 ], [ 123.14478016, 0.41694636, 0.0 ], [ 123.14478016, 0.41693499, 0.0 ], [ 123.14477769, 0.4169263, 0.0 ], [ 123.14476901, 0.41689571, 0.0 ], [ 123.14476509, 0.41688192, 0.0 ], [ 123.14476218, 0.41687166, 0.0 ], [ 123.14476218, 0.41685271, 0.0 ], [ 123.14476218, 0.41682189, 0.0 ], [ 123.14476218, 0.41679825, 0.0 ], [ 123.14476218, 0.41678119, 0.0 ], [ 123.14476094, 0.41677248, 0.0 ], [ 123.14475807, 0.41675225, 0.0 ], [ 123.14475319, 0.41671786, 0.0 ], [ 123.14474725, 0.41669594, 0.0 ], [ 123.14474204, 0.41667669, 0.0 ], [ 123.14473771, 0.41666072, 0.0 ], [ 123.1447337, 0.41664593, 0.0 ], [ 123.14472927, 0.41662955, 0.0 ], [ 123.14472623, 0.41661834, 0.0 ], [ 123.1447254, 0.41661666, 0.0 ], [ 123.14472186, 0.41660954, 0.0 ], [ 123.14471724, 0.41660024, 0.0 ], [ 123.14471543, 0.41659204, 0.0 ], [ 123.14471072, 0.41657069, 0.0 ], [ 123.14470851, 0.41656068, 0.0 ], [ 123.14470486, 0.41654414, 0.0 ], [ 123.14470151, 0.41652899, 0.0 ], [ 123.14469927, 0.41651882, 0.0 ], [ 123.14469477, 0.41650977, 0.0 ], [ 123.14468716, 0.41649445, 0.0 ], [ 123.14467533, 0.41647063, 0.0 ], [ 123.14466784, 0.41645555, 0.0 ], [ 123.14466166, 0.41644245, 0.0 ], [ 123.14465634, 0.4164296, 0.0 ], [ 123.14465027, 0.41641491, 0.0 ], [ 123.14464314, 0.41639769, 0.0 ], [ 123.14463175, 0.41637018, 0.0 ], [ 123.14462492, 0.41635368, 0.0 ], [ 123.14462084, 0.41634382, 0.0 ], [ 123.14461098, 0.41633042, 0.0 ], [ 123.14460041, 0.41631978, 0.0 ], [ 123.14459475, 0.41630269, 0.0 ], [ 123.14458926, 0.41628829, 0.0 ], [ 123.14458243, 0.41627454, 0.0 ], [ 123.14458243, 0.41626271, 0.0 ], [ 123.14458243, 0.41625645, 0.0 ], [ 123.14458265, 0.41624727, 0.0 ], [ 123.1445793, 0.4162352, 0.0 ], [ 123.14457344, 0.41622931, 0.0 ], [ 123.14456744, 0.41621722, 0.0 ], [ 123.14455838, 0.41619898, 0.0 ], [ 123.14455317, 0.4161885, 0.0 ], [ 123.14454597, 0.41617399, 0.0 ], [ 123.14454119, 0.41616437, 0.0 ], [ 123.14453749, 0.41615032, 0.0 ], [ 123.14453749, 0.41613883, 0.0 ], [ 123.14453749, 0.41612411, 0.0 ], [ 123.14453749, 0.41610795, 0.0 ], [ 123.14453864, 0.4160946, 0.0 ], [ 123.14454092, 0.41607846, 0.0 ], [ 123.14454292, 0.41606438, 0.0 ], [ 123.14454648, 0.41603931, 0.0 ], [ 123.14455137, 0.41601717, 0.0 ], [ 123.1445558, 0.4159971, 0.0 ], [ 123.14456635, 0.41595026, 0.0 ], [ 123.14457113, 0.415931, 0.0 ], [ 123.14457258, 0.41592517, 0.0 ], [ 123.14457281, 0.41592138, 0.0 ], [ 123.14457344, 0.41591118, 0.0 ], [ 123.14457344, 0.41588964, 0.0 ], [ 123.14457344, 0.41587312, 0.0 ], [ 123.14457344, 0.41585948, 0.0 ], [ 123.14457344, 0.41584932, 0.0 ], [ 123.14457054, 0.41584349, 0.0 ], [ 123.14456683, 0.41583602, 0.0 ], [ 123.14456949, 0.41582361, 0.0 ], [ 123.14457383, 0.41581706, 0.0 ], [ 123.14457899, 0.41580927, 0.0 ], [ 123.14458684, 0.41580186, 0.0 ], [ 123.144477, 0.41569461, 0.0 ], [ 123.14448014, 0.41563761, 0.0 ], [ 123.14448958, 0.41558378, 0.0 ], [ 123.14450216, 0.41554894, 0.0 ], [ 123.14453361, 0.41549828, 0.0 ], [ 123.14457764, 0.41544128, 0.0 ], [ 123.14462168, 0.41539695, 0.0 ], [ 123.14467515, 0.41534628, 0.0 ], [ 123.14475693, 0.41527662, 0.0 ], [ 123.14482298, 0.41523228, 0.0 ], [ 123.14488904, 0.41519428, 0.0 ], [ 123.14496138, 0.41515628, 0.0 ], [ 123.14504631, 0.41511828, 0.0 ], [ 123.14513438, 0.41508662, 0.0 ], [ 123.1452256, 0.41506445, 0.0 ], [ 123.14532311, 0.41504228, 0.0 ], [ 123.1453923, 0.41502645, 0.0 ], [ 123.14548038, 0.41501378, 0.0 ], [ 123.14557159, 0.41500428, 0.0 ], [ 123.14568483, 0.41498528, 0.0 ], [ 123.14579492, 0.41496944, 0.0 ], [ 123.14588614, 0.41495677, 0.0 ], [ 123.14599308, 0.41494411, 0.0 ], [ 123.14607486, 0.41494094, 0.0 ], [ 123.14617237, 0.41492827, 0.0 ], [ 123.14630133, 0.41491877, 0.0 ], [ 123.1463894, 0.4149061, 0.0 ], [ 123.14650264, 0.41489343, 0.0 ], [ 123.14657813, 0.4148871, 0.0 ], [ 123.14668822, 0.4148871, 0.0 ], [ 123.14682033, 0.41488709, 0.0 ], [ 123.14693042, 0.41488709, 0.0 ], [ 123.14704365, 0.41488709, 0.0 ], [ 123.14713429, 0.41494647, 0.0 ], [ 123.14722805, 0.41511644, 0.0 ], [ 123.14731223, 0.41511644, 0.0 ], [ 123.14733077, 0.41511644, 0.0 ], [ 123.1473414, 0.41511644, 0.0 ], [ 123.14734675, 0.41511106, 0.0 ], [ 123.14735316, 0.41510879, 0.0 ], [ 123.14735873, 0.41511159, 0.0 ], [ 123.14736837, 0.41511644, 0.0 ], [ 123.14738782, 0.41511776, 0.0 ], [ 123.1474121, 0.41512081, 0.0 ], [ 123.14744925, 0.41512549, 0.0 ], [ 123.14747166, 0.41512548, 0.0 ], [ 123.14748648, 0.41512696, 0.0 ], [ 123.14749687, 0.41512846, 0.0 ], [ 123.14751484, 0.41513104, 0.0 ], [ 123.14752842, 0.41513299, 0.0 ], [ 123.14753651, 0.41513416, 0.0 ], [ 123.14755547, 0.41512465, 0.0 ], [ 123.14756371, 0.41511968, 0.0 ], [ 123.14757661, 0.41511188, 0.0 ], [ 123.14759035, 0.41510818, 0.0 ], [ 123.14760479, 0.41511, 0.0 ], [ 123.14761651, 0.41511147, 0.0 ], [ 123.14766734, 0.41511835, 0.0 ], [ 123.14769493, 0.41511759, 0.0 ], [ 123.14771665, 0.41511836, 0.0 ], [ 123.14773639, 0.41511268, 0.0 ], [ 123.14776358, 0.41510444, 0.0 ], [ 123.14780873, 0.41508929, 0.0 ], [ 123.14782081, 0.41508625, 0.0 ], [ 123.14783919, 0.41508162, 0.0 ], [ 123.14786328, 0.41508024, 0.0 ], [ 123.14788111, 0.41508024, 0.0 ], [ 123.14790216, 0.41507665, 0.0 ], [ 123.14790758, 0.41507119, 0.0 ], [ 123.14795779, 0.41505953, 0.0 ], [ 123.14797923, 0.41505455, 0.0 ], [ 123.1479902, 0.415052, 0.0 ], [ 123.1480077, 0.41504793, 0.0 ], [ 123.14802023, 0.41504502, 0.0 ], [ 123.14803173, 0.41504773, 0.0 ], [ 123.14803672, 0.41505024, 0.0 ], [ 123.14804774, 0.41505175, 0.0 ], [ 123.1480599, 0.41504869, 0.0 ], [ 123.14807833, 0.41504405, 0.0 ], [ 123.14811651, 0.41503551, 0.0 ], [ 123.14813535, 0.41503129, 0.0 ], [ 123.14815397, 0.41502713, 0.0 ], [ 123.14816698, 0.4150226, 0.0 ], [ 123.14818394, 0.41501528, 0.0 ], [ 123.14822212, 0.41499881, 0.0 ], [ 123.14823228, 0.4149971, 0.0 ], [ 123.14828178, 0.41498861, 0.0 ], [ 123.14831402, 0.41498211, 0.0 ], [ 123.14831866, 0.41498118, 0.0 ], [ 123.1483442, 0.41497604, 0.0 ], [ 123.14836591, 0.41497166, 0.0 ], [ 123.14837403, 0.41497166, 0.0 ], [ 123.14838389, 0.41497166, 0.0 ], [ 123.14839215, 0.41496612, 0.0 ], [ 123.14840523, 0.41495734, 0.0 ], [ 123.14841085, 0.41495357, 0.0 ], [ 123.14842739, 0.41494857, 0.0 ], [ 123.14845032, 0.41494165, 0.0 ], [ 123.14846976, 0.41493578, 0.0 ], [ 123.14848923, 0.41492989, 0.0 ], [ 123.14850072, 0.41492643, 0.0 ], [ 123.14850778, 0.4149262, 0.0 ], [ 123.14851615, 0.41491818, 0.0 ], [ 123.14851934, 0.4149096, 0.0 ], [ 123.14852453, 0.41489567, 0.0 ], [ 123.14853221, 0.41487505, 0.0 ], [ 123.14853524, 0.41486691, 0.0 ], [ 123.14854427, 0.41485927, 0.0 ], [ 123.14855936, 0.41485048, 0.0 ], [ 123.14856991, 0.41484251, 0.0 ], [ 123.14857956, 0.41483523, 0.0 ], [ 123.14858686, 0.41482971, 0.0 ], [ 123.14859659, 0.4148269, 0.0 ], [ 123.14860757, 0.41482529, 0.0 ], [ 123.14862218, 0.41482235, 0.0 ], [ 123.1486493, 0.41481544, 0.0 ], [ 123.14865772, 0.41481121, 0.0 ], [ 123.14866947, 0.41480076, 0.0 ], [ 123.14868274, 0.41479409, 0.0 ], [ 123.14870257, 0.4147841, 0.0 ], [ 123.14871076, 0.4147783, 0.0 ], [ 123.14871986, 0.41476914, 0.0 ], [ 123.14873163, 0.41475729, 0.0 ], [ 123.14874232, 0.41475132, 0.0 ], [ 123.14875222, 0.41474734, 0.0 ], [ 123.14876993, 0.4147402, 0.0 ], [ 123.14879457, 0.41473131, 0.0 ], [ 123.14880813, 0.41472551, 0.0 ], [ 123.14881526, 0.41471833, 0.0 ], [ 123.14882198, 0.41471607, 0.0 ], [ 123.14883728, 0.41471094, 0.0 ], [ 123.14885666, 0.41470721, 0.0 ], [ 123.14888103, 0.4147037, 0.0 ], [ 123.14889636, 0.4147015, 0.0 ], [ 123.14890513, 0.41470024, 0.0 ], [ 123.14891411, 0.41470024, 0.0 ], [ 123.14892601, 0.41469724, 0.0 ], [ 123.14893918, 0.41469393, 0.0 ], [ 123.14895006, 0.41469119, 0.0 ], [ 123.14897858, 0.41469119, 0.0 ], [ 123.14898601, 0.41469119, 0.0 ], [ 123.14899526, 0.41468886, 0.0 ], [ 123.14900709, 0.41468588, 0.0 ], [ 123.14902196, 0.41468214, 0.0 ], [ 123.14902853, 0.41467883, 0.0 ], [ 123.14903395, 0.4146761, 0.0 ], [ 123.14904276, 0.41467452, 0.0 ], [ 123.14905004, 0.41467818, 0.0 ], [ 123.1490579, 0.41468214, 0.0 ], [ 123.14906418, 0.41468214, 0.0 ], [ 123.14907488, 0.41468214, 0.0 ], [ 123.14908237, 0.41468214, 0.0 ], [ 123.14909099, 0.41467597, 0.0 ], [ 123.14909705, 0.41466987, 0.0 ], [ 123.14910284, 0.41466404, 0.0 ], [ 123.14910831, 0.41464752, 0.0 ], [ 123.14911182, 0.4146369, 0.0 ], [ 123.14911785, 0.41463084, 0.0 ], [ 123.14912081, 0.41462785, 0.0 ], [ 123.1491298, 0.41462785, 0.0 ], [ 123.14913625, 0.41462136, 0.0 ], [ 123.14914784, 0.41460969, 0.0 ], [ 123.14915676, 0.41460071, 0.0 ], [ 123.14916272, 0.41459671, 0.0 ], [ 123.14917268, 0.41459003, 0.0 ], [ 123.14918372, 0.41458262, 0.0 ], [ 123.14921907, 0.4145755, 0.0 ], [ 123.14922387, 0.41457453, 0.0 ], [ 123.14922865, 0.41457357, 0.0 ], [ 123.14925892, 0.41457357, 0.0 ], [ 123.14928068, 0.41457357, 0.0 ], [ 123.14929388, 0.41457357, 0.0 ], [ 123.14930351, 0.41457717, 0.0 ], [ 123.14930954, 0.41458261, 0.0 ], [ 123.14932751, 0.41459166, 0.0 ], [ 123.14934491, 0.41460334, 0.0 ], [ 123.14935843, 0.41460975, 0.0 ], [ 123.14937876, 0.41460975, 0.0 ], [ 123.14939941, 0.41460975, 0.0 ], [ 123.14942336, 0.41460631, 0.0 ], [ 123.14943794, 0.41460421, 0.0 ], [ 123.14945127, 0.41460229, 0.0 ], [ 123.14946232, 0.41460071, 0.0 ], [ 123.14947649, 0.41460374, 0.0 ], [ 123.14948612, 0.41460266, 0.0 ], [ 123.14949826, 0.4146007, 0.0 ], [ 123.14951978, 0.41459529, 0.0 ], [ 123.14952733, 0.41459339, 0.0 ], [ 123.14953027, 0.41459265, 0.0 ], [ 123.1495356, 0.41459306, 0.0 ], [ 123.14953667, 0.41459414, 0.0 ], [ 123.14953929, 0.41459677, 0.0 ], [ 123.14954036, 0.41459785, 0.0 ], [ 123.1495445, 0.41459739, 0.0 ], [ 123.14954739, 0.41459648, 0.0 ], [ 123.14954924, 0.41459462, 0.0 ], [ 123.14955218, 0.41459166, 0.0 ], [ 123.14955625, 0.41459029, 0.0 ], [ 123.14956139, 0.41458857, 0.0 ], [ 123.14956902, 0.41458601, 0.0 ], [ 123.14957665, 0.41458344, 0.0 ], [ 123.14958242, 0.41458261, 0.0 ], [ 123.14958813, 0.41458261, 0.0 ], [ 123.14960282, 0.41458097, 0.0 ], [ 123.14961636, 0.41457945, 0.0 ], [ 123.14963083, 0.41457783, 0.0 ], [ 123.14964415, 0.41457634, 0.0 ], [ 123.14965458, 0.41457517, 0.0 ], [ 123.14966477, 0.41457403, 0.0 ], [ 123.14966901, 0.41457356, 0.0 ], [ 123.14967247, 0.41457414, 0.0 ], [ 123.1496776, 0.414575, 0.0 ], [ 123.14970833, 0.41458015, 0.0 ], [ 123.14974673, 0.4145866, 0.0 ], [ 123.14976788, 0.41459015, 0.0 ], [ 123.14977415, 0.4145912, 0.0 ], [ 123.1497786, 0.41459107, 0.0 ], [ 123.14978266, 0.4145897, 0.0 ], [ 123.14979037, 0.41458712, 0.0 ], [ 123.1497949, 0.4145856, 0.0 ], [ 123.14979889, 0.41458426, 0.0 ], [ 123.14980239, 0.41458308, 0.0 ], [ 123.14980926, 0.4145826, 0.0 ], [ 123.14981806, 0.4145826, 0.0 ], [ 123.14983887, 0.4145826, 0.0 ], [ 123.14985504, 0.4145826, 0.0 ], [ 123.14989784, 0.4145826, 0.0 ], [ 123.14991353, 0.4145826, 0.0 ], [ 123.14993125, 0.4145826, 0.0 ], [ 123.14993731, 0.4145826, 0.0 ], [ 123.14994432, 0.4145826, 0.0 ], [ 123.14994959, 0.41458128, 0.0 ], [ 123.14995719, 0.41457617, 0.0 ], [ 123.14996624, 0.4145701, 0.0 ], [ 123.1499703, 0.41456737, 0.0 ], [ 123.14997197, 0.41456625, 0.0 ], [ 123.14997741, 0.41456379, 0.0 ], [ 123.14999518, 0.41455932, 0.0 ], [ 123.15001052, 0.41455546, 0.0 ], [ 123.15004342, 0.41454552, 0.0 ], [ 123.15009095, 0.41453116, 0.0 ], [ 123.15010413, 0.41452706, 0.0 ], [ 123.15012178, 0.41452113, 0.0 ], [ 123.15012499, 0.41452006, 0.0 ], [ 123.15012929, 0.41451992, 0.0 ], [ 123.15013417, 0.41452156, 0.0 ], [ 123.15014954, 0.41452671, 0.0 ], [ 123.15015431, 0.41452831, 0.0 ], [ 123.15017664, 0.41453393, 0.0 ], [ 123.15019026, 0.41453736, 0.0 ], [ 123.15022294, 0.41454394, 0.0 ], [ 123.15023069, 0.4145455, 0.0 ], [ 123.15023302, 0.41454597, 0.0 ], [ 123.15023447, 0.41454626, 0.0 ], [ 123.15023677, 0.41454482, 0.0 ], [ 123.15023855, 0.41454302, 0.0 ], [ 123.15024087, 0.41454069, 0.0 ], [ 123.15024283, 0.41453871, 0.0 ], [ 123.15024582, 0.41453681, 0.0 ], [ 123.1502505, 0.41453524, 0.0 ], [ 123.150274, 0.41452735, 0.0 ], [ 123.15030289, 0.41451766, 0.0 ], [ 123.15031591, 0.41451329, 0.0 ], [ 123.15032044, 0.41451177, 0.0 ], [ 123.15032361, 0.4145107, 0.0 ], [ 123.15032668, 0.41450858, 0.0 ], [ 123.15033079, 0.41450445, 0.0 ], [ 123.1503416, 0.41449356, 0.0 ], [ 123.15034598, 0.41448915, 0.0 ], [ 123.15035748, 0.41447758, 0.0 ], [ 123.15036101, 0.41447403, 0.0 ], [ 123.15036439, 0.41447175, 0.0 ], [ 123.15037482, 0.41446476, 0.0 ], [ 123.15039131, 0.41445369, 0.0 ], [ 123.15039943, 0.41444824, 0.0 ], [ 123.15040382, 0.41444529, 0.0 ], [ 123.15040727, 0.41444297, 0.0 ], [ 123.15041005, 0.41444111, 0.0 ], [ 123.1504135, 0.41443879, 0.0 ], [ 123.15041703, 0.41443784, 0.0 ], [ 123.15041917, 0.41443784, 0.0 ], [ 123.15042464, 0.41443784, 0.0 ], [ 123.15042832, 0.41443784, 0.0 ], [ 123.15043403, 0.41443784, 0.0 ], [ 123.15043985, 0.41443784, 0.0 ], [ 123.15044493, 0.41443661, 0.0 ], [ 123.15045073, 0.41443427, 0.0 ], [ 123.15046699, 0.41442773, 0.0 ], [ 123.1504796, 0.41442265, 0.0 ], [ 123.15048408, 0.41442084, 0.0 ], [ 123.15048793, 0.41441807, 0.0 ], [ 123.1504959, 0.41440603, 0.0 ], [ 123.1504994, 0.41440075, 0.0 ], [ 123.15050143, 0.41439769, 0.0 ], [ 123.15050273, 0.41439573, 0.0 ], [ 123.15050536, 0.41439462, 0.0 ], [ 123.1505091, 0.41439476, 0.0 ], [ 123.15051438, 0.41439742, 0.0 ], [ 123.15054396, 0.41441231, 0.0 ], [ 123.15056864, 0.41442473, 0.0 ], [ 123.15061172, 0.41444642, 0.0 ], [ 123.15063823, 0.41445718, 0.0 ], [ 123.15065758, 0.41446497, 0.0 ], [ 123.15067283, 0.41447265, 0.0 ], [ 123.15067724, 0.414473, 0.0 ], [ 123.15067971, 0.41447151, 0.0 ], [ 123.15068613, 0.41446763, 0.0 ], [ 123.15070777, 0.41445456, 0.0 ], [ 123.15071496, 0.41445022, 0.0 ], [ 123.15071726, 0.41444882, 0.0 ], [ 123.15071915, 0.41444768, 0.0 ], [ 123.15072163, 0.41444726, 0.0 ], [ 123.15072648, 0.41444889, 0.0 ], [ 123.1507339, 0.41445138, 0.0 ], [ 123.15074214, 0.41445414, 0.0 ], [ 123.15074571, 0.41445534, 0.0 ], [ 123.15075016, 0.41445592, 0.0 ], [ 123.15075468, 0.41445592, 0.0 ], [ 123.15075931, 0.41445592, 0.0 ], [ 123.15076383, 0.41445592, 0.0 ], [ 123.15076687, 0.41445519, 0.0 ], [ 123.1507741, 0.41445155, 0.0 ], [ 123.150779, 0.41444909, 0.0 ], [ 123.15078109, 0.41444804, 0.0 ], [ 123.15078521, 0.41444627, 0.0 ], [ 123.15079463, 0.41444311, 0.0 ], [ 123.15080793, 0.41443864, 0.0 ], [ 123.15081628, 0.41443584, 0.0 ], [ 123.15082455, 0.41443306, 0.0 ], [ 123.15083197, 0.41443057, 0.0 ], [ 123.15083479, 0.41442963, 0.0 ], [ 123.15083719, 0.4144304, 0.0 ], [ 123.15084032, 0.4144318, 0.0 ], [ 123.15084376, 0.41443527, 0.0 ], [ 123.15084442, 0.41443593, 0.0 ], [ 123.15084872, 0.41443783, 0.0 ], [ 123.15085549, 0.41443783, 0.0 ], [ 123.15086536, 0.41443783, 0.0 ], [ 123.15087571, 0.41443783, 0.0 ], [ 123.15088213, 0.41443783, 0.0 ], [ 123.15088736, 0.41443783, 0.0 ], [ 123.15089124, 0.41443783, 0.0 ], [ 123.15090429, 0.41444111, 0.0 ], [ 123.15091645, 0.41444417, 0.0 ], [ 123.15092364, 0.41444598, 0.0 ], [ 123.15092476, 0.41444626, 0.0 ], [ 123.15093077, 0.41444567, 0.0 ], [ 123.15094169, 0.41444201, 0.0 ], [ 123.1509541, 0.41443784, 0.0 ], [ 123.15096683, 0.41443357, 0.0 ], [ 123.15097971, 0.41442925, 0.0 ], [ 123.15098813, 0.41442642, 0.0 ], [ 123.1509938, 0.41442452, 0.0 ], [ 123.15100193, 0.41442179, 0.0 ], [ 123.15100485, 0.41442081, 0.0 ], [ 123.15100696, 0.4144201, 0.0 ], [ 123.15101004, 0.41441841, 0.0 ], [ 123.15101706, 0.41441369, 0.0 ], [ 123.151026, 0.41440769, 0.0 ], [ 123.15102825, 0.41440618, 0.0 ], [ 123.15103209, 0.4144036, 0.0 ], [ 123.15103366, 0.41440255, 0.0 ], [ 123.15103763, 0.41440163, 0.0 ], [ 123.15104596, 0.41440163, 0.0 ], [ 123.15105689, 0.41440163, 0.0 ], [ 123.15106902, 0.41440163, 0.0 ], [ 123.15107627, 0.41440163, 0.0 ], [ 123.15108281, 0.41440335, 0.0 ], [ 123.15108602, 0.41440622, 0.0 ], [ 123.15108745, 0.41441005, 0.0 ], [ 123.15109054, 0.4144152, 0.0 ], [ 123.15109351, 0.41441771, 0.0 ], [ 123.15109637, 0.41441973, 0.0 ], [ 123.15109937, 0.4144226, 0.0 ], [ 123.15110279, 0.4144295, 0.0 ], [ 123.15110455, 0.41443304, 0.0 ], [ 123.15110861, 0.41443447, 0.0 ], [ 123.1511123, 0.41443483, 0.0 ], [ 123.15111698, 0.41443479, 0.0 ], [ 123.15112308, 0.41443294, 0.0 ], [ 123.15113801, 0.41442843, 0.0 ], [ 123.15115824, 0.41442232, 0.0 ], [ 123.15116443, 0.41442045, 0.0 ], [ 123.15117513, 0.41441722, 0.0 ], [ 123.15118119, 0.41441539, 0.0 ], [ 123.1511879, 0.41441337, 0.0 ], [ 123.15119111, 0.4144124, 0.0 ], [ 123.15119552, 0.41441244, 0.0 ], [ 123.15120052, 0.41441255, 0.0 ], [ 123.15120375, 0.41441418, 0.0 ], [ 123.15121012, 0.41441739, 0.0 ], [ 123.15121198, 0.41441832, 0.0 ], [ 123.15121797, 0.41441937, 0.0 ], [ 123.15123241, 0.41441775, 0.0 ], [ 123.15124491, 0.41441635, 0.0 ], [ 123.15125509, 0.41441522, 0.0 ], [ 123.15129084, 0.41441122, 0.0 ], [ 123.15129404, 0.41441086, 0.0 ], [ 123.15129565, 0.41441068, 0.0 ], [ 123.15130197, 0.4144075, 0.0 ], [ 123.15130934, 0.41440379, 0.0 ], [ 123.15131229, 0.4144023, 0.0 ], [ 123.15131572, 0.41440163, 0.0 ], [ 123.15132261, 0.41440163, 0.0 ], [ 123.15132697, 0.41440189, 0.0 ], [ 123.1513316, 0.41440163, 0.0 ], [ 123.15133509, 0.41439987, 0.0 ], [ 123.15134779, 0.41439348, 0.0 ], [ 123.15135502, 0.41438984, 0.0 ], [ 123.15136168, 0.41438649, 0.0 ], [ 123.15136387, 0.41438539, 0.0 ], [ 123.1513662, 0.41438421, 0.0 ], [ 123.15136754, 0.41438144, 0.0 ], [ 123.15136754, 0.41437857, 0.0 ], [ 123.15136754, 0.41437366, 0.0 ], [ 123.15136754, 0.41436947, 0.0 ], [ 123.15136754, 0.41436544, 0.0 ], [ 123.15136968, 0.41436221, 0.0 ], [ 123.15137208, 0.41435859, 0.0 ], [ 123.15138077, 0.41434547, 0.0 ], [ 123.15138552, 0.4143383, 0.0 ], [ 123.15138768, 0.41433394, 0.0 ], [ 123.15139065, 0.41432796, 0.0 ], [ 123.15139396, 0.4143213, 0.0 ], [ 123.15139598, 0.41431723, 0.0 ], [ 123.15139962, 0.41430991, 0.0 ], [ 123.15140121, 0.4143067, 0.0 ], [ 123.15140264, 0.41430383, 0.0 ], [ 123.151407, 0.41430078, 0.0 ], [ 123.15140959, 0.4142998, 0.0 ], [ 123.15141372, 0.41429825, 0.0 ], [ 123.15144628, 0.41428595, 0.0 ], [ 123.15146102, 0.41428039, 0.0 ], [ 123.15147031, 0.41427688, 0.0 ], [ 123.15147539, 0.41427496, 0.0 ], [ 123.15149508, 0.41426124, 0.0 ], [ 123.15150637, 0.41425337, 0.0 ], [ 123.15155003, 0.41422294, 0.0 ], [ 123.15157931, 0.41420253, 0.0 ], [ 123.15158896, 0.4141958, 0.0 ], [ 123.15159221, 0.41419354, 0.0 ], [ 123.15159313, 0.41419262, 0.0 ], [ 123.15159711, 0.4141886, 0.0 ], [ 123.15159985, 0.41418585, 0.0 ], [ 123.15160208, 0.41418317, 0.0 ], [ 123.15161205, 0.41416811, 0.0 ], [ 123.15161598, 0.41416217, 0.0 ], [ 123.15161917, 0.41415735, 0.0 ], [ 123.15162524, 0.41415246, 0.0 ], [ 123.15163386, 0.41414552, 0.0 ], [ 123.15164293, 0.41413821, 0.0 ], [ 123.15164896, 0.41413336, 0.0 ], [ 123.1516551, 0.41412842, 0.0 ], [ 123.151662, 0.41412286, 0.0 ], [ 123.15166514, 0.41412047, 0.0 ], [ 123.15167403, 0.4141145, 0.0 ], [ 123.15171443, 0.41408689, 0.0 ], [ 123.15176427, 0.4140524, 0.0 ], [ 123.15180582, 0.41402363, 0.0 ], [ 123.15181226, 0.41401918, 0.0 ], [ 123.15181564, 0.41401507, 0.0 ], [ 123.15181969, 0.41400944, 0.0 ], [ 123.15182278, 0.41400354, 0.0 ], [ 123.15182428, 0.41399689, 0.0 ], [ 123.15182587, 0.41399077, 0.0 ], [ 123.15182801, 0.4139873, 0.0 ], [ 123.15183038, 0.41398574, 0.0 ], [ 123.15183276, 0.41398586, 0.0 ], [ 123.15183597, 0.41398873, 0.0 ], [ 123.15184056, 0.41399118, 0.0 ], [ 123.15184525, 0.41399449, 0.0 ], [ 123.15185226, 0.41399449, 0.0 ], [ 123.15186058, 0.41399449, 0.0 ], [ 123.15186914, 0.41399316, 0.0 ], [ 123.15187271, 0.41399257, 0.0 ], [ 123.15187842, 0.41398682, 0.0 ], [ 123.15188288, 0.41398367, 0.0 ], [ 123.1518928, 0.41397796, 0.0 ], [ 123.15190308, 0.41397205, 0.0 ], [ 123.15191192, 0.41396696, 0.0 ], [ 123.15191612, 0.41396455, 0.0 ], [ 123.15195746, 0.41394076, 0.0 ], [ 123.15197038, 0.41393333, 0.0 ], [ 123.15199804, 0.41391741, 0.0 ], [ 123.15200303, 0.41391455, 0.0 ], [ 123.15200838, 0.41391074, 0.0 ], [ 123.15201672, 0.41390374, 0.0 ], [ 123.15202498, 0.41389681, 0.0 ], [ 123.15202964, 0.4138929, 0.0 ], [ 123.15203771, 0.41388613, 0.0 ], [ 123.15204261, 0.41388202, 0.0 ], [ 123.15204836, 0.4138772, 0.0 ], [ 123.15205283, 0.41387345, 0.0 ], [ 123.15205651, 0.41387216, 0.0 ], [ 123.15206067, 0.41387144, 0.0 ], [ 123.15206257, 0.41387491, 0.0 ], [ 123.15206269, 0.41388005, 0.0 ], [ 123.15206198, 0.41388472, 0.0 ], [ 123.15206262, 0.41388875, 0.0 ], [ 123.15206365, 0.41389131, 0.0 ], [ 123.15206602, 0.41389166, 0.0 ], [ 123.15207161, 0.41389166, 0.0 ], [ 123.1520775, 0.41389195, 0.0 ], [ 123.15208707, 0.41389035, 0.0 ], [ 123.15210953, 0.41388658, 0.0 ], [ 123.15211345, 0.41388592, 0.0 ], [ 123.15211638, 0.41388431, 0.0 ], [ 123.15213802, 0.41387243, 0.0 ], [ 123.15218362, 0.41384739, 0.0 ], [ 123.15219425, 0.41384155, 0.0 ], [ 123.15220593, 0.41383514, 0.0 ], [ 123.15221231, 0.41383163, 0.0 ], [ 123.15221626, 0.41382832, 0.0 ], [ 123.15222272, 0.41382289, 0.0 ], [ 123.15224296, 0.41380592, 0.0 ], [ 123.15225365, 0.41379695, 0.0 ], [ 123.15225769, 0.41379356, 0.0 ], [ 123.15226208, 0.41378987, 0.0 ], [ 123.15226623, 0.4137864, 0.0 ], [ 123.15226824, 0.41378235, 0.0 ], [ 123.1522706, 0.41377758, 0.0 ], [ 123.15227169, 0.4137754, 0.0 ], [ 123.15227596, 0.4137703, 0.0 ], [ 123.15227837, 0.4137664, 0.0 ], [ 123.15228336, 0.41376338, 0.0 ], [ 123.15228993, 0.41375941, 0.0 ], [ 123.15229528, 0.41375618, 0.0 ], [ 123.15231622, 0.41374353, 0.0 ], [ 123.15234534, 0.41372594, 0.0 ], [ 123.15235558, 0.41371976, 0.0 ], [ 123.15236233, 0.41371568, 0.0 ], [ 123.15236653, 0.41371277, 0.0 ], [ 123.1523722, 0.41370787, 0.0 ], [ 123.15237975, 0.41370136, 0.0 ], [ 123.15239874, 0.41368497, 0.0 ], [ 123.15240894, 0.41367617, 0.0 ], [ 123.1524182, 0.41366818, 0.0 ], [ 123.15242216, 0.41366476, 0.0 ], [ 123.15242526, 0.41366209, 0.0 ], [ 123.15242947, 0.41365973, 0.0 ], [ 123.15243346, 0.41365973, 0.0 ], [ 123.15243788, 0.41365973, 0.0 ], [ 123.15244259, 0.41365973, 0.0 ], [ 123.15245204, 0.41365606, 0.0 ], [ 123.15247249, 0.41364371, 0.0 ], [ 123.15248621, 0.41363542, 0.0 ], [ 123.15249298, 0.41363091, 0.0 ], [ 123.15250596, 0.41362045, 0.0 ], [ 123.15252482, 0.41360527, 0.0 ], [ 123.15253583, 0.4135964, 0.0 ], [ 123.15254511, 0.41359017, 0.0 ], [ 123.1525531, 0.41358481, 0.0 ], [ 123.15257099, 0.4135728, 0.0 ], [ 123.15258274, 0.41356491, 0.0 ], [ 123.15258975, 0.41356021, 0.0 ], [ 123.15259908, 0.41355082, 0.0 ], [ 123.15260721, 0.41354263, 0.0 ], [ 123.15261463, 0.41353516, 0.0 ], [ 123.15262105, 0.4135287, 0.0 ], [ 123.1526257, 0.41352402, 0.0 ], [ 123.15263237, 0.41351898, 0.0 ], [ 123.15264451, 0.41350982, 0.0 ], [ 123.15265067, 0.41350516, 0.0 ], [ 123.15265636, 0.41350087, 0.0 ], [ 123.15265841, 0.41349932, 0.0 ], [ 123.15266165, 0.41349688, 0.0 ], [ 123.15266367, 0.41349077, 0.0 ], [ 123.15266552, 0.41348517, 0.0 ], [ 123.15266808, 0.41347746, 0.0 ], [ 123.1526699, 0.41347194, 0.0 ], [ 123.15267279, 0.41346648, 0.0 ], [ 123.15267529, 0.4134627, 0.0 ], [ 123.15267841, 0.41345799, 0.0 ], [ 123.15269529, 0.4134325, 0.0 ], [ 123.15270099, 0.41342389, 0.0 ], [ 123.15270466, 0.41341835, 0.0 ], [ 123.15270766, 0.41341467, 0.0 ], [ 123.15271344, 0.41341052, 0.0 ], [ 123.15272194, 0.4134044, 0.0 ], [ 123.15273036, 0.41339835, 0.0 ], [ 123.15273872, 0.41339234, 0.0 ], [ 123.15274758, 0.41338596, 0.0 ], [ 123.15275688, 0.41337928, 0.0 ], [ 123.1527624, 0.41337531, 0.0 ], [ 123.15276713, 0.41337191, 0.0 ], [ 123.15277116, 0.41336685, 0.0 ], [ 123.15277848, 0.41335212, 0.0 ], [ 123.15278662, 0.41333844, 0.0 ], [ 123.15279544, 0.41332366, 0.0 ], [ 123.15280086, 0.41331456, 0.0 ], [ 123.15280402, 0.41330925, 0.0 ], [ 123.15280992, 0.4133035, 0.0 ], [ 123.15281023, 0.41330326, 0.0 ], [ 123.15281688, 0.41329824, 0.0 ], [ 123.15284473, 0.41327721, 0.0 ], [ 123.15286239, 0.41326387, 0.0 ], [ 123.15287566, 0.41325386, 0.0 ], [ 123.15288522, 0.41324664, 0.0 ], [ 123.15289321, 0.41324061, 0.0 ], [ 123.15290373, 0.41323266, 0.0 ], [ 123.15290942, 0.41322837, 0.0 ], [ 123.15291439, 0.41322545, 0.0 ], [ 123.15291824, 0.41322545, 0.0 ], [ 123.15292226, 0.41322545, 0.0 ], [ 123.15292834, 0.41322138, 0.0 ], [ 123.15293558, 0.41321651, 0.0 ], [ 123.15294701, 0.41320885, 0.0 ], [ 123.15294922, 0.41320736, 0.0 ], [ 123.15295747, 0.41320124, 0.0 ], [ 123.15296489, 0.41319635, 0.0 ], [ 123.15297757, 0.41319079, 0.0 ], [ 123.15298187, 0.41318993, 0.0 ], [ 123.1529892, 0.41318521, 0.0 ], [ 123.15299419, 0.41318018, 0.0 ], [ 123.15299862, 0.41317573, 0.0 ], [ 123.15303007, 0.41314406, 0.0 ], [ 123.15304448, 0.41312955, 0.0 ], [ 123.15304898, 0.41312503, 0.0 ], [ 123.15305411, 0.41311986, 0.0 ], [ 123.15305707, 0.41311688, 0.0 ], [ 123.15305785, 0.41311372, 0.0 ], [ 123.15305935, 0.41310767, 0.0 ], [ 123.15306173, 0.4130981, 0.0 ], [ 123.15306439, 0.41308739, 0.0 ], [ 123.15306605, 0.41308069, 0.0 ], [ 123.15306605, 0.41307355, 0.0 ], [ 123.15306605, 0.41306924, 0.0 ], [ 123.15306605, 0.413023, 0.0 ], [ 123.15306605, 0.41301237, 0.0 ], [ 123.15306605, 0.41300447, 0.0 ], [ 123.15306605, 0.41299927, 0.0 ], [ 123.15306789, 0.41299186, 0.0 ], [ 123.15307035, 0.41298196, 0.0 ], [ 123.15307823, 0.41295023, 0.0 ], [ 123.15308061, 0.41294063, 0.0 ], [ 123.1530821, 0.41293462, 0.0 ], [ 123.15308368, 0.41292826, 0.0 ], [ 123.15308537, 0.41292485, 0.0 ], [ 123.15308708, 0.41292227, 0.0 ], [ 123.15309553, 0.41290952, 0.0 ], [ 123.153102, 0.41289975, 0.0 ], [ 123.15310516, 0.41289339, 0.0 ], [ 123.15310923, 0.41288519, 0.0 ], [ 123.15311098, 0.41288165, 0.0 ], [ 123.15311098, 0.41287501, 0.0 ], [ 123.15311333, 0.41287083, 0.0 ], [ 123.1531186, 0.41286686, 0.0 ], [ 123.15312249, 0.41286392, 0.0 ], [ 123.153127, 0.41286051, 0.0 ], [ 123.15313336, 0.41285571, 0.0 ], [ 123.15314109, 0.41284987, 0.0 ], [ 123.15314693, 0.41284546, 0.0 ], [ 123.15315078, 0.41284094, 0.0 ], [ 123.15315677, 0.41283391, 0.0 ], [ 123.15318029, 0.41280628, 0.0 ], [ 123.15319178, 0.41279279, 0.0 ], [ 123.15320085, 0.41278213, 0.0 ], [ 123.15320608, 0.41277686, 0.0 ], [ 123.15321141, 0.4127715, 0.0 ], [ 123.15321674, 0.41276614, 0.0 ], [ 123.15322018, 0.41275995, 0.0 ], [ 123.15322202, 0.41275438, 0.0 ], [ 123.15322421, 0.41274778, 0.0 ], [ 123.15322661, 0.41274054, 0.0 ], [ 123.15323688, 0.41270951, 0.0 ], [ 123.15324175, 0.41269481, 0.0 ], [ 123.15324578, 0.41268261, 0.0 ], [ 123.1532477, 0.4126749, 0.0 ], [ 123.15325064, 0.41266305, 0.0 ], [ 123.15325212, 0.41265711, 0.0 ], [ 123.1532534, 0.41265192, 0.0 ], [ 123.15325428, 0.41264841, 0.0 ], [ 123.15325397, 0.41264319, 0.0 ], [ 123.15325234, 0.41263665, 0.0 ], [ 123.15325128, 0.41263237, 0.0 ], [ 123.15324931, 0.41262444, 0.0 ], [ 123.15324768, 0.41261786, 0.0 ], [ 123.15324654, 0.41261327, 0.0 ], [ 123.15324673, 0.41260737, 0.0 ], [ 123.15325078, 0.41259513, 0.0 ], [ 123.15325341, 0.4125872, 0.0 ], [ 123.15325477, 0.41257972, 0.0 ], [ 123.15325477, 0.41257225, 0.0 ], [ 123.15325477, 0.41256499, 0.0 ], [ 123.15325477, 0.41256056, 0.0 ], [ 123.15325477, 0.41255463, 0.0 ], [ 123.15325477, 0.41254754, 0.0 ], [ 123.15325477, 0.41254486, 0.0 ], [ 123.15325716, 0.41254065, 0.0 ], [ 123.15325811, 0.41253912, 0.0 ], [ 123.15325983, 0.41253531, 0.0 ], [ 123.1532647, 0.41253285, 0.0 ], [ 123.15327041, 0.41252998, 0.0 ], [ 123.15327371, 0.41252686, 0.0 ], [ 123.15327618, 0.41252188, 0.0 ], [ 123.15328892, 0.41249622, 0.0 ], [ 123.15329319, 0.41248764, 0.0 ], [ 123.15329722, 0.41247952, 0.0 ], [ 123.15330205, 0.41246979, 0.0 ], [ 123.15330422, 0.41246543, 0.0 ], [ 123.15330452, 0.41246003, 0.0 ], [ 123.15330452, 0.41245734, 0.0 ], [ 123.15330489, 0.41245132, 0.0 ], [ 123.15330322, 0.41244909, 0.0 ], [ 123.1532974, 0.41244127, 0.0 ], [ 123.15329199, 0.41243401, 0.0 ], [ 123.15328783, 0.41242844, 0.0 ], [ 123.15328567, 0.41242553, 0.0 ], [ 123.15328252, 0.4124213, 0.0 ], [ 123.15328173, 0.41241483, 0.0 ], [ 123.15328173, 0.41241215, 0.0 ], [ 123.15328173, 0.41238515, 0.0 ], [ 123.15328173, 0.41237079, 0.0 ], [ 123.15328173, 0.41236447, 0.0 ], [ 123.15328173, 0.41236064, 0.0 ], [ 123.15328317, 0.41235401, 0.0 ], [ 123.15328552, 0.41234926, 0.0 ], [ 123.15328762, 0.41234504, 0.0 ], [ 123.15329074, 0.41233876, 0.0 ], [ 123.15329329, 0.41233363, 0.0 ], [ 123.15329255, 0.41232791, 0.0 ], [ 123.15328847, 0.412326, 0.0 ], [ 123.15328179, 0.41232376, 0.0 ], [ 123.15327631, 0.41232192, 0.0 ], [ 123.1532707, 0.41231866, 0.0 ], [ 123.15326708, 0.41231502, 0.0 ], [ 123.15326175, 0.41230966, 0.0 ], [ 123.1532569, 0.41230478, 0.0 ], [ 123.15325289, 0.41230225, 0.0 ], [ 123.15324627, 0.41230091, 0.0 ], [ 123.15324365, 0.41229821, 0.0 ], [ 123.15324422, 0.41229514, 0.0 ], [ 123.15324796, 0.41229221, 0.0 ], [ 123.15325476, 0.41229358, 0.0 ], [ 123.1532606, 0.4122877, 0.0 ], [ 123.15326716, 0.41228109, 0.0 ], [ 123.15327009, 0.41227331, 0.0 ], [ 123.15327274, 0.41226643, 0.0 ], [ 123.15327336, 0.41226207, 0.0 ], [ 123.15327415, 0.4122565, 0.0 ], [ 123.15327518, 0.41224923, 0.0 ], [ 123.15327664, 0.41223894, 0.0 ], [ 123.15327794, 0.41222977, 0.0 ], [ 123.15327925, 0.41222052, 0.0 ], [ 123.15328062, 0.41221087, 0.0 ], [ 123.15328107, 0.4122077, 0.0 ], [ 123.15328587, 0.4122031, 0.0 ], [ 123.15329291, 0.4122031, 0.0 ], [ 123.15330115, 0.41220237, 0.0 ], [ 123.15330685, 0.4121995, 0.0 ], [ 123.15332032, 0.41219272, 0.0 ], [ 123.1533293, 0.4121882, 0.0 ], [ 123.15333934, 0.41218315, 0.0 ], [ 123.15334817, 0.4121787, 0.0 ], [ 123.15335776, 0.41217388, 0.0 ], [ 123.15336803, 0.41216871, 0.0 ], [ 123.1533721, 0.41216539, 0.0 ], [ 123.15337447, 0.4121582, 0.0 ], [ 123.15337731, 0.41214964, 0.0 ], [ 123.15338058, 0.41213977, 0.0 ], [ 123.15338058, 0.41213256, 0.0 ], [ 123.15338058, 0.4121249, 0.0 ], [ 123.15338058, 0.41208296, 0.0 ], [ 123.15338058, 0.41206739, 0.0 ], [ 123.15338058, 0.41205835, 0.0 ], [ 123.15337743, 0.4120425, 0.0 ], [ 123.15336589, 0.41198443, 0.0 ], [ 123.1533626, 0.41196787, 0.0 ], [ 123.15335529, 0.41192007, 0.0 ], [ 123.15334983, 0.41188433, 0.0 ], [ 123.15334652, 0.41186263, 0.0 ], [ 123.15334567, 0.41185711, 0.0 ], [ 123.15334179, 0.41184625, 0.0 ], [ 123.15333569, 0.4118376, 0.0 ], [ 123.15330404, 0.41179276, 0.0 ], [ 123.15329229, 0.41177612, 0.0 ], [ 123.15326824, 0.41174203, 0.0 ], [ 123.15321385, 0.41166498, 0.0 ], [ 123.1531754, 0.4116105, 0.0 ], [ 123.15314182, 0.41156292, 0.0 ], [ 123.1531171, 0.4115279, 0.0 ], [ 123.15310509, 0.41151089, 0.0 ], [ 123.15309486, 0.41150468, 0.0 ], [ 123.15307204, 0.41149893, 0.0 ], [ 123.15304322, 0.41149168, 0.0 ], [ 123.15303354, 0.41148925, 0.0 ], [ 123.15302559, 0.41148933, 0.0 ], [ 123.1529863, 0.41149772, 0.0 ], [ 123.15285368, 0.41152605, 0.0 ], [ 123.15275304, 0.41154754, 0.0 ], [ 123.15273351, 0.41155171, 0.0 ], [ 123.15272307, 0.41155591, 0.0 ], [ 123.15271421, 0.41155948, 0.0 ], [ 123.15270179, 0.41156448, 0.0 ], [ 123.15269695, 0.41156643, 0.0 ], [ 123.15269075, 0.41156554, 0.0 ], [ 123.1526866, 0.41156254, 0.0 ], [ 123.15268395, 0.41155276, 0.0 ], [ 123.1526794, 0.41153594, 0.0 ], [ 123.15267477, 0.41151885, 0.0 ], [ 123.15267068, 0.41150376, 0.0 ], [ 123.1526663, 0.41148762, 0.0 ], [ 123.15266225, 0.41147265, 0.0 ], [ 123.15266161, 0.41146476, 0.0 ], [ 123.15266161, 0.41145016, 0.0 ], [ 123.15266161, 0.41143579, 0.0 ], [ 123.15265793, 0.41142885, 0.0 ], [ 123.15265484, 0.41142287, 0.0 ], [ 123.15264842, 0.41142071, 0.0 ], [ 123.15264096, 0.41142082, 0.0 ], [ 123.15263772, 0.41141497, 0.0 ], [ 123.15263465, 0.41140994, 0.0 ], [ 123.15263465, 0.4114042, 0.0 ], [ 123.15263465, 0.41137978, 0.0 ], [ 123.15263465, 0.41136183, 0.0 ], [ 123.15263465, 0.41134818, 0.0 ], [ 123.15263465, 0.41133861, 0.0 ], [ 123.15263465, 0.41133458, 0.0 ], [ 123.1526323, 0.41132275, 0.0 ], [ 123.15263039, 0.41131318, 0.0 ], [ 123.15262903, 0.41130632, 0.0 ], [ 123.15262739, 0.41129808, 0.0 ], [ 123.15262626, 0.41129237, 0.0 ], [ 123.15262566, 0.41128666, 0.0 ], [ 123.15262566, 0.41127996, 0.0 ], [ 123.15262566, 0.41122251, 0.0 ], [ 123.15262566, 0.41120767, 0.0 ], [ 123.15262566, 0.41119642, 0.0 ], [ 123.15262566, 0.41118637, 0.0 ], [ 123.15262566, 0.41117173, 0.0 ], [ 123.15262404, 0.4111636, 0.0 ], [ 123.1526209, 0.41114777, 0.0 ], [ 123.15261797, 0.41113303, 0.0 ], [ 123.15261506, 0.41112001, 0.0 ], [ 123.15260893, 0.41109534, 0.0 ], [ 123.15260768, 0.41108655, 0.0 ], [ 123.15260768, 0.41107194, 0.0 ], [ 123.15260768, 0.4110583, 0.0 ], [ 123.15260768, 0.41104506, 0.0 ], [ 123.15260565, 0.4110328, 0.0 ], [ 123.15260297, 0.41101661, 0.0 ], [ 123.15259988, 0.41099798, 0.0 ], [ 123.15259707, 0.41098019, 0.0 ], [ 123.15259511, 0.41096734, 0.0 ], [ 123.15259446, 0.4109631, 0.0 ], [ 123.15258721, 0.41091568, 0.0 ], [ 123.15258391, 0.4108941, 0.0 ], [ 123.15258137, 0.41087746, 0.0 ], [ 123.15257844, 0.41085943, 0.0 ], [ 123.15257516, 0.41083959, 0.0 ], [ 123.15257316, 0.41082752, 0.0 ], [ 123.15257025, 0.41081443, 0.0 ], [ 123.15255841, 0.41077721, 0.0 ], [ 123.15255094, 0.41075215, 0.0 ], [ 123.15254599, 0.41073553, 0.0 ], [ 123.15254207, 0.4107224, 0.0 ], [ 123.15253764, 0.41070753, 0.0 ], [ 123.15253531, 0.41069755, 0.0 ], [ 123.15252859, 0.4106434, 0.0 ], [ 123.15252679, 0.41062889, 0.0 ], [ 123.15252679, 0.41061689, 0.0 ], [ 123.15252679, 0.41060037, 0.0 ], [ 123.15252679, 0.41059128, 0.0 ], [ 123.15252588, 0.4105782, 0.0 ], [ 123.15252225, 0.41055623, 0.0 ], [ 123.15252, 0.41054265, 0.0 ], [ 123.15251261, 0.410498, 0.0 ], [ 123.15250899, 0.41047615, 0.0 ], [ 123.15250606, 0.41045845, 0.0 ], [ 123.1525026, 0.41043757, 0.0 ], [ 123.15250065, 0.4104258, 0.0 ], [ 123.15249934, 0.41041637, 0.0 ], [ 123.15249315, 0.41036036, 0.0 ], [ 123.15249141, 0.41034457, 0.0 ], [ 123.15248923, 0.41032403, 0.0 ], [ 123.1524878, 0.41031036, 0.0 ], [ 123.15248595, 0.41029269, 0.0 ], [ 123.15248239, 0.41025864, 0.0 ], [ 123.15247613, 0.4101988, 0.0 ], [ 123.15247286, 0.41016748, 0.0 ], [ 123.15247123, 0.41014611, 0.0 ], [ 123.15246863, 0.41011213, 0.0 ], [ 123.15246664, 0.41008606, 0.0 ], [ 123.15246595, 0.41007714, 0.0 ], [ 123.15246387, 0.41004987, 0.0 ], [ 123.15246542, 0.41001854, 0.0 ], [ 123.15246623, 0.41000224, 0.0 ], [ 123.15246748, 0.40997716, 0.0 ], [ 123.15246822, 0.40996223, 0.0 ], [ 123.1524692, 0.4099425, 0.0 ], [ 123.15247031, 0.40992007, 0.0 ], [ 123.15247156, 0.40989494, 0.0 ], [ 123.15247214, 0.40988324, 0.0 ], [ 123.15247337, 0.40986266, 0.0 ], [ 123.15247751, 0.40981261, 0.0 ], [ 123.15248004, 0.40978206, 0.0 ], [ 123.15248187, 0.40975997, 0.0 ], [ 123.15248422, 0.40973157, 0.0 ], [ 123.15248593, 0.40971094, 0.0 ], [ 123.15248738, 0.40969333, 0.0 ], [ 123.15248828, 0.40968248, 0.0 ], [ 123.15248935, 0.40966956, 0.0 ], [ 123.15249008, 0.40966072, 0.0 ], [ 123.15248993, 0.4096492, 0.0 ], [ 123.15248558, 0.4096366, 0.0 ], [ 123.15248172, 0.40962543, 0.0 ], [ 123.15247709, 0.40961205, 0.0 ], [ 123.1524648, 0.40957647, 0.0 ], [ 123.15245525, 0.40954882, 0.0 ], [ 123.15244677, 0.40952429, 0.0 ], [ 123.15243704, 0.40949613, 0.0 ], [ 123.15243266, 0.40948345, 0.0 ], [ 123.15242262, 0.40945439, 0.0 ], [ 123.15241092, 0.40942894, 0.0 ], [ 123.15240039, 0.4094095, 0.0 ], [ 123.15238092, 0.40937357, 0.0 ], [ 123.15236875, 0.4093511, 0.0 ], [ 123.15235688, 0.40933193, 0.0 ], [ 123.15235259, 0.40932544, 0.0 ], [ 123.15234703, 0.40931704, 0.0 ], [ 123.15233245, 0.40930726, 0.0 ], [ 123.15232614, 0.40930302, 0.0 ], [ 123.15231501, 0.40929895, 0.0 ], [ 123.15229886, 0.4092957, 0.0 ], [ 123.1522931, 0.4092899, 0.0 ], [ 123.15228091, 0.40928376, 0.0 ], [ 123.15227072, 0.40928085, 0.0 ], [ 123.15225497, 0.40928094, 0.0 ], [ 123.15224817, 0.40928085, 0.0 ], [ 123.15223893, 0.40928783, 0.0 ], [ 123.15222889, 0.40929541, 0.0 ], [ 123.15221967, 0.40930237, 0.0 ], [ 123.15221458, 0.40930621, 0.0 ], [ 123.15219131, 0.40921358, 0.0 ], [ 123.15217003, 0.40912883, 0.0 ], [ 123.15215696, 0.40906308, 0.0 ], [ 123.15213896, 0.4089725, 0.0 ], [ 123.15217648, 0.40852694, 0.0 ], [ 123.15228345, 0.40815873, 0.0 ], [ 123.15231236, 0.40805923, 0.0 ], [ 123.15233565, 0.4079537, 0.0 ], [ 123.15237965, 0.40780909, 0.0 ], [ 123.15255047, 0.40760845, 0.0 ], [ 123.15281023, 0.40738616, 0.0 ], [ 123.15283517, 0.40736482, 0.0 ], [ 123.15294799, 0.40725439, 0.0 ], [ 123.15302152, 0.40718242, 0.0 ], [ 123.15310693, 0.40703781, 0.0 ], [ 123.15317422, 0.40684239, 0.0 ], [ 123.15335539, 0.40661569, 0.0 ], [ 123.15348739, 0.40654013, 0.0 ], [ 123.15370855, 0.40654299, 0.0 ], [ 123.15378892, 0.40654403, 0.0 ], [ 123.15396622, 0.40658832, 0.0 ], [ 123.1540568, 0.40656487, 0.0 ], [ 123.15419009, 0.40642807, 0.0 ], [ 123.15425868, 0.40635121, 0.0 ], [ 123.15425998, 0.40635004, 0.0 ], [ 123.15435574, 0.40626392, 0.0 ], [ 123.15443856, 0.40623135, 0.0 ], [ 123.15465597, 0.40622352, 0.0 ], [ 123.1550895, 0.40620137, 0.0 ], [ 123.15526292, 0.406217, 0.0 ], [ 123.15538068, 0.40628605, 0.0 ], [ 123.15544021, 0.40630949, 0.0 ], [ 123.1555748, 0.40618833, 0.0 ], [ 123.15558256, 0.40611798, 0.0 ], [ 123.15554762, 0.40602809, 0.0 ], [ 123.15550232, 0.40591995, 0.0 ], [ 123.15553985, 0.40581703, 0.0 ], [ 123.15561102, 0.40563594, 0.0 ], [ 123.15567757, 0.40544569, 0.0 ], [ 123.15574819, 0.40524379, 0.0 ], [ 123.15586854, 0.40491679, 0.0 ], [ 123.15601145, 0.40454135, 0.0 ], [ 123.15614676, 0.4041859, 0.0 ], [ 123.15638522, 0.40370915, 0.0 ], [ 123.15640349, 0.40369075, 0.0 ], [ 123.15643255, 0.4036615, 0.0 ], [ 123.15655208, 0.40357284, 0.0 ], [ 123.15666531, 0.40349367, 0.0 ], [ 123.15676911, 0.403424, 0.0 ], [ 123.15688234, 0.40335434, 0.0 ], [ 123.1569767, 0.40329417, 0.0 ], [ 123.15709623, 0.40322451, 0.0 ], [ 123.15723148, 0.40314851, 0.0 ], [ 123.15730181, 0.40310493, 0.0 ], [ 123.15731326, 0.40309784, 0.0 ], [ 123.1573856, 0.40305034, 0.0 ], [ 123.15746424, 0.40300284, 0.0 ], [ 123.15755231, 0.40293951, 0.0 ], [ 123.15765296, 0.40286667, 0.0 ], [ 123.15775991, 0.40278118, 0.0 ], [ 123.15781652, 0.40272418, 0.0 ], [ 123.15788572, 0.40266084, 0.0 ], [ 123.15795492, 0.40259435, 0.0 ], [ 123.15804928, 0.40251201, 0.0 ], [ 123.15819711, 0.40240751, 0.0 ], [ 123.15832607, 0.40232202, 0.0 ], [ 123.1584456, 0.40225552, 0.0 ], [ 123.15856512, 0.40218585, 0.0 ], [ 123.15876635, 0.4021958, 0.0 ], [ 123.15889468, 0.40218364, 0.0 ], [ 123.15907586, 0.40210307, 0.0 ], [ 123.15909844, 0.40208485, 0.0 ], [ 123.15941628, 0.40182831, 0.0 ], [ 123.15942613, 0.40182036, 0.0 ], [ 123.15964656, 0.40166076, 0.0 ], [ 123.15982471, 0.40148292, 0.0 ], [ 123.15997116, 0.40126405, 0.0 ], [ 123.1601025, 0.40103454, 0.0 ], [ 123.16018856, 0.40088558, 0.0 ], [ 123.16023083, 0.40086278, 0.0 ], [ 123.16038332, 0.40077918, 0.0 ], [ 123.1604573, 0.40072902, 0.0 ], [ 123.16048448, 0.40063022, 0.0 ], [ 123.16048599, 0.40055423, 0.0 ], [ 123.16048598, 0.40047367, 0.0 ], [ 123.16048598, 0.40040831, 0.0 ], [ 123.16051467, 0.40032775, 0.0 ], [ 123.16057053, 0.40029279, 0.0 ], [ 123.160643, 0.40026543, 0.0 ], [ 123.16083323, 0.40023351, 0.0 ], [ 123.16097667, 0.40020159, 0.0 ], [ 123.16111255, 0.40016815, 0.0 ], [ 123.16125145, 0.40011951, 0.0 ], [ 123.16154133, 0.39993407, 0.0 ], [ 123.16163342, 0.39982767, 0.0 ], [ 123.16168777, 0.39969847, 0.0 ], [ 123.16176024, 0.39957536, 0.0 ], [ 123.16179497, 0.3995252, 0.0 ], [ 123.16185687, 0.39946136, 0.0 ], [ 123.1619233, 0.39942792, 0.0 ], [ 123.16213165, 0.39942032, 0.0 ], [ 123.1622464, 0.39945071, 0.0 ], [ 123.1623853, 0.39950391, 0.0 ], [ 123.16259818, 0.3996027, 0.0 ], [ 123.16277785, 0.39968629, 0.0 ], [ 123.1630466, 0.399779, 0.0 ], [ 123.16322627, 0.39985956, 0.0 ], [ 123.16344066, 0.39990211, 0.0 ], [ 123.16378338, 0.39989147, 0.0 ], [ 123.16397362, 0.3998869, 0.0 ], [ 123.16409139, 0.39988842, 0.0 ], [ 123.1641548, 0.39989602, 0.0 ], [ 123.16434352, 0.39999329, 0.0 ], [ 123.16436878, 0.40001961, 0.0 ], [ 123.16447186, 0.40012704, 0.0 ], [ 123.16457, 0.40022888, 0.0 ], [ 123.16471796, 0.40039151, 0.0 ], [ 123.16479798, 0.4004827, 0.0 ], [ 123.16491424, 0.40051462, 0.0 ], [ 123.16499426, 0.40049638, 0.0 ], [ 123.16500634, 0.40043254, 0.0 ], [ 123.16500935, 0.40031551, 0.0 ], [ 123.16500784, 0.40019087, 0.0 ], [ 123.16502747, 0.40009815, 0.0 ], [ 123.16510283, 0.40001961, 0.0 ], [ 123.16511352, 0.40000847, 0.0 ], [ 123.16517995, 0.39992032, 0.0 ], [ 123.16522374, 0.39986712, 0.0 ], [ 123.1652947, 0.39981696, 0.0 ], [ 123.16532036, 0.39979872, 0.0 ], [ 123.16537472, 0.39976224, 0.0 ], [ 123.16578085, 0.39978047, 0.0 ], [ 123.16616585, 0.39976982, 0.0 ], [ 123.1665267, 0.3997531, 0.0 ], [ 123.16686187, 0.39969685, 0.0 ], [ 123.16708834, 0.39964365, 0.0 ], [ 123.16743257, 0.3995646, 0.0 ], [ 123.16761375, 0.39955548, 0.0 ], [ 123.16777077, 0.39958436, 0.0 ], [ 123.16816634, 0.39965275, 0.0 ], [ 123.16844112, 0.39965578, 0.0 ], [ 123.16872195, 0.39963146, 0.0 ], [ 123.16894691, 0.39959345, 0.0 ], [ 123.16919753, 0.39954937, 0.0 ], [ 123.16950402, 0.39946273, 0.0 ], [ 123.16987822, 0.3993412, 0.0 ], [ 123.16992525, 0.39932592, 0.0 ], [ 123.17018494, 0.39919976, 0.0 ], [ 123.17031973, 0.39911527, 0.0 ], [ 123.17034498, 0.39909944, 0.0 ], [ 123.17057748, 0.39896568, 0.0 ], [ 123.1707043, 0.39888056, 0.0 ], [ 123.17151053, 0.39854312, 0.0 ], [ 123.17167485, 0.39849792, 0.0 ], [ 123.17178682, 0.39846712, 0.0 ], [ 123.17201178, 0.39842911, 0.0 ], [ 123.17220655, 0.39840631, 0.0 ], [ 123.17327096, 0.39834397, 0.0 ], [ 123.1743248, 0.39832115, 0.0 ], [ 123.1751416, 0.39837737, 0.0 ], [ 123.17526812, 0.3983818, 0.0 ], [ 123.17544507, 0.398388, 0.0 ], [ 123.17566853, 0.39847159, 0.0 ], [ 123.17576818, 0.39855519, 0.0 ], [ 123.17588617, 0.39867026, 0.0 ], [ 123.1759989, 0.3987876, 0.0 ], [ 123.17613225, 0.39885745, 0.0 ], [ 123.17620712, 0.39894838, 0.0 ], [ 123.17620221, 0.39895827, 0.0 ], [ 123.17619746, 0.39896784, 0.0 ], [ 123.17618915, 0.39897552, 0.0 ], [ 123.17618332, 0.39898503, 0.0 ], [ 123.17617914, 0.39899269, 0.0 ], [ 123.17617648, 0.39900036, 0.0 ], [ 123.17617423, 0.39900612, 0.0 ], [ 123.17617558, 0.39901558, 0.0 ], [ 123.17617658, 0.39902266, 0.0 ], [ 123.17617779, 0.39903119, 0.0 ], [ 123.17617945, 0.3990429, 0.0 ], [ 123.17618396, 0.39904981, 0.0 ], [ 123.17619096, 0.39905334, 0.0 ], [ 123.17620626, 0.39906104, 0.0 ], [ 123.17622132, 0.39906862, 0.0 ], [ 123.17623409, 0.39907504, 0.0 ], [ 123.17624826, 0.39908218, 0.0 ], [ 123.17625604, 0.39908466, 0.0 ], [ 123.17626294, 0.39908565, 0.0 ], [ 123.17627204, 0.39908696, 0.0 ], [ 123.17628778, 0.39908923, 0.0 ], [ 123.17631005, 0.39909243, 0.0 ], [ 123.17631497, 0.39909314, 0.0 ], [ 123.17632215, 0.39909675, 0.0 ], [ 123.176329, 0.3991002, 0.0 ], [ 123.17633486, 0.39910315, 0.0 ], [ 123.17634589, 0.3991087, 0.0 ], [ 123.17634772, 0.39910962, 0.0 ], [ 123.1763589, 0.39911123, 0.0 ], [ 123.17636993, 0.39911123, 0.0 ], [ 123.17637393, 0.39911123, 0.0 ], [ 123.1763799, 0.39910919, 0.0 ], [ 123.17638836, 0.39910067, 0.0 ], [ 123.17639245, 0.39909656, 0.0 ], [ 123.17639878, 0.39909387, 0.0 ], [ 123.17640402, 0.39909519, 0.0 ], [ 123.17641212, 0.39909723, 0.0 ], [ 123.17642707, 0.39910099, 0.0 ], [ 123.17643173, 0.39910216, 0.0 ], [ 123.17644265, 0.39910491, 0.0 ], [ 123.17645357, 0.39910766, 0.0 ], [ 123.17646077, 0.39910947, 0.0 ], [ 123.17646288, 0.39911, 0.0 ], [ 123.17646982, 0.39910914, 0.0 ], [ 123.17647391, 0.39910502, 0.0 ], [ 123.17647874, 0.39910218, 0.0 ], [ 123.17648572, 0.39910218, 0.0 ], [ 123.17649471, 0.39910218, 0.0 ], [ 123.1764995, 0.39910238, 0.0 ], [ 123.17650389, 0.39910533, 0.0 ], [ 123.17651241, 0.39911104, 0.0 ], [ 123.1765187, 0.39911527, 0.0 ], [ 123.17652005, 0.39911617, 0.0 ], [ 123.17652689, 0.39912076, 0.0 ], [ 123.17653756, 0.39912792, 0.0 ], [ 123.17654646, 0.39912932, 0.0 ], [ 123.17655842, 0.39912942, 0.0 ], [ 123.1765683, 0.39913066, 0.0 ], [ 123.17658212, 0.3991324, 0.0 ], [ 123.17662388, 0.39913766, 0.0 ], [ 123.17665498, 0.39914121, 0.0 ], [ 123.17667298, 0.39914323, 0.0 ], [ 123.17668499, 0.39914457, 0.0 ], [ 123.17669707, 0.39914592, 0.0 ], [ 123.17670655, 0.39914698, 0.0 ], [ 123.17671455, 0.39914636, 0.0 ], [ 123.17672878, 0.39914278, 0.0 ], [ 123.17673648, 0.39914084, 0.0 ], [ 123.17674234, 0.39913937, 0.0 ], [ 123.17675267, 0.39913836, 0.0 ], [ 123.17677169, 0.39913836, 0.0 ], [ 123.17678405, 0.39913836, 0.0 ], [ 123.17679661, 0.39913836, 0.0 ], [ 123.17680348, 0.39913755, 0.0 ], [ 123.17681946, 0.39913353, 0.0 ], [ 123.17682863, 0.39913122, 0.0 ], [ 123.17683911, 0.39912834, 0.0 ], [ 123.17685041, 0.39912455, 0.0 ], [ 123.17686012, 0.39912129, 0.0 ], [ 123.17687001, 0.39912076, 0.0 ], [ 123.17688635, 0.39912193, 0.0 ], [ 123.17690471, 0.39912325, 0.0 ], [ 123.17692234, 0.39912452, 0.0 ], [ 123.17695623, 0.39912695, 0.0 ], [ 123.17697265, 0.39912814, 0.0 ], [ 123.17698362, 0.39912892, 0.0 ], [ 123.17698665, 0.39912914, 0.0 ], [ 123.17699323, 0.3991276, 0.0 ], [ 123.17701641, 0.39911827, 0.0 ], [ 123.17702386, 0.39911527, 0.0 ], [ 123.17702868, 0.39911332, 0.0 ], [ 123.17703726, 0.39911021, 0.0 ], [ 123.17705714, 0.3991042, 0.0 ], [ 123.17707545, 0.39909867, 0.0 ], [ 123.17709443, 0.39909294, 0.0 ], [ 123.17711031, 0.39908814, 0.0 ], [ 123.1771201, 0.39908518, 0.0 ], [ 123.17712664, 0.39908407, 0.0 ], [ 123.17713654, 0.39908407, 0.0 ], [ 123.17714871, 0.39908407, 0.0 ], [ 123.17715647, 0.39908335, 0.0 ], [ 123.1771738, 0.39908117, 0.0 ], [ 123.17720618, 0.39907709, 0.0 ], [ 123.17721802, 0.3990756, 0.0 ], [ 123.17722265, 0.39907502, 0.0 ], [ 123.17722835, 0.39907574, 0.0 ], [ 123.17725284, 0.39907882, 0.0 ], [ 123.17727159, 0.39908118, 0.0 ], [ 123.17728175, 0.39908246, 0.0 ], [ 123.17729051, 0.39908356, 0.0 ], [ 123.17729986, 0.39908203, 0.0 ], [ 123.17731843, 0.39907491, 0.0 ], [ 123.17734043, 0.39906647, 0.0 ], [ 123.17736041, 0.39905881, 0.0 ], [ 123.17740115, 0.39904318, 0.0 ], [ 123.17745684, 0.39902182, 0.0 ], [ 123.17747485, 0.39901491, 0.0 ], [ 123.17748076, 0.39901265, 0.0 ], [ 123.17748327, 0.39901168, 0.0 ], [ 123.17750633, 0.39900588, 0.0 ], [ 123.17751532, 0.39900361, 0.0 ], [ 123.17751921, 0.39900264, 0.0 ], [ 123.17752751, 0.39899707, 0.0 ], [ 123.17753216, 0.39899395, 0.0 ], [ 123.17753848, 0.39898971, 0.0 ], [ 123.17754432, 0.39898579, 0.0 ], [ 123.17755027, 0.39898454, 0.0 ], [ 123.17755978, 0.39898454, 0.0 ], [ 123.17756473, 0.39898454, 0.0 ], [ 123.17756948, 0.39898454, 0.0 ], [ 123.17757402, 0.39898231, 0.0 ], [ 123.17757654, 0.39897597, 0.0 ], [ 123.17757935, 0.39896891, 0.0 ], [ 123.17758434, 0.39895633, 0.0 ], [ 123.17758832, 0.39894632, 0.0 ], [ 123.17759046, 0.39894094, 0.0 ], [ 123.17759843, 0.39893636, 0.0 ], [ 123.17760653, 0.39893309, 0.0 ], [ 123.17761611, 0.39892924, 0.0 ], [ 123.17762703, 0.39892484, 0.0 ], [ 123.17763795, 0.39892025, 0.0 ], [ 123.17764677, 0.39891581, 0.0 ], [ 123.17765187, 0.39891324, 0.0 ], [ 123.17765746, 0.39890869, 0.0 ], [ 123.17766421, 0.39890189, 0.0 ], [ 123.17768761, 0.39887834, 0.0 ], [ 123.1777033, 0.39886254, 0.0 ], [ 123.17770794, 0.39885788, 0.0 ], [ 123.17771763, 0.39884649, 0.0 ], [ 123.17773428, 0.39882693, 0.0 ], [ 123.17774349, 0.39881612, 0.0 ], [ 123.1777502, 0.39880823, 0.0 ], [ 123.17775578, 0.39880169, 0.0 ], [ 123.17775888, 0.39879804, 0.0 ], [ 123.17776186, 0.39879454, 0.0 ], [ 123.17777751, 0.39878666, 0.0 ], [ 123.17778961, 0.39878057, 0.0 ], [ 123.17780148, 0.3987746, 0.0 ], [ 123.1778081, 0.39877126, 0.0 ], [ 123.17781252, 0.39876904, 0.0 ], [ 123.17782076, 0.3987674, 0.0 ], [ 123.17783769, 0.3987674, 0.0 ], [ 123.17784701, 0.3987674, 0.0 ], [ 123.17785381, 0.39876698, 0.0 ], [ 123.17786577, 0.39876457, 0.0 ], [ 123.1778797, 0.39876177, 0.0 ], [ 123.17789666, 0.39875835, 0.0 ], [ 123.17790633, 0.39875511, 0.0 ], [ 123.17791969, 0.39875062, 0.0 ], [ 123.17792362, 0.3987493, 0.0 ], [ 123.17792766, 0.39874523, 0.0 ], [ 123.17793118, 0.39874169, 0.0 ], [ 123.17793576, 0.3987398, 0.0 ], [ 123.17795546, 0.39873697, 0.0 ], [ 123.17797597, 0.39873402, 0.0 ], [ 123.17801861, 0.39872789, 0.0 ], [ 123.17803291, 0.39872583, 0.0 ], [ 123.178039, 0.39872495, 0.0 ], [ 123.17804412, 0.39872422, 0.0 ], [ 123.17805038, 0.39872332, 0.0 ], [ 123.17805424, 0.39872276, 0.0 ], [ 123.17806024, 0.39872033, 0.0 ], [ 123.17806557, 0.39871497, 0.0 ], [ 123.17806911, 0.39871026, 0.0 ], [ 123.17807536, 0.39869978, 0.0 ], [ 123.178081, 0.39869032, 0.0 ], [ 123.17808568, 0.39868246, 0.0 ], [ 123.17809026, 0.39867477, 0.0 ], [ 123.17809303, 0.39867013, 0.0 ], [ 123.17809437, 0.39866788, 0.0 ], [ 123.17809437, 0.39866327, 0.0 ], [ 123.17809658, 0.39866078, 0.0 ], [ 123.17809944, 0.39865883, 0.0 ], [ 123.17810305, 0.39865883, 0.0 ], [ 123.17810724, 0.39865883, 0.0 ], [ 123.17811234, 0.39865883, 0.0 ], [ 123.17811838, 0.39866035, 0.0 ], [ 123.1781237, 0.39866169, 0.0 ], [ 123.17812711, 0.39866254, 0.0 ], [ 123.17813051, 0.3986634, 0.0 ], [ 123.17813539, 0.39866463, 0.0 ], [ 123.17813938, 0.39866212, 0.0 ], [ 123.17814091, 0.39866021, 0.0 ], [ 123.17814167, 0.39865791, 0.0 ], [ 123.17814458, 0.39865292, 0.0 ], [ 123.1781435, 0.39864859, 0.0 ], [ 123.17814256, 0.39864481, 0.0 ], [ 123.17814102, 0.39863859, 0.0 ], [ 123.17814022, 0.39863539, 0.0 ], [ 123.1781393, 0.39863168, 0.0 ], [ 123.17813366, 0.39862884, 0.0 ], [ 123.1781294, 0.3986267, 0.0 ], [ 123.17812588, 0.39862018, 0.0 ], [ 123.17812133, 0.39861559, 0.0 ], [ 123.17812133, 0.39861003, 0.0 ], [ 123.17812133, 0.39860454, 0.0 ], [ 123.17811928, 0.39860144, 0.0 ], [ 123.17811708, 0.39859813, 0.0 ], [ 123.17811372, 0.39859305, 0.0 ], [ 123.17811082, 0.39858867, 0.0 ], [ 123.17810868, 0.39858545, 0.0 ], [ 123.17811066, 0.39858188, 0.0 ], [ 123.17811256, 0.39858112, 0.0 ], [ 123.17811791, 0.39858301, 0.0 ], [ 123.17812133, 0.39858645, 0.0 ], [ 123.17812939, 0.39859659, 0.0 ], [ 123.17813308, 0.39860124, 0.0 ], [ 123.1781429, 0.39861359, 0.0 ], [ 123.17814808, 0.39862011, 0.0 ], [ 123.17815292, 0.39862621, 0.0 ], [ 123.17815586, 0.3986299, 0.0 ], [ 123.17816982, 0.39863168, 0.0 ], [ 123.17818424, 0.39863168, 0.0 ], [ 123.17818979, 0.39863168, 0.0 ], [ 123.17822917, 0.39863168, 0.0 ], [ 123.17823412, 0.39863168, 0.0 ], [ 123.17824314, 0.39863001, 0.0 ], [ 123.1782525, 0.39862687, 0.0 ], [ 123.17825935, 0.39862457, 0.0 ], [ 123.17826624, 0.3986215, 0.0 ], [ 123.17827024, 0.39861748, 0.0 ], [ 123.17827411, 0.39861359, 0.0 ], [ 123.17827827, 0.39861202, 0.0 ], [ 123.17829781, 0.39860464, 0.0 ], [ 123.17832595, 0.39859402, 0.0 ], [ 123.17833622, 0.39859014, 0.0 ], [ 123.178346, 0.39858644, 0.0 ], [ 123.17835527, 0.39858411, 0.0 ], [ 123.17836583, 0.39858145, 0.0 ], [ 123.17837349, 0.39857953, 0.0 ], [ 123.17838195, 0.3985774, 0.0 ], [ 123.17839105, 0.3985774, 0.0 ], [ 123.17840018, 0.3985774, 0.0 ], [ 123.1784057, 0.3985774, 0.0 ], [ 123.17841401, 0.39857547, 0.0 ], [ 123.17843114, 0.398569, 0.0 ], [ 123.1784474, 0.39856286, 0.0 ], [ 123.17846354, 0.39855677, 0.0 ], [ 123.17847553, 0.39855225, 0.0 ], [ 123.17848081, 0.39855025, 0.0 ], [ 123.17848843, 0.39854642, 0.0 ], [ 123.17849451, 0.39854335, 0.0 ], [ 123.17850319, 0.39853899, 0.0 ], [ 123.17851247, 0.39853431, 0.0 ], [ 123.17851879, 0.39853113, 0.0 ], [ 123.17852845, 0.39852627, 0.0 ], [ 123.17853473, 0.39852311, 0.0 ], [ 123.17854661, 0.39851912, 0.0 ], [ 123.17856772, 0.39851204, 0.0 ], [ 123.17858159, 0.39850738, 0.0 ], [ 123.17858865, 0.39850501, 0.0 ], [ 123.17860573, 0.39849443, 0.0 ], [ 123.17862555, 0.39848215, 0.0 ], [ 123.17863838, 0.3984742, 0.0 ], [ 123.17865203, 0.39846575, 0.0 ], [ 123.17866762, 0.39845609, 0.0 ], [ 123.17868101, 0.39844779, 0.0 ], [ 123.17869171, 0.39844116, 0.0 ], [ 123.17869846, 0.39843698, 0.0 ], [ 123.17870288, 0.39843424, 0.0 ], [ 123.17871216, 0.39843167, 0.0 ], [ 123.17872161, 0.39843031, 0.0 ], [ 123.1787311, 0.39842895, 0.0 ], [ 123.17874044, 0.3984276, 0.0 ], [ 123.17875304, 0.39842579, 0.0 ], [ 123.17878055, 0.39842183, 0.0 ], [ 123.17879288, 0.39842006, 0.0 ], [ 123.17880641, 0.39841811, 0.0 ], [ 123.17881671, 0.39841663, 0.0 ], [ 123.17882456, 0.39841833, 0.0 ], [ 123.17883129, 0.39841871, 0.0 ], [ 123.17883683, 0.3984187, 0.0 ], [ 123.17884205, 0.3984141, 0.0 ], [ 123.17884783, 0.39840901, 0.0 ], [ 123.17885652, 0.39840136, 0.0 ], [ 123.17886138, 0.39839708, 0.0 ], [ 123.17886413, 0.39839466, 0.0 ], [ 123.17887718, 0.39838316, 0.0 ], [ 123.17889103, 0.39837096, 0.0 ], [ 123.17889563, 0.39836691, 0.0 ], [ 123.17890033, 0.39836277, 0.0 ], [ 123.17890727, 0.39835875, 0.0 ], [ 123.17891694, 0.39835522, 0.0 ], [ 123.17893852, 0.39834731, 0.0 ], [ 123.17894909, 0.39834345, 0.0 ], [ 123.17896618, 0.39833719, 0.0 ], [ 123.17898165, 0.39833152, 0.0 ], [ 123.17899098, 0.39832811, 0.0 ], [ 123.17899772, 0.39832564, 0.0 ], [ 123.1790068, 0.39832406, 0.0 ], [ 123.17901103, 0.39832406, 0.0 ], [ 123.17902628, 0.39832235, 0.0 ], [ 123.17903968, 0.39832085, 0.0 ], [ 123.17907075, 0.39831738, 0.0 ], [ 123.17909191, 0.39831501, 0.0 ], [ 123.17909606, 0.39831397, 0.0 ], [ 123.17911177, 0.39831001, 0.0 ], [ 123.17911875, 0.39830825, 0.0 ], [ 123.17912515, 0.39830664, 0.0 ], [ 123.17913501, 0.39830596, 0.0 ], [ 123.17914583, 0.39830596, 0.0 ], [ 123.17915936, 0.39830596, 0.0 ], [ 123.17917838, 0.39830596, 0.0 ], [ 123.17920387, 0.39830596, 0.0 ], [ 123.17921851, 0.39830596, 0.0 ], [ 123.1792357, 0.39830596, 0.0 ], [ 123.17924678, 0.3983041, 0.0 ], [ 123.17925767, 0.39830227, 0.0 ], [ 123.17927797, 0.39829887, 0.0 ], [ 123.17928962, 0.39829691, 0.0 ], [ 123.17930135, 0.39829297, 0.0 ], [ 123.17931254, 0.39828922, 0.0 ], [ 123.17931979, 0.39828679, 0.0 ], [ 123.17932892, 0.39828372, 0.0 ], [ 123.17933462, 0.39828181, 0.0 ], [ 123.17934085, 0.39827972, 0.0 ], [ 123.17934787, 0.39827881, 0.0 ], [ 123.17936194, 0.39827881, 0.0 ], [ 123.17939789, 0.39827881, 0.0 ], [ 123.17943118, 0.39827881, 0.0 ], [ 123.17945477, 0.39827881, 0.0 ], [ 123.1794757, 0.39827881, 0.0 ], [ 123.17949225, 0.39827881, 0.0 ], [ 123.17950347, 0.39827881, 0.0 ], [ 123.1795095, 0.39827689, 0.0 ], [ 123.17952062, 0.3982718, 0.0 ], [ 123.17953477, 0.39826533, 0.0 ], [ 123.17955979, 0.39825388, 0.0 ], [ 123.17957418, 0.3982473, 0.0 ], [ 123.17959229, 0.39823901, 0.0 ], [ 123.17959778, 0.39823649, 0.0 ], [ 123.17960012, 0.39823542, 0.0 ], [ 123.17960961, 0.39823357, 0.0 ], [ 123.17961665, 0.39823357, 0.0 ], [ 123.17962883, 0.39823357, 0.0 ], [ 123.17964011, 0.39823357, 0.0 ], [ 123.17965831, 0.39823357, 0.0 ], [ 123.17966516, 0.39823357, 0.0 ], [ 123.17967439, 0.39822989, 0.0 ], [ 123.17968025, 0.39822694, 0.0 ], [ 123.17969083, 0.39822161, 0.0 ], [ 123.17970757, 0.39821319, 0.0 ], [ 123.17971207, 0.39821092, 0.0 ], [ 123.17971594, 0.39820897, 0.0 ], [ 123.17972727, 0.39820327, 0.0 ], [ 123.17973496, 0.3981994, 0.0 ], [ 123.17973897, 0.39819738, 0.0 ], [ 123.17975304, 0.39819423, 0.0 ], [ 123.17976391, 0.3981918, 0.0 ], [ 123.17978059, 0.39818807, 0.0 ], [ 123.17979896, 0.39818396, 0.0 ], [ 123.17981398, 0.3981806, 0.0 ], [ 123.17982391, 0.39817758, 0.0 ], [ 123.17983673, 0.3981722, 0.0 ], [ 123.17984785, 0.39816754, 0.0 ], [ 123.17986974, 0.39815835, 0.0 ], [ 123.17988642, 0.39815136, 0.0 ], [ 123.17990289, 0.39814445, 0.0 ], [ 123.17991666, 0.39813867, 0.0 ], [ 123.17992985, 0.39813296, 0.0 ], [ 123.17994126, 0.39812721, 0.0 ], [ 123.17995229, 0.39812166, 0.0 ], [ 123.17998243, 0.39810649, 0.0 ], [ 123.18000143, 0.39809724, 0.0 ], [ 123.18001673, 0.3980921, 0.0 ], [ 123.18004127, 0.39808387, 0.0 ], [ 123.18005351, 0.39807976, 0.0 ], [ 123.18007895, 0.39807223, 0.0 ], [ 123.18009849, 0.39806644, 0.0 ], [ 123.18011834, 0.39806056, 0.0 ], [ 123.18018079, 0.39804207, 0.0 ], [ 123.18019403, 0.39803815, 0.0 ], [ 123.18020452, 0.39803504, 0.0 ], [ 123.18020885, 0.39803348, 0.0 ], [ 123.18023148, 0.39802437, 0.0 ], [ 123.18024782, 0.39801779, 0.0 ], [ 123.18026366, 0.39801141, 0.0 ], [ 123.1802854, 0.39800266, 0.0 ], [ 123.18029615, 0.39799833, 0.0 ], [ 123.18030999, 0.39799368, 0.0 ], [ 123.18032311, 0.39798928, 0.0 ], [ 123.1803296, 0.39798928, 0.0 ], [ 123.1803321, 0.39799105, 0.0 ], [ 123.18033626, 0.39799259, 0.0 ], [ 123.1803452, 0.39799412, 0.0 ], [ 123.18035237, 0.3979974, 0.0 ], [ 123.18035843, 0.39799496, 0.0 ], [ 123.18036375, 0.39799282, 0.0 ], [ 123.18037418, 0.39798862, 0.0 ], [ 123.1803848, 0.39798434, 0.0 ], [ 123.18038949, 0.39798245, 0.0 ], [ 123.18039501, 0.39798023, 0.0 ], [ 123.18039865, 0.39798023, 0.0 ], [ 123.18040399, 0.39798023, 0.0 ], [ 123.18041387, 0.39797725, 0.0 ], [ 123.18042319, 0.39797444, 0.0 ], [ 123.18044271, 0.39796854, 0.0 ], [ 123.18046914, 0.39796056, 0.0 ], [ 123.18049172, 0.39795374, 0.0 ], [ 123.18049731, 0.39795239, 0.0 ], [ 123.18051187, 0.39794946, 0.0 ], [ 123.18053034, 0.39794574, 0.0 ], [ 123.1805388, 0.39794404, 0.0 ], [ 123.18054249, 0.39794033, 0.0 ], [ 123.18054778, 0.39793499, 0.0 ], [ 123.18055374, 0.39793199, 0.0 ], [ 123.18056135, 0.39792816, 0.0 ], [ 123.18056576, 0.39792595, 0.0 ], [ 123.1805825, 0.39792257, 0.0 ], [ 123.18059637, 0.39791978, 0.0 ], [ 123.18061125, 0.39791678, 0.0 ], [ 123.18062687, 0.39791364, 0.0 ], [ 123.18064542, 0.3979099, 0.0 ], [ 123.18065336, 0.39790831, 0.0 ], [ 123.1806642, 0.39790785, 0.0 ], [ 123.18067486, 0.39790785, 0.0 ], [ 123.18068228, 0.39790785, 0.0 ], [ 123.1806876, 0.39790785, 0.0 ], [ 123.18069966, 0.39790534, 0.0 ], [ 123.18071359, 0.39790103, 0.0 ], [ 123.18073758, 0.3978936, 0.0 ], [ 123.18076741, 0.39788435, 0.0 ], [ 123.18079899, 0.39787457, 0.0 ], [ 123.18080486, 0.39787275, 0.0 ], [ 123.18081595, 0.39787014, 0.0 ], [ 123.18082817, 0.39786768, 0.0 ], [ 123.18084814, 0.39786365, 0.0 ], [ 123.18085334, 0.39786261, 0.0 ], [ 123.18086508, 0.39786261, 0.0 ], [ 123.18087131, 0.39786261, 0.0 ], [ 123.18087625, 0.39786074, 0.0 ], [ 123.18088275, 0.39785829, 0.0 ], [ 123.18089468, 0.39785378, 0.0 ], [ 123.18090633, 0.39784939, 0.0 ], [ 123.18092334, 0.39784296, 0.0 ], [ 123.18093816, 0.39783737, 0.0 ], [ 123.18094843, 0.39783415, 0.0 ], [ 123.1809658, 0.39782978, 0.0 ], [ 123.18098442, 0.39782509, 0.0 ], [ 123.18100151, 0.39782079, 0.0 ], [ 123.18101105, 0.39781839, 0.0 ], [ 123.18101714, 0.39781532, 0.0 ], [ 123.18102199, 0.39781043, 0.0 ], [ 123.18102889, 0.39780612, 0.0 ], [ 123.18105374, 0.39779475, 0.0 ], [ 123.18107539, 0.39778485, 0.0 ], [ 123.18110101, 0.39777312, 0.0 ], [ 123.18111392, 0.39776721, 0.0 ], [ 123.18112294, 0.39776308, 0.0 ], [ 123.18113639, 0.39775921, 0.0 ], [ 123.1811541, 0.39775412, 0.0 ], [ 123.1811754, 0.39774799, 0.0 ], [ 123.18118914, 0.39774399, 0.0 ], [ 123.18125209, 0.39772498, 0.0 ], [ 123.18127024, 0.3977195, 0.0 ], [ 123.18128353, 0.39771575, 0.0 ], [ 123.1813016, 0.39771089, 0.0 ], [ 123.18131984, 0.397706, 0.0 ], [ 123.18135925, 0.39769541, 0.0 ], [ 123.18140171, 0.39768402, 0.0 ], [ 123.18141052, 0.39768165, 0.0 ], [ 123.18141258, 0.39768082, 0.0 ], [ 123.18142957, 0.39767398, 0.0 ], [ 123.18143692, 0.39767102, 0.0 ], [ 123.18145546, 0.39766355, 0.0 ], [ 123.18146379, 0.39766216, 0.0 ], [ 123.18147906, 0.39765959, 0.0 ], [ 123.18151435, 0.39765367, 0.0 ], [ 123.18155704, 0.39764651, 0.0 ], [ 123.18157309, 0.39764405, 0.0 ], [ 123.18159077, 0.39764151, 0.0 ], [ 123.18161549, 0.39763795, 0.0 ], [ 123.18163328, 0.39763539, 0.0 ], [ 123.1816365, 0.39763493, 0.0 ], [ 123.18165479, 0.3976323, 0.0 ], [ 123.18166313, 0.3976311, 0.0 ], [ 123.18167168, 0.39762987, 0.0 ], [ 123.18168103, 0.39762852, 0.0 ], [ 123.18168465, 0.397628, 0.0 ], [ 123.18169253, 0.39762805, 0.0 ], [ 123.1817024, 0.39763004, 0.0 ], [ 123.18171528, 0.39763263, 0.0 ], [ 123.1817272, 0.39763503, 0.0 ], [ 123.18173405, 0.39763641, 0.0 ], [ 123.18174353, 0.39763641, 0.0 ], [ 123.18177663, 0.39763641, 0.0 ], [ 123.18180592, 0.39763641, 0.0 ], [ 123.18182837, 0.3976364, 0.0 ], [ 123.18185329, 0.3976364, 0.0 ], [ 123.18187784, 0.3976364, 0.0 ], [ 123.18189026, 0.39763432, 0.0 ], [ 123.18191793, 0.39762968, 0.0 ], [ 123.18194316, 0.39762544, 0.0 ], [ 123.18196269, 0.39762216, 0.0 ], [ 123.18197639, 0.39761987, 0.0 ], [ 123.18198568, 0.39761831, 0.0 ], [ 123.18199551, 0.3976216, 0.0 ], [ 123.18200624, 0.3976252, 0.0 ], [ 123.18201264, 0.39762735, 0.0 ], [ 123.18202163, 0.39762735, 0.0 ], [ 123.18203582, 0.39762825, 0.0 ], [ 123.18207715, 0.39763085, 0.0 ], [ 123.18209695, 0.39763209, 0.0 ], [ 123.18211537, 0.39763325, 0.0 ], [ 123.182141, 0.39763486, 0.0 ], [ 123.1821602, 0.39763607, 0.0 ], [ 123.18216542, 0.3976364, 0.0 ], [ 123.18217985, 0.3976364, 0.0 ], [ 123.18222717, 0.3976364, 0.0 ], [ 123.18224288, 0.3976364, 0.0 ], [ 123.1822518, 0.3976364, 0.0 ], [ 123.18226107, 0.3976364, 0.0 ], [ 123.18226904, 0.3976364, 0.0 ], [ 123.18227974, 0.39763639, 0.0 ], [ 123.18229067, 0.39763639, 0.0 ], [ 123.18230958, 0.39763639, 0.0 ], [ 123.18232188, 0.39763639, 0.0 ], [ 123.18233377, 0.39763639, 0.0 ], [ 123.18234429, 0.39763639, 0.0 ], [ 123.18234976, 0.39763639, 0.0 ], [ 123.18235713, 0.39763639, 0.0 ], [ 123.18236076, 0.39763639, 0.0 ], [ 123.18236225, 0.39763639, 0.0 ], [ 123.18236594, 0.39763716, 0.0 ], [ 123.18237832, 0.39764056, 0.0 ], [ 123.18238807, 0.39764324, 0.0 ], [ 123.18239744, 0.39764581, 0.0 ], [ 123.18241807, 0.39765148, 0.0 ], [ 123.18244213, 0.39765808, 0.0 ], [ 123.18245464, 0.39766151, 0.0 ], [ 123.18246143, 0.39766338, 0.0 ], [ 123.18247403, 0.39766677, 0.0 ], [ 123.18248934, 0.39767087, 0.0 ], [ 123.18251083, 0.39767664, 0.0 ], [ 123.18253126, 0.39768213, 0.0 ], [ 123.18255431, 0.39768831, 0.0 ], [ 123.1825618, 0.39769032, 0.0 ], [ 123.18257611, 0.39769417, 0.0 ], [ 123.18259444, 0.39769909, 0.0 ], [ 123.18259842, 0.39769972, 0.0 ], [ 123.18261382, 0.39769972, 0.0 ], [ 123.18262256, 0.39769972, 0.0 ], [ 123.18262636, 0.39769972, 0.0 ], [ 123.18263052, 0.39769972, 0.0 ], [ 123.18263141, 0.39769972, 0.0 ], [ 123.1826338, 0.39769936, 0.0 ], [ 123.18264206, 0.39769659, 0.0 ], [ 123.18265358, 0.39769273, 0.0 ], [ 123.18265622, 0.39769184, 0.0 ], [ 123.18265839, 0.39769111, 0.0 ], [ 123.18266119, 0.39769067, 0.0 ], [ 123.18266761, 0.39769067, 0.0 ], [ 123.18267255, 0.39769067, 0.0 ], [ 123.18267677, 0.39769067, 0.0 ], [ 123.18268069, 0.39769143, 0.0 ], [ 123.18269219, 0.39769432, 0.0 ], [ 123.182703, 0.39769704, 0.0 ], [ 123.18270643, 0.39769791, 0.0 ], [ 123.18270793, 0.39769828, 0.0 ], [ 123.18270955, 0.39769869, 0.0 ], [ 123.18271172, 0.39769924, 0.0 ], [ 123.18271242, 0.39769941, 0.0 ], [ 123.18271458, 0.39769843, 0.0 ], [ 123.18271559, 0.39769708, 0.0 ], [ 123.18271755, 0.39769445, 0.0 ], [ 123.18271982, 0.3976914, 0.0 ], [ 123.18272413, 0.39768562, 0.0 ], [ 123.18273325, 0.39767337, 0.0 ], [ 123.18273682, 0.39766858, 0.0 ], [ 123.1827389, 0.39766579, 0.0 ], [ 123.18273981, 0.39766457, 0.0 ], [ 123.18274327, 0.39766308, 0.0 ], [ 123.18275168, 0.39766166, 0.0 ], [ 123.18276221, 0.3976599, 0.0 ], [ 123.18277344, 0.39765801, 0.0 ], [ 123.18278546, 0.397656, 0.0 ], [ 123.18279019, 0.3976552, 0.0 ], [ 123.18279201, 0.3976549, 0.0 ], [ 123.18279302, 0.39765473, 0.0 ], [ 123.18279594, 0.39765468, 0.0 ], [ 123.18280043, 0.39765533, 0.0 ], [ 123.18280917, 0.39765659, 0.0 ], [ 123.18281788, 0.39765784, 0.0 ], [ 123.18282198, 0.39765843, 0.0 ], [ 123.18283916, 0.3976609, 0.0 ], [ 123.18284873, 0.39766228, 0.0 ], [ 123.18285337, 0.39766294, 0.0 ], [ 123.18285607, 0.39766333, 0.0 ], [ 123.18286113, 0.39766459, 0.0 ], [ 123.18287336, 0.39766811, 0.0 ], [ 123.18289283, 0.39767371, 0.0 ], [ 123.18290786, 0.39767803, 0.0 ], [ 123.18291501, 0.39768009, 0.0 ], [ 123.18291893, 0.39768122, 0.0 ], [ 123.18292272, 0.39768196, 0.0 ], [ 123.18293726, 0.39768405, 0.0 ], [ 123.18296626, 0.39768822, 0.0 ], [ 123.18298807, 0.39769136, 0.0 ], [ 123.18301952, 0.39769588, 0.0 ], [ 123.1830395, 0.39769875, 0.0 ], [ 123.18304254, 0.39769919, 0.0 ], [ 123.18304552, 0.39769962, 0.0 ], [ 123.18304763, 0.39769921, 0.0 ], [ 123.18305599, 0.3976964, 0.0 ], [ 123.18306245, 0.39769424, 0.0 ], [ 123.18306962, 0.39769183, 0.0 ], [ 123.18307154, 0.39769118, 0.0 ], [ 123.18308743, 0.39768585, 0.0 ], [ 123.18309309, 0.39768395, 0.0 ], [ 123.18309869, 0.39768207, 0.0 ], [ 123.18310006, 0.39768161, 0.0 ], [ 123.18310709, 0.39768073, 0.0 ], [ 123.18311337, 0.39767994, 0.0 ], [ 123.18312297, 0.39767873, 0.0 ], [ 123.18314296, 0.39767621, 0.0 ], [ 123.18315209, 0.39767506, 0.0 ], [ 123.1831587, 0.39767423, 0.0 ], [ 123.18316488, 0.39767346, 0.0 ], [ 123.18316892, 0.39767295, 0.0 ], [ 123.18317077, 0.39767271, 0.0 ], [ 123.18317468, 0.39767104, 0.0 ], [ 123.18317835, 0.39766899, 0.0 ], [ 123.18318588, 0.39766478, 0.0 ], [ 123.18319001, 0.39766246, 0.0 ], [ 123.18319298, 0.3976608, 0.0 ], [ 123.18321054, 0.39765098, 0.0 ], [ 123.1832204, 0.39764547, 0.0 ], [ 123.18324237, 0.39763318, 0.0 ], [ 123.18324756, 0.39763028, 0.0 ], [ 123.18325014, 0.39762884, 0.0 ], [ 123.18325425, 0.39762645, 0.0 ], [ 123.18325897, 0.39762353, 0.0 ], [ 123.1832646, 0.39762004, 0.0 ], [ 123.18327579, 0.3976131, 0.0 ], [ 123.183279, 0.39761112, 0.0 ], [ 123.1832963, 0.3976004, 0.0 ], [ 123.18331993, 0.39758576, 0.0 ], [ 123.18335146, 0.39756622, 0.0 ], [ 123.18335826, 0.39756202, 0.0 ], [ 123.18336293, 0.39755912, 0.0 ], [ 123.18336539, 0.39755759, 0.0 ], [ 123.18336795, 0.39755601, 0.0 ], [ 123.18336864, 0.39755455, 0.0 ], [ 123.18336967, 0.39755268, 0.0 ], [ 123.18336967, 0.39755003, 0.0 ], [ 123.18336967, 0.39754794, 0.0 ], [ 123.18337057, 0.39754608, 0.0 ], [ 123.18337129, 0.39754447, 0.0 ], [ 123.18337263, 0.39754329, 0.0 ], [ 123.18338284, 0.3975343, 0.0 ], [ 123.183401, 0.3975183, 0.0 ], [ 123.18341811, 0.39750322, 0.0 ], [ 123.18343668, 0.39748686, 0.0 ], [ 123.1834393, 0.39748456, 0.0 ], [ 123.18344156, 0.39748257, 0.0 ], [ 123.18344379, 0.39748144, 0.0 ], [ 123.18344702, 0.39747982, 0.0 ], [ 123.18345409, 0.39747626, 0.0 ], [ 123.18346165, 0.39747245, 0.0 ], [ 123.1834685, 0.397469, 0.0 ], [ 123.18349281, 0.39745677, 0.0 ], [ 123.18350311, 0.39745158, 0.0 ], [ 123.18351421, 0.39744599, 0.0 ], [ 123.18352106, 0.39744255, 0.0 ], [ 123.18352417, 0.39744098, 0.0 ], [ 123.18352845, 0.39743883, 0.0 ], [ 123.18353143, 0.39743733, 0.0 ], [ 123.18354306, 0.39742952, 0.0 ], [ 123.1835496, 0.39742513, 0.0 ], [ 123.1835521, 0.39742345, 0.0 ], [ 123.18355233, 0.39742073, 0.0 ], [ 123.18355185, 0.39741757, 0.0 ], [ 123.1835506, 0.39741531, 0.0 ], [ 123.18354831, 0.39741416, 0.0 ], [ 123.18353264, 0.39740627, 0.0 ], [ 123.18352747, 0.39740367, 0.0 ], [ 123.18352431, 0.39740208, 0.0 ], [ 123.18352244, 0.397399, 0.0 ], [ 123.18352244, 0.39739574, 0.0 ], [ 123.18352244, 0.39739373, 0.0 ], [ 123.18352046, 0.39739209, 0.0 ], [ 123.18351761, 0.39739209, 0.0 ], [ 123.18351542, 0.39739209, 0.0 ], [ 123.1835125, 0.39739089, 0.0 ], [ 123.18350534, 0.39738188, 0.0 ], [ 123.18349878, 0.39737362, 0.0 ], [ 123.18349597, 0.39737009, 0.0 ], [ 123.18349447, 0.3973682, 0.0 ], [ 123.18349359, 0.39736709, 0.0 ], [ 123.18349274, 0.39736603, 0.0 ], [ 123.18349257, 0.39736498, 0.0 ], [ 123.18349239, 0.39736459, 0.0 ], [ 123.1834923, 0.39736393, 0.0 ], [ 123.18349245, 0.39736318, 0.0 ], [ 123.18349287, 0.39736235, 0.0 ], [ 123.18349322, 0.39736187, 0.0 ], [ 123.18349391, 0.39736148, 0.0 ], [ 123.18349483, 0.39736124, 0.0 ], [ 123.1834959, 0.39736115, 0.0 ], [ 123.18349704, 0.39736121, 0.0 ], [ 123.18350108, 0.39736325, 0.0 ], [ 123.18350998, 0.39736772, 0.0 ], [ 123.18351572, 0.39737061, 0.0 ], [ 123.18352093, 0.39737323, 0.0 ], [ 123.18352186, 0.39737371, 0.0 ], [ 123.18352357, 0.397374, 0.0 ], [ 123.18352743, 0.397374, 0.0 ], [ 123.1835291, 0.397374, 0.0 ], [ 123.18353047, 0.397374, 0.0 ], [ 123.18353224, 0.39737454, 0.0 ], [ 123.1835354, 0.39737666, 0.0 ], [ 123.18354185, 0.39738099, 0.0 ], [ 123.18355222, 0.39738795, 0.0 ], [ 123.18355549, 0.39739015, 0.0 ], [ 123.18355693, 0.39739111, 0.0 ], [ 123.1835578, 0.39739169, 0.0 ], [ 123.18355882, 0.39739209, 0.0 ], [ 123.18356184, 0.39739209, 0.0 ], [ 123.18357216, 0.39739209, 0.0 ], [ 123.18358183, 0.39739209, 0.0 ], [ 123.18358419, 0.39739209, 0.0 ], [ 123.183585, 0.39739209, 0.0 ], [ 123.18358624, 0.39739142, 0.0 ], [ 123.18359131, 0.39738759, 0.0 ], [ 123.18360124, 0.39738009, 0.0 ], [ 123.18360759, 0.39737529, 0.0 ], [ 123.18361653, 0.39736855, 0.0 ], [ 123.18361749, 0.39736782, 0.0 ], [ 123.18361793, 0.39736749, 0.0 ], [ 123.18361833, 0.39736687, 0.0 ], [ 123.18361833, 0.39736617, 0.0 ], [ 123.18361783, 0.39736567, 0.0 ], [ 123.183617, 0.39736538, 0.0 ], [ 123.18361391, 0.39736495, 0.0 ], [ 123.1836131, 0.39736433, 0.0 ], [ 123.18361267, 0.39736373, 0.0 ], [ 123.18361231, 0.39736285, 0.0 ], [ 123.18361231, 0.39736143, 0.0 ], [ 123.18361231, 0.39735985, 0.0 ], [ 123.18361231, 0.39735794, 0.0 ], [ 123.18361231, 0.39735708, 0.0 ], [ 123.18361265, 0.39735655, 0.0 ], [ 123.18361322, 0.3973559, 0.0 ], [ 123.18361415, 0.3973559, 0.0 ], [ 123.18361576, 0.3973559, 0.0 ], [ 123.18361733, 0.3973559, 0.0 ], [ 123.18361864, 0.3973559, 0.0 ], [ 123.18362005, 0.3973559, 0.0 ], [ 123.18362085, 0.3973559, 0.0 ], [ 123.18362211, 0.39735549, 0.0 ], [ 123.18362369, 0.39735469, 0.0 ], [ 123.1836261, 0.39735348, 0.0 ], [ 123.183628, 0.39735253, 0.0 ], [ 123.18362935, 0.39735185, 0.0 ], [ 123.18362996, 0.39735154, 0.0 ], [ 123.18363409, 0.39734946, 0.0 ], [ 123.18363653, 0.39734823, 0.0 ], [ 123.18363781, 0.39734759, 0.0 ], [ 123.18363873, 0.39734713, 0.0 ], [ 123.18364049, 0.39734685, 0.0 ], [ 123.18364473, 0.39734685, 0.0 ], [ 123.18364649, 0.39734685, 0.0 ], [ 123.18364654, 0.39734685, 0.0 ], [ 123.18364765, 0.39734685, 0.0 ], [ 123.18364892, 0.39734648, 0.0 ], [ 123.18365442, 0.3973434, 0.0 ], [ 123.18365874, 0.39734099, 0.0 ], [ 123.18366487, 0.39733756, 0.0 ], [ 123.18367333, 0.39733283, 0.0 ], [ 123.18367642, 0.3973311, 0.0 ], [ 123.18368333, 0.39732724, 0.0 ], [ 123.18369139, 0.39732273, 0.0 ], [ 123.18370148, 0.39731708, 0.0 ], [ 123.18371054, 0.39731202, 0.0 ], [ 123.18372027, 0.39730657, 0.0 ], [ 123.1837231, 0.39730499, 0.0 ], [ 123.18372709, 0.39730276, 0.0 ], [ 123.18372801, 0.39730224, 0.0 ], [ 123.18372878, 0.39730182, 0.0 ], [ 123.18372914, 0.39730161, 0.0 ], [ 123.18373232, 0.39730055, 0.0 ], [ 123.18374184, 0.39729735, 0.0 ], [ 123.18375281, 0.39729367, 0.0 ], [ 123.1837561, 0.39729257, 0.0 ], [ 123.18375779, 0.39729193, 0.0 ], [ 123.18376069, 0.39729083, 0.0 ], [ 123.18376419, 0.39728951, 0.0 ], [ 123.18376834, 0.39728794, 0.0 ], [ 123.18377348, 0.39728601, 0.0 ], [ 123.18377689, 0.39728472, 0.0 ], [ 123.18378308, 0.39728238, 0.0 ], [ 123.18379485, 0.39727794, 0.0 ], [ 123.18379662, 0.39727727, 0.0 ], [ 123.18379789, 0.39727679, 0.0 ], [ 123.18379926, 0.39727627, 0.0 ], [ 123.18380127, 0.39727551, 0.0 ], [ 123.18380436, 0.39727435, 0.0 ], [ 123.18381291, 0.39727112, 0.0 ], [ 123.1838174, 0.39726942, 0.0 ], [ 123.18382647, 0.397266, 0.0 ], [ 123.18382722, 0.39726571, 0.0 ], [ 123.18382772, 0.39726552, 0.0 ], [ 123.18382853, 0.39726531, 0.0 ], [ 123.1838292, 0.39726518, 0.0 ], [ 123.18383125, 0.39726477, 0.0 ], [ 123.1838383, 0.39726335, 0.0 ], [ 123.18384891, 0.39726121, 0.0 ], [ 123.18385459, 0.39726007, 0.0 ], [ 123.1838672, 0.39725753, 0.0 ], [ 123.18387341, 0.39725628, 0.0 ], [ 123.18388347, 0.39725425, 0.0 ], [ 123.18389053, 0.39725283, 0.0 ], [ 123.18390601, 0.39724971, 0.0 ], [ 123.1839198, 0.39724694, 0.0 ], [ 123.18393248, 0.39724438, 0.0 ], [ 123.18394426, 0.39724201, 0.0 ], [ 123.18395724, 0.3972394, 0.0 ], [ 123.18395981, 0.39723888, 0.0 ], [ 123.18396115, 0.39723861, 0.0 ], [ 123.18396222, 0.39723839, 0.0 ], [ 123.1839628, 0.39723828, 0.0 ], [ 123.18396463, 0.39723828, 0.0 ], [ 123.18397685, 0.39723828, 0.0 ], [ 123.18398755, 0.39723828, 0.0 ], [ 123.18400028, 0.39723828, 0.0 ], [ 123.1840071, 0.39723828, 0.0 ], [ 123.18401818, 0.39723828, 0.0 ], [ 123.18402351, 0.39723828, 0.0 ], [ 123.18402455, 0.39723828, 0.0 ], [ 123.18402524, 0.39723828, 0.0 ], [ 123.18402615, 0.3972381, 0.0 ], [ 123.18402698, 0.39723778, 0.0 ], [ 123.18403414, 0.39723501, 0.0 ], [ 123.18404671, 0.39723014, 0.0 ], [ 123.18405823, 0.39722568, 0.0 ], [ 123.18406603, 0.39722266, 0.0 ], [ 123.18407795, 0.39721805, 0.0 ], [ 123.18408858, 0.39721393, 0.0 ], [ 123.18410287, 0.3972084, 0.0 ], [ 123.18411282, 0.39720454, 0.0 ], [ 123.18412565, 0.39719957, 0.0 ], [ 123.1841372, 0.3971951, 0.0 ], [ 123.18414203, 0.39719323, 0.0 ], [ 123.18414253, 0.39719304, 0.0 ], [ 123.18414373, 0.39719304, 0.0 ], [ 123.18414568, 0.39719304, 0.0 ], [ 123.1841481, 0.39719304, 0.0 ], [ 123.18415022, 0.39719304, 0.0 ], [ 123.18415105, 0.39719304, 0.0 ], [ 123.18415277, 0.39719253, 0.0 ], [ 123.18415394, 0.39719206, 0.0 ], [ 123.18415738, 0.39719068, 0.0 ], [ 123.1841602, 0.39718954, 0.0 ], [ 123.18416271, 0.39718853, 0.0 ], [ 123.18417693, 0.3971828, 0.0 ], [ 123.18418807, 0.39717832, 0.0 ], [ 123.18419313, 0.39717628, 0.0 ], [ 123.18419604, 0.39717511, 0.0 ], [ 123.18419645, 0.39717494, 0.0 ], [ 123.18419739, 0.39717486, 0.0 ], [ 123.18419985, 0.39717466, 0.0 ], [ 123.18421172, 0.39717366, 0.0 ], [ 123.18422342, 0.39717268, 0.0 ], [ 123.18423117, 0.39717203, 0.0 ], [ 123.18424393, 0.39717096, 0.0 ], [ 123.18425127, 0.39717034, 0.0 ], [ 123.18425458, 0.39717006, 0.0 ], [ 123.18426909, 0.39716885, 0.0 ], [ 123.18427973, 0.39716795, 0.0 ], [ 123.18429594, 0.39716659, 0.0 ], [ 123.18430588, 0.39716577, 0.0 ], [ 123.18431711, 0.3971649, 0.0 ], [ 123.18432587, 0.39716422, 0.0 ], [ 123.18434091, 0.39716306, 0.0 ], [ 123.18435164, 0.39716222, 0.0 ], [ 123.18436683, 0.39716105, 0.0 ], [ 123.18438056, 0.39715998, 0.0 ], [ 123.18439239, 0.39715907, 0.0 ], [ 123.18440523, 0.39715807, 0.0 ], [ 123.18441512, 0.39715731, 0.0 ], [ 123.18442035, 0.3971569, 0.0 ], [ 123.18442081, 0.39715687, 0.0 ], [ 123.18442144, 0.39715674, 0.0 ], [ 123.18442238, 0.39715642, 0.0 ], [ 123.184427, 0.39715487, 0.0 ], [ 123.18443855, 0.397151, 0.0 ], [ 123.18445129, 0.39714672, 0.0 ], [ 123.18446189, 0.39714316, 0.0 ], [ 123.18446858, 0.39714092, 0.0 ], [ 123.18447712, 0.39713805, 0.0 ], [ 123.18448269, 0.39713618, 0.0 ], [ 123.18449469, 0.39713215, 0.0 ], [ 123.1845056, 0.39712849, 0.0 ], [ 123.18451683, 0.39712472, 0.0 ], [ 123.18452704, 0.3971213, 0.0 ], [ 123.18453561, 0.39711842, 0.0 ], [ 123.1845446, 0.39711541, 0.0 ], [ 123.18455267, 0.3971127, 0.0 ], [ 123.18455352, 0.39711241, 0.0 ], [ 123.18455458, 0.39711205, 0.0 ], [ 123.18455509, 0.39711188, 0.0 ], [ 123.18455554, 0.39711173, 0.0 ], [ 123.18455691, 0.3971116, 0.0 ], [ 123.18455977, 0.3971116, 0.0 ], [ 123.18456459, 0.3971116, 0.0 ], [ 123.1845743, 0.3971116, 0.0 ], [ 123.18458652, 0.3971116, 0.0 ], [ 123.18459515, 0.3971116, 0.0 ], [ 123.18460587, 0.3971116, 0.0 ], [ 123.18461013, 0.3971116, 0.0 ], [ 123.18462252, 0.3971116, 0.0 ], [ 123.18463319, 0.3971116, 0.0 ], [ 123.18464913, 0.3971116, 0.0 ], [ 123.18465752, 0.3971116, 0.0 ], [ 123.18466106, 0.3971116, 0.0 ], [ 123.18466277, 0.3971116, 0.0 ], [ 123.18466327, 0.3971116, 0.0 ], [ 123.18466416, 0.39711139, 0.0 ], [ 123.18466716, 0.39710978, 0.0 ], [ 123.18467489, 0.39710563, 0.0 ], [ 123.18468639, 0.39709945, 0.0 ], [ 123.18469351, 0.39709564, 0.0 ], [ 123.18470479, 0.39708958, 0.0 ], [ 123.18471174, 0.39708584, 0.0 ], [ 123.18471973, 0.39708155, 0.0 ], [ 123.18473216, 0.39707488, 0.0 ], [ 123.18474279, 0.39706917, 0.0 ], [ 123.18475407, 0.39706311, 0.0 ], [ 123.18476363, 0.39705798, 0.0 ], [ 123.18477791, 0.39705032, 0.0 ], [ 123.18479022, 0.39704371, 0.0 ], [ 123.18479857, 0.39703922, 0.0 ], [ 123.18480091, 0.39703734, 0.0 ], [ 123.18480386, 0.39703497, 0.0 ], [ 123.18480622, 0.39703306, 0.0 ], [ 123.18481864, 0.39702306, 0.0 ], [ 123.18482916, 0.39701459, 0.0 ], [ 123.18483863, 0.39700696, 0.0 ], [ 123.18483971, 0.39700609, 0.0 ], [ 123.18484109, 0.39700498, 0.0 ], [ 123.18484223, 0.39700406, 0.0 ], [ 123.18484263, 0.39700373, 0.0 ], [ 123.18484314, 0.39700332, 0.0 ], [ 123.18484458, 0.39700281, 0.0 ], [ 123.18485184, 0.39700135, 0.0 ], [ 123.1848683, 0.39699804, 0.0 ], [ 123.18487895, 0.39699589, 0.0 ], [ 123.18488725, 0.39699422, 0.0 ], [ 123.18488844, 0.39699398, 0.0 ], [ 123.1848911, 0.39699309, 0.0 ], [ 123.18490263, 0.39698922, 0.0 ], [ 123.18491989, 0.39698343, 0.0 ], [ 123.18493397, 0.3969787, 0.0 ], [ 123.18493664, 0.39697781, 0.0 ], [ 123.18493938, 0.39697689, 0.0 ], [ 123.1849405, 0.39697651, 0.0 ], [ 123.18494138, 0.39697621, 0.0 ], [ 123.18494182, 0.39697607, 0.0 ], [ 123.18494335, 0.39697606, 0.0 ], [ 123.18494759, 0.39697681, 0.0 ], [ 123.18495834, 0.39697872, 0.0 ], [ 123.18497077, 0.39698093, 0.0 ], [ 123.1849788, 0.39698236, 0.0 ], [ 123.18499089, 0.3969845, 0.0 ], [ 123.18500099, 0.3969863, 0.0 ], [ 123.1850168, 0.39698911, 0.0 ], [ 123.18502194, 0.39699002, 0.0 ], [ 123.18503262, 0.39699192, 0.0 ], [ 123.18504486, 0.39699409, 0.0 ], [ 123.18506108, 0.39699697, 0.0 ], [ 123.18507541, 0.39699952, 0.0 ], [ 123.18508275, 0.39700082, 0.0 ], [ 123.18509143, 0.39700236, 0.0 ], [ 123.1850936, 0.39700275, 0.0 ], [ 123.18509446, 0.3970029, 0.0 ], [ 123.18509546, 0.39700283, 0.0 ], [ 123.18509613, 0.39700243, 0.0 ], [ 123.18509914, 0.39700061, 0.0 ], [ 123.18510467, 0.39699727, 0.0 ], [ 123.18511371, 0.39699181, 0.0 ], [ 123.18512343, 0.39698594, 0.0 ], [ 123.18512788, 0.39698325, 0.0 ], [ 123.18513666, 0.39697795, 0.0 ], [ 123.18513869, 0.39697672, 0.0 ], [ 123.18514008, 0.39697588, 0.0 ], [ 123.18514402, 0.39697389, 0.0 ], [ 123.18515335, 0.3969692, 0.0 ], [ 123.1851572, 0.39696726, 0.0 ], [ 123.18515853, 0.39696667, 0.0 ], [ 123.18516563, 0.39696429, 0.0 ], [ 123.185176, 0.39696081, 0.0 ], [ 123.18519178, 0.39695551, 0.0 ], [ 123.18520117, 0.39695236, 0.0 ], [ 123.18520738, 0.39695028, 0.0 ], [ 123.18521019, 0.39694933, 0.0 ], [ 123.18521197, 0.39694874, 0.0 ], [ 123.1852149, 0.396948, 0.0 ], [ 123.18521995, 0.39694673, 0.0 ], [ 123.18523074, 0.39694401, 0.0 ], [ 123.18524024, 0.39694162, 0.0 ], [ 123.18525167, 0.39693875, 0.0 ], [ 123.18526497, 0.3969354, 0.0 ], [ 123.18527571, 0.39693269, 0.0 ], [ 123.18528827, 0.39692953, 0.0 ], [ 123.18529797, 0.39692709, 0.0 ], [ 123.18531323, 0.39692325, 0.0 ], [ 123.18531667, 0.39692238, 0.0 ], [ 123.18531785, 0.39692209, 0.0 ], [ 123.18531904, 0.39692179, 0.0 ], [ 123.18531981, 0.39692159, 0.0 ], [ 123.18532141, 0.39692172, 0.0 ], [ 123.18532411, 0.39692193, 0.0 ], [ 123.18534195, 0.39692331, 0.0 ], [ 123.18535414, 0.39692425, 0.0 ], [ 123.18537259, 0.39692568, 0.0 ], [ 123.18538974, 0.39692701, 0.0 ], [ 123.18540474, 0.39692817, 0.0 ], [ 123.18541761, 0.39692916, 0.0 ], [ 123.18543206, 0.39693028, 0.0 ], [ 123.18543664, 0.39693064, 0.0 ], [ 123.18544069, 0.39693064, 0.0 ], [ 123.18544319, 0.39693064, 0.0 ], [ 123.18544449, 0.39693033, 0.0 ], [ 123.18544488, 0.39693009, 0.0 ], [ 123.18544559, 0.3969297, 0.0 ], [ 123.18544628, 0.396929, 0.0 ], [ 123.18544737, 0.39692626, 0.0 ], [ 123.18545082, 0.39691758, 0.0 ], [ 123.18545422, 0.39690901, 0.0 ], [ 123.18545777, 0.39690008, 0.0 ], [ 123.18545933, 0.39689616, 0.0 ], [ 123.18546008, 0.39689427, 0.0 ], [ 123.18546053, 0.39689312, 0.0 ], [ 123.18546081, 0.39689244, 0.0 ], [ 123.18546174, 0.39689193, 0.0 ], [ 123.1854622, 0.39689171, 0.0 ], [ 123.18546334, 0.39689175, 0.0 ], [ 123.18546413, 0.39689218, 0.0 ], [ 123.18546491, 0.39689272, 0.0 ], [ 123.18546621, 0.39689387, 0.0 ], [ 123.18547131, 0.39690156, 0.0 ], [ 123.1854722, 0.3969029, 0.0 ], [ 123.18547422, 0.39690349, 0.0 ], [ 123.185476, 0.39690349, 0.0 ], [ 123.18547896, 0.39690349, 0.0 ], [ 123.1854932, 0.39690349, 0.0 ], [ 123.18549855, 0.39690349, 0.0 ], [ 123.18550297, 0.39690349, 0.0 ], [ 123.18550504, 0.39690349, 0.0 ], [ 123.18550711, 0.39690349, 0.0 ], [ 123.185509, 0.39690396, 0.0 ], [ 123.18551017, 0.39690514, 0.0 ], [ 123.1855116, 0.39690658, 0.0 ], [ 123.18551308, 0.39690807, 0.0 ], [ 123.18551429, 0.39690929, 0.0 ], [ 123.18551556, 0.39691056, 0.0 ], [ 123.18551622, 0.39691123, 0.0 ], [ 123.18551691, 0.39691139, 0.0 ], [ 123.18551734, 0.39691157, 0.0 ], [ 123.18551891, 0.39691161, 0.0 ], [ 123.18551965, 0.39691112, 0.0 ], [ 123.18552062, 0.39691047, 0.0 ], [ 123.18553599, 0.39690015, 0.0 ], [ 123.18554353, 0.39689509, 0.0 ], [ 123.18554483, 0.39689431, 0.0 ], [ 123.18555029, 0.39689211, 0.0 ], [ 123.1855659, 0.39688582, 0.0 ], [ 123.18557253, 0.39688315, 0.0 ], [ 123.18558331, 0.39687881, 0.0 ], [ 123.18558942, 0.39687635, 0.0 ], [ 123.18560148, 0.39687028, 0.0 ], [ 123.18561621, 0.39686287, 0.0 ], [ 123.18562537, 0.39685826, 0.0 ], [ 123.18562892, 0.39685557, 0.0 ], [ 123.18563385, 0.39685185, 0.0 ], [ 123.18564204, 0.39684567, 0.0 ], [ 123.18565096, 0.39683893, 0.0 ], [ 123.18565658, 0.39683469, 0.0 ], [ 123.18566023, 0.39683193, 0.0 ], [ 123.18566131, 0.39683111, 0.0 ], [ 123.18567381, 0.39681853, 0.0 ], [ 123.18568531, 0.39680695, 0.0 ], [ 123.18568827, 0.39680397, 0.0 ], [ 123.18569777, 0.39679282, 0.0 ], [ 123.18570812, 0.39678066, 0.0 ], [ 123.18571873, 0.39676819, 0.0 ], [ 123.18572783, 0.39675751, 0.0 ], [ 123.18573564, 0.39674834, 0.0 ], [ 123.1857381, 0.39674545, 0.0 ], [ 123.18573923, 0.39674412, 0.0 ], [ 123.18573994, 0.39674329, 0.0 ], [ 123.18574057, 0.39674255, 0.0 ], [ 123.18574144, 0.39674153, 0.0 ], [ 123.18574229, 0.39674108, 0.0 ], [ 123.18574368, 0.39674064, 0.0 ], [ 123.18574482, 0.39674064, 0.0 ], [ 123.18574775, 0.39674064, 0.0 ], [ 123.18575374, 0.39674064, 0.0 ], [ 123.18575912, 0.39674064, 0.0 ], [ 123.1857638, 0.39674064, 0.0 ], [ 123.18576608, 0.39674064, 0.0 ], [ 123.18576768, 0.39674064, 0.0 ], [ 123.18576847, 0.39674064, 0.0 ], [ 123.18576985, 0.39674004, 0.0 ], [ 123.18577206, 0.39673813, 0.0 ], [ 123.18577354, 0.39673685, 0.0 ], [ 123.18577903, 0.39673211, 0.0 ], [ 123.18579032, 0.39672237, 0.0 ], [ 123.18579532, 0.39671806, 0.0 ], [ 123.18580528, 0.39670947, 0.0 ], [ 123.18581165, 0.39670397, 0.0 ], [ 123.18582054, 0.3966963, 0.0 ], [ 123.18582614, 0.39669146, 0.0 ], [ 123.18582822, 0.39668967, 0.0 ], [ 123.18583006, 0.39668808, 0.0 ], [ 123.18583109, 0.39668719, 0.0 ], [ 123.18583293, 0.3966861, 0.0 ], [ 123.18583473, 0.39668559, 0.0 ], [ 123.18583773, 0.39668472, 0.0 ], [ 123.18584713, 0.39668202, 0.0 ], [ 123.18585783, 0.39667894, 0.0 ], [ 123.18587231, 0.39667478, 0.0 ], [ 123.18588206, 0.39667197, 0.0 ], [ 123.18589139, 0.39666929, 0.0 ], [ 123.18589362, 0.39666864, 0.0 ], [ 123.1858942, 0.39666848, 0.0 ], [ 123.18589537, 0.39666826, 0.0 ], [ 123.18589833, 0.39666826, 0.0 ], [ 123.185905, 0.39666826, 0.0 ], [ 123.18591085, 0.39666826, 0.0 ], [ 123.18591294, 0.39666826, 0.0 ], [ 123.18591385, 0.39666809, 0.0 ], [ 123.18592503, 0.39666604, 0.0 ], [ 123.18593416, 0.39666437, 0.0 ], [ 123.18594598, 0.39666221, 0.0 ], [ 123.1859576, 0.39666008, 0.0 ], [ 123.18597365, 0.39665714, 0.0 ], [ 123.18598802, 0.39665451, 0.0 ], [ 123.18600203, 0.39665195, 0.0 ], [ 123.18601419, 0.39664976, 0.0 ], [ 123.18603378, 0.39664647, 0.0 ], [ 123.18604661, 0.39664432, 0.0 ], [ 123.18605981, 0.3966421, 0.0 ], [ 123.18607609, 0.39663937, 0.0 ], [ 123.1860898, 0.39663707, 0.0 ], [ 123.18610452, 0.3966346, 0.0 ], [ 123.18611811, 0.39663232, 0.0 ], [ 123.1861203, 0.39663191, 0.0 ], [ 123.18612295, 0.39663129, 0.0 ], [ 123.18612929, 0.39662982, 0.0 ], [ 123.18614842, 0.39662538, 0.0 ], [ 123.18615573, 0.39662368, 0.0 ], [ 123.18616098, 0.39662246, 0.0 ], [ 123.18617546, 0.39661909, 0.0 ], [ 123.1861844, 0.39661702, 0.0 ], [ 123.18618975, 0.39661577, 0.0 ], [ 123.18620816, 0.3966115, 0.0 ], [ 123.18621259, 0.39661047, 0.0 ], [ 123.18621648, 0.39660956, 0.0 ], [ 123.18622038, 0.39660866, 0.0 ], [ 123.18623387, 0.39660552, 0.0 ], [ 123.18623647, 0.39660492, 0.0 ], [ 123.18623922, 0.39660381, 0.0 ], [ 123.18624355, 0.39660207, 0.0 ], [ 123.18625497, 0.39659747, 0.0 ], [ 123.18626232, 0.39659451, 0.0 ], [ 123.18627796, 0.39658821, 0.0 ], [ 123.18628062, 0.39658714, 0.0 ], [ 123.18628399, 0.39658578, 0.0 ], [ 123.18628777, 0.39658426, 0.0 ], [ 123.18629234, 0.39658242, 0.0 ], [ 123.18630198, 0.39657854, 0.0 ], [ 123.18631414, 0.39657364, 0.0 ], [ 123.18632325, 0.39656997, 0.0 ], [ 123.18633617, 0.39656501, 0.0 ], [ 123.1863517, 0.39655915, 0.0 ], [ 123.18636641, 0.3965536, 0.0 ], [ 123.1863835, 0.39654715, 0.0 ], [ 123.18645682, 0.39651631, 0.0 ], [ 123.18645837, 0.39651563, 0.0 ], [ 123.18645993, 0.39651496, 0.0 ], [ 123.18646186, 0.39651444, 0.0 ], [ 123.18646472, 0.39651444, 0.0 ], [ 123.18647798, 0.39651444, 0.0 ], [ 123.1864962, 0.39651444, 0.0 ], [ 123.18650875, 0.39651444, 0.0 ], [ 123.18653315, 0.39651444, 0.0 ], [ 123.186538, 0.39651444, 0.0 ], [ 123.18654014, 0.39651444, 0.0 ], [ 123.18654104, 0.39651444, 0.0 ], [ 123.18654262, 0.39651414, 0.0 ], [ 123.18654505, 0.39651291, 0.0 ], [ 123.18655029, 0.39651028, 0.0 ], [ 123.18657207, 0.39649932, 0.0 ], [ 123.18660981, 0.39648032, 0.0 ], [ 123.1866131, 0.39647866, 0.0 ], [ 123.18661392, 0.39647825, 0.0 ], [ 123.18661593, 0.39647796, 0.0 ], [ 123.18661954, 0.39647744, 0.0 ], [ 123.18663512, 0.3964752, 0.0 ], [ 123.186652, 0.39647277, 0.0 ], [ 123.18666989, 0.3964702, 0.0 ], [ 123.18669785, 0.39646618, 0.0 ], [ 123.18672284, 0.39646258, 0.0 ], [ 123.18673334, 0.39646107, 0.0 ], [ 123.18673618, 0.39646066, 0.0 ], [ 123.18673794, 0.39646041, 0.0 ], [ 123.18673897, 0.39646026, 0.0 ], [ 123.18673974, 0.39646015, 0.0 ], [ 123.18674218, 0.39645871, 0.0 ], [ 123.18675271, 0.39645253, 0.0 ], [ 123.18676591, 0.39644478, 0.0 ], [ 123.18677849, 0.39643739, 0.0 ], [ 123.18679153, 0.39642973, 0.0 ], [ 123.18680336, 0.39642278, 0.0 ], [ 123.1868164, 0.39641513, 0.0 ], [ 123.18682609, 0.39640944, 0.0 ], [ 123.18683837, 0.39640222, 0.0 ], [ 123.1868394, 0.39640162, 0.0 ], [ 123.1868537, 0.39639312, 0.0 ], [ 123.18686895, 0.39638391, 0.0 ], [ 123.18688863, 0.39637202, 0.0 ], [ 123.18690467, 0.39636233, 0.0 ], [ 123.1869089, 0.39635977, 0.0 ], [ 123.18691167, 0.3963581, 0.0 ], [ 123.18691316, 0.3963572, 0.0 ], [ 123.18691454, 0.39635637, 0.0 ], [ 123.186916, 0.39635548, 0.0 ], [ 123.18691792, 0.39635432, 0.0 ], [ 123.18691956, 0.39635333, 0.0 ], [ 123.18692213, 0.39635178, 0.0 ], [ 123.18693621, 0.39634328, 0.0 ], [ 123.18693744, 0.39634253, 0.0 ], [ 123.18693894, 0.39634124, 0.0 ], [ 123.18694344, 0.39633736, 0.0 ], [ 123.18695041, 0.39633134, 0.0 ], [ 123.18696133, 0.39632192, 0.0 ], [ 123.18696767, 0.39631645, 0.0 ], [ 123.18698102, 0.39630493, 0.0 ], [ 123.18698767, 0.39629919, 0.0 ], [ 123.18699794, 0.39629033, 0.0 ], [ 123.18699874, 0.39628964, 0.0 ], [ 123.18699946, 0.39628902, 0.0 ], [ 123.18699994, 0.3962886, 0.0 ], [ 123.18700143, 0.39628806, 0.0 ], [ 123.18700719, 0.39628703, 0.0 ], [ 123.18702165, 0.39628446, 0.0 ], [ 123.18704542, 0.39628024, 0.0 ], [ 123.18706241, 0.39627722, 0.0 ], [ 123.18708382, 0.39627342, 0.0 ], [ 123.18711173, 0.39626846, 0.0 ], [ 123.18712411, 0.39626626, 0.0 ], [ 123.18714481, 0.39626258, 0.0 ], [ 123.18715141, 0.39626141, 0.0 ], [ 123.1871527, 0.39626118, 0.0 ], [ 123.18715371, 0.3962611, 0.0 ], [ 123.18715724, 0.3962611, 0.0 ], [ 123.18716966, 0.3962611, 0.0 ], [ 123.18717069, 0.3962611, 0.0 ], [ 123.18717148, 0.39626072, 0.0 ], [ 123.18717221, 0.39625999, 0.0 ], [ 123.18717397, 0.39625821, 0.0 ], [ 123.18717565, 0.39625652, 0.0 ], [ 123.18717742, 0.39625474, 0.0 ], [ 123.18717959, 0.39625256, 0.0 ], [ 123.18718071, 0.39625168, 0.0 ], [ 123.18718623, 0.39624834, 0.0 ], [ 123.18719607, 0.3962424, 0.0 ], [ 123.1872078, 0.39623532, 0.0 ], [ 123.18722381, 0.39622564, 0.0 ], [ 123.18723885, 0.39621656, 0.0 ], [ 123.18725753, 0.39620528, 0.0 ], [ 123.18726878, 0.39619848, 0.0 ], [ 123.18726933, 0.39619814, 0.0 ], [ 123.18727044, 0.39619767, 0.0 ], [ 123.18727161, 0.39619743, 0.0 ], [ 123.18727601, 0.39619655, 0.0 ], [ 123.18728958, 0.39619382, 0.0 ], [ 123.18730005, 0.39619171, 0.0 ], [ 123.18731245, 0.39618921, 0.0 ], [ 123.18731413, 0.39618887, 0.0 ], [ 123.18731559, 0.39618844, 0.0 ], [ 123.18732051, 0.39618646, 0.0 ], [ 123.18733192, 0.39618186, 0.0 ], [ 123.18734067, 0.39617834, 0.0 ], [ 123.18736202, 0.39616974, 0.0 ], [ 123.18738012, 0.39616245, 0.0 ], [ 123.18738546, 0.3961603, 0.0 ], [ 123.18738748, 0.39615949, 0.0 ], [ 123.18739055, 0.39615825, 0.0 ], [ 123.18739681, 0.39615573, 0.0 ], [ 123.18740476, 0.39615253, 0.0 ], [ 123.18741025, 0.39614977, 0.0 ], [ 123.18741331, 0.39614822, 0.0 ], [ 123.18741676, 0.39614648, 0.0 ], [ 123.18742107, 0.39614432, 0.0 ], [ 123.18742273, 0.39614348, 0.0 ], [ 123.187424, 0.39614294, 0.0 ], [ 123.18743306, 0.39613903, 0.0 ], [ 123.18744314, 0.39613468, 0.0 ], [ 123.18746576, 0.39612491, 0.0 ], [ 123.1874819, 0.39611795, 0.0 ], [ 123.18748736, 0.3961156, 0.0 ], [ 123.18749201, 0.39611359, 0.0 ], [ 123.18752475, 0.39609946, 0.0 ], [ 123.18754715, 0.3960898, 0.0 ], [ 123.18754808, 0.3960894, 0.0 ], [ 123.18754905, 0.39608889, 0.0 ], [ 123.1875501, 0.39608826, 0.0 ], [ 123.18756149, 0.39608138, 0.0 ], [ 123.18757727, 0.39607185, 0.0 ], [ 123.18759479, 0.39606126, 0.0 ], [ 123.1876082, 0.39605316, 0.0 ], [ 123.18762354, 0.3960439, 0.0 ], [ 123.18763842, 0.39603491, 0.0 ], [ 123.18764513, 0.39603184, 0.0 ], [ 123.18764948, 0.39602985, 0.0 ], [ 123.18765195, 0.39602872, 0.0 ], [ 123.18766716, 0.39602176, 0.0 ], [ 123.1876867, 0.39601281, 0.0 ], [ 123.18770025, 0.39600661, 0.0 ], [ 123.18771434, 0.39600016, 0.0 ], [ 123.18772962, 0.39599317, 0.0 ], [ 123.18773504, 0.39599069, 0.0 ], [ 123.1877365, 0.39599002, 0.0 ], [ 123.18773727, 0.39598967, 0.0 ], [ 123.18774039, 0.39598757, 0.0 ], [ 123.18774178, 0.39598665, 0.0 ], [ 123.1877517, 0.39597998, 0.0 ], [ 123.18775928, 0.3959749, 0.0 ], [ 123.18776423, 0.39597158, 0.0 ], [ 123.18776683, 0.39596929, 0.0 ], [ 123.18776868, 0.39596765, 0.0 ], [ 123.18777236, 0.39596441, 0.0 ], [ 123.18777481, 0.39596225, 0.0 ], [ 123.18777735, 0.39596002, 0.0 ], [ 123.18778421, 0.39595398, 0.0 ], [ 123.18779206, 0.39594706, 0.0 ], [ 123.1878024, 0.39593795, 0.0 ], [ 123.18781038, 0.39593092, 0.0 ], [ 123.18781972, 0.39592269, 0.0 ], [ 123.18782983, 0.39591379, 0.0 ], [ 123.18783458, 0.3959096, 0.0 ], [ 123.18783554, 0.39590876, 0.0 ], [ 123.18783664, 0.39590814, 0.0 ], [ 123.18783807, 0.39590785, 0.0 ], [ 123.18784143, 0.39590718, 0.0 ], [ 123.18784453, 0.39590655, 0.0 ], [ 123.18785464, 0.39590452, 0.0 ], [ 123.18786956, 0.39590151, 0.0 ], [ 123.18787329, 0.39590076, 0.0 ], [ 123.18787511, 0.39590039, 0.0 ], [ 123.18787619, 0.39590018, 0.0 ], [ 123.1878773, 0.39589995, 0.0 ], [ 123.18787785, 0.39589927, 0.0 ], [ 123.1878781, 0.3958988, 0.0 ], [ 123.18787821, 0.39589809, 0.0 ], [ 123.18787785, 0.39589751, 0.0 ], [ 123.18787725, 0.39589664, 0.0 ], [ 123.18787365, 0.39589422, 0.0 ], [ 123.18786393, 0.3958877, 0.0 ], [ 123.18786163, 0.39588615, 0.0 ], [ 123.18785995, 0.39588503, 0.0 ], [ 123.18785872, 0.3958842, 0.0 ], [ 123.18785753, 0.3958834, 0.0 ], [ 123.18785682, 0.39588293, 0.0 ], [ 123.18785569, 0.39588217, 0.0 ], [ 123.18785481, 0.39588158, 0.0 ], [ 123.18785377, 0.3958801, 0.0 ], [ 123.1878534, 0.39587899, 0.0 ], [ 123.18785267, 0.39587678, 0.0 ], [ 123.18785211, 0.39587508, 0.0 ], [ 123.1878517, 0.39587385, 0.0 ], [ 123.18785144, 0.39587305, 0.0 ], [ 123.18785121, 0.39587237, 0.0 ], [ 123.18785101, 0.39587176, 0.0 ], [ 123.18785094, 0.39587113, 0.0 ], [ 123.18785103, 0.39587091, 0.0 ], [ 123.18785126, 0.3958708, 0.0 ], [ 123.18785149, 0.39587074, 0.0 ], [ 123.18785192, 0.39587077, 0.0 ], [ 123.18785271, 0.39587112, 0.0 ], [ 123.18785396, 0.39587196, 0.0 ], [ 123.18785419, 0.39587214, 0.0 ], [ 123.18785649, 0.39587446, 0.0 ], [ 123.1878585, 0.39587649, 0.0 ], [ 123.18786234, 0.39588035, 0.0 ], [ 123.18786258, 0.39588059, 0.0 ], [ 123.18786319, 0.3958807, 0.0 ], [ 123.18786364, 0.39588088, 0.0 ], [ 123.18786449, 0.3958811, 0.0 ], [ 123.18786588, 0.3958811, 0.0 ], [ 123.18787058, 0.3958811, 0.0 ], [ 123.18789177, 0.3958811, 0.0 ], [ 123.18793267, 0.3958811, 0.0 ], [ 123.18795295, 0.3958811, 0.0 ], [ 123.18795617, 0.39588074, 0.0 ], [ 123.18796642, 0.39587959, 0.0 ], [ 123.18800579, 0.39587519, 0.0 ], [ 123.18802207, 0.39587337, 0.0 ], [ 123.18803145, 0.39587231, 0.0 ], [ 123.18803687, 0.39587103, 0.0 ], [ 123.18804543, 0.39586816, 0.0 ], [ 123.1880955, 0.39585135, 0.0 ], [ 123.18811472, 0.39584491, 0.0 ], [ 123.18813694, 0.39583851, 0.0 ], [ 123.18816875, 0.39582936, 0.0 ], [ 123.18817428, 0.39582777, 0.0 ], [ 123.18817763, 0.39582681, 0.0 ], [ 123.18818103, 0.39582681, 0.0 ], [ 123.188184, 0.39582681, 0.0 ], [ 123.18818744, 0.39582598, 0.0 ], [ 123.18818981, 0.39582359, 0.0 ], [ 123.18819184, 0.39582155, 0.0 ], [ 123.18819427, 0.3958191, 0.0 ], [ 123.18819815, 0.39581776, 0.0 ], [ 123.18820029, 0.39581776, 0.0 ], [ 123.18820459, 0.39581776, 0.0 ], [ 123.18820694, 0.39581587, 0.0 ], [ 123.18820916, 0.39581408, 0.0 ], [ 123.18821159, 0.39581212, 0.0 ], [ 123.18824578, 0.39578459, 0.0 ], [ 123.18824952, 0.39578157, 0.0 ], [ 123.18825589, 0.39577986, 0.0 ], [ 123.18826562, 0.39577725, 0.0 ], [ 123.18828562, 0.39577188, 0.0 ], [ 123.1883034, 0.39576711, 0.0 ], [ 123.18832175, 0.39576218, 0.0 ], [ 123.18835838, 0.39575235, 0.0 ], [ 123.18837149, 0.39574883, 0.0 ], [ 123.18838019, 0.39574649, 0.0 ], [ 123.1883826, 0.39574584, 0.0 ], [ 123.18838796, 0.39573989, 0.0 ], [ 123.18839123, 0.39573495, 0.0 ], [ 123.18839666, 0.39572675, 0.0 ], [ 123.1884006, 0.39572081, 0.0 ], [ 123.18840392, 0.39571578, 0.0 ], [ 123.18841375, 0.39570095, 0.0 ], [ 123.18841684, 0.39569628, 0.0 ], [ 123.18841885, 0.39569324, 0.0 ], [ 123.18842348, 0.39569002, 0.0 ], [ 123.18842829, 0.3956884, 0.0 ], [ 123.18847142, 0.39567393, 0.0 ], [ 123.18851967, 0.39565774, 0.0 ], [ 123.18852424, 0.3956562, 0.0 ], [ 123.18852919, 0.39565381, 0.0 ], [ 123.18853139, 0.3956516, 0.0 ], [ 123.18853579, 0.39564717, 0.0 ], [ 123.188539, 0.3956449, 0.0 ], [ 123.18854471, 0.39564203, 0.0 ], [ 123.18855412, 0.39563729, 0.0 ], [ 123.18858632, 0.39562108, 0.0 ], [ 123.18859821, 0.39561509, 0.0 ], [ 123.18860292, 0.39561273, 0.0 ], [ 123.18860653, 0.39561091, 0.0 ], [ 123.18860772, 0.39560803, 0.0 ], [ 123.18860899, 0.39560528, 0.0 ], [ 123.18860899, 0.39560205, 0.0 ], [ 123.18860899, 0.39560062, 0.0 ], [ 123.18861224, 0.39559789, 0.0 ], [ 123.18863672, 0.39557736, 0.0 ], [ 123.18864505, 0.39557037, 0.0 ], [ 123.18865171, 0.39556478, 0.0 ], [ 123.18866399, 0.39555448, 0.0 ], [ 123.18867878, 0.39554207, 0.0 ], [ 123.18868869, 0.39553376, 0.0 ], [ 123.18869311, 0.39553005, 0.0 ], [ 123.18870039, 0.39552394, 0.0 ], [ 123.18871262, 0.39551368, 0.0 ], [ 123.18871683, 0.39551014, 0.0 ], [ 123.18871939, 0.39550654, 0.0 ], [ 123.18872492, 0.39549875, 0.0 ], [ 123.18872554, 0.39549788, 0.0 ], [ 123.18873587, 0.39548331, 0.0 ], [ 123.18875619, 0.39545468, 0.0 ], [ 123.1887668, 0.39544005, 0.0 ], [ 123.18877756, 0.39542562, 0.0 ], [ 123.18878314, 0.39541813, 0.0 ], [ 123.18878556, 0.39541487, 0.0 ], [ 123.18878873, 0.39541062, 0.0 ], [ 123.18879429, 0.39540689, 0.0 ], [ 123.18881522, 0.39539284, 0.0 ], [ 123.18882765, 0.3953845, 0.0 ], [ 123.18883297, 0.39538092, 0.0 ], [ 123.18883566, 0.39537912, 0.0 ], [ 123.18883705, 0.39537487, 0.0 ], [ 123.18883764, 0.39537212, 0.0 ], [ 123.18883764, 0.39536781, 0.0 ], [ 123.18883769, 0.39536444, 0.0 ], [ 123.18883562, 0.39536027, 0.0 ], [ 123.18883366, 0.39535634, 0.0 ], [ 123.18883506, 0.39534506, 0.0 ], [ 123.18883731, 0.39532694, 0.0 ], [ 123.1888388, 0.39531495, 0.0 ], [ 123.18883997, 0.39530554, 0.0 ], [ 123.1888407, 0.3952996, 0.0 ], [ 123.18884161, 0.39529228, 0.0 ], [ 123.18884224, 0.39528724, 0.0 ], [ 123.18884368, 0.39528292, 0.0 ], [ 123.18884695, 0.39527963, 0.0 ], [ 123.18885117, 0.39527538, 0.0 ], [ 123.18885556, 0.39527095, 0.0 ], [ 123.18888071, 0.39524564, 0.0 ], [ 123.18889789, 0.39522834, 0.0 ], [ 123.18890734, 0.39521883, 0.0 ], [ 123.18891186, 0.39521428, 0.0 ], [ 123.18891668, 0.39520985, 0.0 ], [ 123.18895736, 0.39517709, 0.0 ], [ 123.18895947, 0.39517539, 0.0 ], [ 123.18897276, 0.39516736, 0.0 ], [ 123.18898222, 0.39516165, 0.0 ], [ 123.18899385, 0.39515462, 0.0 ], [ 123.18900249, 0.39514941, 0.0 ], [ 123.18900803, 0.39514338, 0.0 ], [ 123.18901281, 0.39513697, 0.0 ], [ 123.18901705, 0.39513128, 0.0 ], [ 123.18902733, 0.39511747, 0.0 ], [ 123.1890296, 0.39511443, 0.0 ], [ 123.18903436, 0.39511115, 0.0 ], [ 123.18903994, 0.39510947, 0.0 ], [ 123.18905084, 0.39510617, 0.0 ], [ 123.18906274, 0.39510258, 0.0 ], [ 123.18907955, 0.3950975, 0.0 ], [ 123.18909126, 0.39509397, 0.0 ], [ 123.18910121, 0.39509096, 0.0 ], [ 123.18911971, 0.39508537, 0.0 ], [ 123.18912124, 0.39508491, 0.0 ], [ 123.18912835, 0.39508407, 0.0 ], [ 123.18914783, 0.39508176, 0.0 ], [ 123.18917995, 0.39507796, 0.0 ], [ 123.18921529, 0.39507377, 0.0 ], [ 123.18925891, 0.3950686, 0.0 ], [ 123.18926673, 0.39506768, 0.0 ], [ 123.18927168, 0.39506709, 0.0 ], [ 123.18927613, 0.39506539, 0.0 ], [ 123.18928853, 0.39505707, 0.0 ], [ 123.18929693, 0.39505143, 0.0 ], [ 123.18932897, 0.39502993, 0.0 ], [ 123.18935369, 0.39501334, 0.0 ], [ 123.18936351, 0.39500674, 0.0 ], [ 123.18937087, 0.39500181, 0.0 ], [ 123.1893766, 0.39499796, 0.0 ], [ 123.1893791, 0.39499628, 0.0 ], [ 123.18938496, 0.39499339, 0.0 ], [ 123.18939098, 0.39499137, 0.0 ], [ 123.18940183, 0.39498773, 0.0 ], [ 123.18940579, 0.3949864, 0.0 ], [ 123.18940881, 0.39498539, 0.0 ], [ 123.18941135, 0.39498283, 0.0 ], [ 123.18941563, 0.39497853, 0.0 ], [ 123.18942098, 0.39497314, 0.0 ], [ 123.1894422, 0.39495177, 0.0 ], [ 123.18945183, 0.39494208, 0.0 ], [ 123.18945569, 0.39493819, 0.0 ], [ 123.18946449, 0.39492933, 0.0 ], [ 123.18946794, 0.39492586, 0.0 ], [ 123.18947172, 0.39492205, 0.0 ], [ 123.18947755, 0.39491853, 0.0 ], [ 123.18949659, 0.39490703, 0.0 ], [ 123.18950706, 0.39490071, 0.0 ], [ 123.18951245, 0.39489745, 0.0 ], [ 123.18951666, 0.39489491, 0.0 ], [ 123.18952414, 0.39489259, 0.0 ], [ 123.18953536, 0.39488912, 0.0 ], [ 123.18954622, 0.39488575, 0.0 ], [ 123.18955922, 0.39488172, 0.0 ], [ 123.18960653, 0.39486707, 0.0 ], [ 123.18961487, 0.39486449, 0.0 ], [ 123.18962277, 0.39486204, 0.0 ], [ 123.18963038, 0.39485968, 0.0 ], [ 123.18963585, 0.39485713, 0.0 ], [ 123.18964116, 0.39485357, 0.0 ], [ 123.18964457, 0.39485128, 0.0 ], [ 123.18968073, 0.39482701, 0.0 ], [ 123.18970046, 0.39481377, 0.0 ], [ 123.18970718, 0.39480926, 0.0 ], [ 123.1897122, 0.39480589, 0.0 ], [ 123.18971722, 0.39480214, 0.0 ], [ 123.1897491, 0.39477646, 0.0 ], [ 123.18976069, 0.39476684, 0.0 ], [ 123.18977252, 0.39475493, 0.0 ], [ 123.18980611, 0.39472112, 0.0 ], [ 123.18981199, 0.39471519, 0.0 ], [ 123.18981841, 0.39470742, 0.0 ], [ 123.18982784, 0.39469556, 0.0 ], [ 123.18983499, 0.39468657, 0.0 ], [ 123.18983965, 0.3946807, 0.0 ], [ 123.1898429, 0.39467661, 0.0 ], [ 123.18984766, 0.39467061, 0.0 ], [ 123.18984917, 0.39466654, 0.0 ], [ 123.18984917, 0.39466247, 0.0 ], [ 123.18984917, 0.39465804, 0.0 ], [ 123.18984917, 0.39465421, 0.0 ], [ 123.1898479, 0.39464935, 0.0 ], [ 123.18984457, 0.394646, 0.0 ], [ 123.18984053, 0.39464193, 0.0 ], [ 123.18983595, 0.39463732, 0.0 ], [ 123.18983209, 0.39463343, 0.0 ], [ 123.18983047, 0.39462919, 0.0 ], [ 123.18982988, 0.39462405, 0.0 ], [ 123.18983043, 0.39461838, 0.0 ], [ 123.18983972, 0.39460969, 0.0 ], [ 123.1898465, 0.39460336, 0.0 ], [ 123.18985701, 0.39459353, 0.0 ], [ 123.18986148, 0.39458936, 0.0 ], [ 123.18987622, 0.39457557, 0.0 ], [ 123.18987963, 0.39457239, 0.0 ], [ 123.18990816, 0.39454572, 0.0 ], [ 123.189929, 0.39452623, 0.0 ], [ 123.18995589, 0.3945011, 0.0 ], [ 123.18998086, 0.39447776, 0.0 ], [ 123.19000021, 0.39445966, 0.0 ], [ 123.19001544, 0.39444542, 0.0 ], [ 123.19002788, 0.39443379, 0.0 ], [ 123.19003789, 0.39442444, 0.0 ], [ 123.19024826, 0.39410078, 0.0 ], [ 123.19053947, 0.39385789, 0.0 ], [ 123.1906091, 0.39379982, 0.0 ], [ 123.19077692, 0.39368918, 0.0 ], [ 123.1907797, 0.39368735, 0.0 ], [ 123.19098956, 0.39357942, 0.0 ], [ 123.19116923, 0.39356118, 0.0 ], [ 123.19135085, 0.39356289, 0.0 ], [ 123.19149233, 0.39356421, 0.0 ], [ 123.19193772, 0.3936326, 0.0 ], [ 123.19211623, 0.39368918, 0.0 ], [ 123.19237405, 0.3937709, 0.0 ], [ 123.19297345, 0.39384993, 0.0 ], [ 123.19348074, 0.393856, 0.0 ], [ 123.19392915, 0.39380735, 0.0 ], [ 123.19424772, 0.3937435, 0.0 ], [ 123.19436246, 0.39371158, 0.0 ], [ 123.19438926, 0.39368918, 0.0 ], [ 123.19444248, 0.3936447, 0.0 ], [ 123.19458591, 0.3934927, 0.0 ], [ 123.19482595, 0.39306408, 0.0 ], [ 123.19500712, 0.39272513, 0.0 ], [ 123.19517168, 0.39238922, 0.0 ], [ 123.1954842, 0.39198946, 0.0 ], [ 123.19572728, 0.39181922, 0.0 ], [ 123.19596431, 0.39176754, 0.0 ], [ 123.19626595, 0.39165805, 0.0 ], [ 123.1963946, 0.39159882, 0.0 ], [ 123.19650482, 0.39152738, 0.0 ], [ 123.19663314, 0.39136322, 0.0 ], [ 123.19682768, 0.39107979, 0.0 ], [ 123.19689883, 0.39097614, 0.0 ], [ 123.19700454, 0.39082211, 0.0 ], [ 123.19735782, 0.39028557, 0.0 ], [ 123.19774281, 0.38976118, 0.0 ], [ 123.19795719, 0.38943135, 0.0 ], [ 123.19824706, 0.38892976, 0.0 ], [ 123.19853996, 0.38850873, 0.0 ], [ 123.19862431, 0.38842403, 0.0 ], [ 123.19878459, 0.38826309, 0.0 ], [ 123.19911216, 0.38793418, 0.0 ], [ 123.19925256, 0.38773051, 0.0 ], [ 123.19944128, 0.38744323, 0.0 ], [ 123.19952263, 0.38736584, 0.0 ], [ 123.19953009, 0.38735874, 0.0 ], [ 123.19960584, 0.38728668, 0.0 ], [ 123.19988364, 0.38702676, 0.0 ], [ 123.20046339, 0.38630477, 0.0 ], [ 123.20060078, 0.38622877, 0.0 ], [ 123.20069438, 0.38614518, 0.0 ], [ 123.2007593, 0.3859795, 0.0 ], [ 123.20101142, 0.38546728, 0.0 ], [ 123.20118504, 0.38516784, 0.0 ], [ 123.20164099, 0.38462673, 0.0 ], [ 123.20190369, 0.38441698, 0.0 ], [ 123.2021528, 0.38424674, 0.0 ], [ 123.20221772, 0.3841297, 0.0 ], [ 123.20236417, 0.38387435, 0.0 ], [ 123.20245928, 0.38356124, 0.0 ], [ 123.2025725, 0.38316605, 0.0 ], [ 123.20269328, 0.38290462, 0.0 ], [ 123.20290163, 0.38273438, 0.0 ], [ 123.20310847, 0.38268726, 0.0 ], [ 123.20340288, 0.38265837, 0.0 ], [ 123.20378939, 0.38266444, 0.0 ], [ 123.20411097, 0.38265683, 0.0 ], [ 123.20431027, 0.38261275, 0.0 ], [ 123.20447634, 0.38248811, 0.0 ], [ 123.2048266, 0.3821066, 0.0 ], [ 123.20503646, 0.3819014, 0.0 ], [ 123.20533539, 0.38161109, 0.0 ], [ 123.205482, 0.38150777, 0.0 ], [ 123.2055069, 0.38145981, 0.0 ], [ 123.20555094, 0.38136164, 0.0 ], [ 123.20559497, 0.38126031, 0.0 ], [ 123.20564215, 0.38116215, 0.0 ], [ 123.20569877, 0.38104498, 0.0 ], [ 123.20575852, 0.38091832, 0.0 ], [ 123.20581514, 0.38080749, 0.0 ], [ 123.20586546, 0.38069033, 0.0 ], [ 123.20591579, 0.38058266, 0.0 ], [ 123.20594724, 0.380513, 0.0 ], [ 123.20596926, 0.38046233, 0.0 ], [ 123.20599442, 0.38040217, 0.0 ], [ 123.20602587, 0.38032934, 0.0 ], [ 123.2060699, 0.38023117, 0.0 ], [ 123.20610765, 0.38014884, 0.0 ], [ 123.20614539, 0.38008235, 0.0 ], [ 123.2061737, 0.38001901, 0.0 ], [ 123.20622088, 0.37993035, 0.0 ], [ 123.20626491, 0.37983535, 0.0 ], [ 123.20632152, 0.37972452, 0.0 ], [ 123.20638443, 0.37961686, 0.0 ], [ 123.20641274, 0.37956303, 0.0 ], [ 123.20644734, 0.3794902, 0.0 ], [ 123.20648822, 0.37940787, 0.0 ], [ 123.20654798, 0.37928437, 0.0 ], [ 123.20659516, 0.37919254, 0.0 ], [ 123.20662662, 0.37911337, 0.0 ], [ 123.20666436, 0.37903421, 0.0 ], [ 123.20670525, 0.37894238, 0.0 ], [ 123.2067367, 0.37886638, 0.0 ], [ 123.20676501, 0.37878088, 0.0 ], [ 123.20679331, 0.37871122, 0.0 ], [ 123.20680589, 0.37865739, 0.0 ], [ 123.2068342, 0.37858772, 0.0 ], [ 123.20687823, 0.37849906, 0.0 ], [ 123.2069034, 0.37844206, 0.0 ], [ 123.2069317, 0.3783819, 0.0 ], [ 123.2069663, 0.3783059, 0.0 ], [ 123.2070009, 0.37824257, 0.0 ], [ 123.20704179, 0.37817924, 0.0 ], [ 123.20708897, 0.37810957, 0.0 ], [ 123.20712986, 0.37804307, 0.0 ], [ 123.20718647, 0.37795124, 0.0 ], [ 123.20722421, 0.37789424, 0.0 ], [ 123.20727139, 0.37783091, 0.0 ], [ 123.20731228, 0.37778025, 0.0 ], [ 123.20735946, 0.37771691, 0.0 ], [ 123.20741922, 0.37763458, 0.0 ], [ 123.20745697, 0.37757758, 0.0 ], [ 123.20750415, 0.37751425, 0.0 ], [ 123.20755133, 0.37746042, 0.0 ], [ 123.20758907, 0.37741925, 0.0 ], [ 123.20764254, 0.37737492, 0.0 ], [ 123.20771489, 0.37731792, 0.0 ], [ 123.20778094, 0.37727042, 0.0 ], [ 123.20788788, 0.37719759, 0.0 ], [ 123.20798538, 0.37712159, 0.0 ], [ 123.20807345, 0.37706776, 0.0 ], [ 123.20812378, 0.37703292, 0.0 ], [ 123.20819298, 0.37699176, 0.0 ], [ 123.20828105, 0.37694109, 0.0 ], [ 123.20835025, 0.37689676, 0.0 ], [ 123.20839743, 0.37686826, 0.0 ], [ 123.20846977, 0.37682709, 0.0 ], [ 123.20859873, 0.37672576, 0.0 ], [ 123.20867736, 0.37666876, 0.0 ], [ 123.20874971, 0.37661176, 0.0 ], [ 123.20882205, 0.37656109, 0.0 ], [ 123.20886089, 0.37653087, 0.0 ], [ 123.20888676, 0.37651061, 0.0 ], [ 123.20892057, 0.37647527, 0.0 ], [ 123.20894147, 0.37645696, 0.0 ], [ 123.20896281, 0.37643868, 0.0 ], [ 123.20898875, 0.37641859, 0.0 ], [ 123.20900762, 0.37640276, 0.0 ], [ 123.2090389, 0.37638155, 0.0 ], [ 123.20906557, 0.37636227, 0.0 ], [ 123.20909819, 0.37634144, 0.0 ], [ 123.2091307, 0.37631883, 0.0 ], [ 123.20916723, 0.37629316, 0.0 ], [ 123.20922465, 0.37625393, 0.0 ], [ 123.20928127, 0.37622226, 0.0 ], [ 123.20933789, 0.37619693, 0.0 ], [ 123.2093945, 0.37616843, 0.0 ], [ 123.20944798, 0.37614309, 0.0 ], [ 123.20948572, 0.37612093, 0.0 ], [ 123.20957065, 0.37610509, 0.0 ], [ 123.20964299, 0.37609242, 0.0 ], [ 123.20969961, 0.37608926, 0.0 ], [ 123.20975937, 0.37608926, 0.0 ], [ 123.20983801, 0.37608925, 0.0 ], [ 123.20991035, 0.37609242, 0.0 ], [ 123.20997326, 0.37609242, 0.0 ], [ 123.21003302, 0.37609241, 0.0 ], [ 123.21011795, 0.37609558, 0.0 ], [ 123.21021545, 0.37609558, 0.0 ], [ 123.21027207, 0.37609558, 0.0 ], [ 123.21032869, 0.37609874, 0.0 ], [ 123.2103916, 0.37609874, 0.0 ], [ 123.21044507, 0.3760924, 0.0 ], [ 123.21051112, 0.3760829, 0.0 ], [ 123.2105929, 0.3760639, 0.0 ], [ 123.21065896, 0.37603857, 0.0 ], [ 123.21072186, 0.37601007, 0.0 ], [ 123.21082881, 0.37595307, 0.0 ], [ 123.21088542, 0.37590557, 0.0 ], [ 123.21096091, 0.3758264, 0.0 ], [ 123.21103011, 0.37574724, 0.0 ], [ 123.21108358, 0.37567757, 0.0 ], [ 123.21114648, 0.37558891, 0.0 ], [ 123.21119366, 0.37552558, 0.0 ], [ 123.21121882, 0.37548124, 0.0 ], [ 123.211266, 0.37541475, 0.0 ], [ 123.21131318, 0.37533875, 0.0 ], [ 123.21135407, 0.37527225, 0.0 ], [ 123.21141069, 0.37517725, 0.0 ], [ 123.2114327, 0.37513292, 0.0 ], [ 123.21147674, 0.37506326, 0.0 ], [ 123.21150819, 0.37501259, 0.0 ], [ 123.21151394, 0.375, 0.0 ], [ 123.21162175, 0.37488563, 0.0 ], [ 123.21172156, 0.37479956, 0.0 ], [ 123.21178597, 0.37475392, 0.0 ], [ 123.21181502, 0.37472425, 0.0 ], [ 123.21190417, 0.37463319, 0.0 ], [ 123.21200524, 0.37452972, 0.0 ], [ 123.21217312, 0.37442105, 0.0 ], [ 123.21241125, 0.37432447, 0.0 ], [ 123.21263395, 0.37421926, 0.0 ], [ 123.21278984, 0.37414165, 0.0 ], [ 123.21299736, 0.37406801, 0.0 ], [ 123.21325378, 0.37397701, 0.0 ], [ 123.21351791, 0.37388122, 0.0 ], [ 123.21379578, 0.3737935, 0.0 ], [ 123.21383224, 0.373782, 0.0 ], [ 123.21415929, 0.37368798, 0.0 ], [ 123.21443223, 0.37359396, 0.0 ], [ 123.21459203, 0.37353282, 0.0 ], [ 123.2148233, 0.37342071, 0.0 ], [ 123.21498262, 0.37334137, 0.0 ], [ 123.21515564, 0.37323961, 0.0 ], [ 123.21536806, 0.37308956, 0.0 ], [ 123.21544516, 0.3730499, 0.0 ], [ 123.21553766, 0.3730154, 0.0 ], [ 123.21559762, 0.37301367, 0.0 ], [ 123.21567387, 0.37298844, 0.0 ], [ 123.2156923, 0.37297988, 0.0 ], [ 123.21573467, 0.37296021, 0.0 ], [ 123.21582118, 0.37288915, 0.0 ], [ 123.21586487, 0.37285328, 0.0 ], [ 123.21604303, 0.37272048, 0.0 ], [ 123.21615666, 0.3726052, 0.0 ], [ 123.21630342, 0.37243763, 0.0 ], [ 123.21647814, 0.37227207, 0.0 ], [ 123.21657579, 0.37216858, 0.0 ], [ 123.21659062, 0.37214428, 0.0 ], [ 123.21668791, 0.3719848, 0.0 ], [ 123.21670941, 0.37194955, 0.0 ], [ 123.21677108, 0.3718271, 0.0 ], [ 123.2167865, 0.37172362, 0.0 ], [ 123.21684645, 0.37153046, 0.0 ], [ 123.21688927, 0.37139076, 0.0 ], [ 123.21700404, 0.37102342, 0.0 ], [ 123.21705029, 0.37075782, 0.0 ], [ 123.21711196, 0.3705388, 0.0 ], [ 123.21714964, 0.37029045, 0.0 ], [ 123.21717357, 0.37012473, 0.0 ], [ 123.2171599, 0.36958507, 0.0 ], [ 123.21714277, 0.36942468, 0.0 ], [ 123.21712049, 0.36920565, 0.0 ], [ 123.21701941, 0.36898145, 0.0 ], [ 123.21691149, 0.36882624, 0.0 ], [ 123.21688064, 0.36869172, 0.0 ], [ 123.2168892, 0.36856237, 0.0 ], [ 123.21690634, 0.36846061, 0.0 ], [ 123.2169543, 0.36832955, 0.0 ], [ 123.21698, 0.36823297, 0.0 ], [ 123.21700055, 0.36808464, 0.0 ], [ 123.21700569, 0.36799841, 0.0 ], [ 123.21701596, 0.36791046, 0.0 ], [ 123.21700226, 0.36785527, 0.0 ], [ 123.21698512, 0.36783285, 0.0 ], [ 123.21694744, 0.36782423, 0.0 ], [ 123.21689776, 0.36781561, 0.0 ], [ 123.21679839, 0.36780009, 0.0 ], [ 123.2167727, 0.36778974, 0.0 ], [ 123.21672986, 0.36774317, 0.0 ], [ 123.2166956, 0.36768971, 0.0 ], [ 123.21667504, 0.36763452, 0.0 ], [ 123.21666305, 0.36758278, 0.0 ], [ 123.2166819, 0.36752415, 0.0 ], [ 123.21672472, 0.36744999, 0.0 ], [ 123.21676583, 0.36738445, 0.0 ], [ 123.2168138, 0.3672758, 0.0 ], [ 123.21686005, 0.36713265, 0.0 ], [ 123.21687033, 0.36702056, 0.0 ], [ 123.21687546, 0.3669326, 0.0 ], [ 123.21685833, 0.3668843, 0.0 ], [ 123.21683948, 0.36686879, 0.0 ], [ 123.21679323, 0.36683256, 0.0 ], [ 123.21677439, 0.36681015, 0.0 ], [ 123.21676925, 0.36677738, 0.0 ], [ 123.21676753, 0.36663078, 0.0 ], [ 123.21676976, 0.3665587, 0.0 ], [ 123.21677266, 0.36646522, 0.0 ], [ 123.21676238, 0.36633071, 0.0 ], [ 123.21670585, 0.36621343, 0.0 ], [ 123.21659062, 0.36615664, 0.0 ], [ 123.21646087, 0.36609271, 0.0 ], [ 123.21635636, 0.36602718, 0.0 ], [ 123.21629298, 0.3659582, 0.0 ], [ 123.21619704, 0.36586851, 0.0 ], [ 123.21607541, 0.36574952, 0.0 ], [ 123.21594178, 0.36563224, 0.0 ], [ 123.21587496, 0.36553912, 0.0 ], [ 123.21585783, 0.36549083, 0.0 ], [ 123.21585441, 0.36542702, 0.0 ], [ 123.21586125, 0.36535114, 0.0 ], [ 123.21587153, 0.36529767, 0.0 ], [ 123.21589723, 0.3652373, 0.0 ], [ 123.21595376, 0.36516487, 0.0 ], [ 123.21604284, 0.36510106, 0.0 ], [ 123.21617817, 0.36495618, 0.0 ], [ 123.21628439, 0.36487512, 0.0 ], [ 123.21633407, 0.36488375, 0.0 ], [ 123.21635805, 0.36488719, 0.0 ], [ 123.21649167, 0.36489064, 0.0 ], [ 123.21659062, 0.36491341, 0.0 ], [ 123.21661159, 0.36491824, 0.0 ], [ 123.21685486, 0.3649234, 0.0 ], [ 123.21705357, 0.36492857, 0.0 ], [ 123.21727041, 0.3649037, 0.0 ], [ 123.21745321, 0.36488651, 0.0 ], [ 123.21774615, 0.36485983, 0.0 ], [ 123.21793016, 0.36484056, 0.0 ], [ 123.21803026, 0.36480648, 0.0 ], [ 123.2181371, 0.36475, 0.0 ], [ 123.21814802, 0.36474423, 0.0 ], [ 123.21816126, 0.36471903, 0.0 ], [ 123.21818334, 0.3646642, 0.0 ], [ 123.21818629, 0.36459752, 0.0 ], [ 123.21817304, 0.36455009, 0.0 ], [ 123.21811562, 0.36446414, 0.0 ], [ 123.2181009, 0.36440338, 0.0 ], [ 123.21808324, 0.36431595, 0.0 ], [ 123.2180906, 0.36423889, 0.0 ], [ 123.21814506, 0.36416924, 0.0 ], [ 123.21819069, 0.36413663, 0.0 ], [ 123.21830109, 0.36411292, 0.0 ], [ 123.21837176, 0.36411292, 0.0 ], [ 123.21845125, 0.36412477, 0.0 ], [ 123.21855576, 0.36414107, 0.0 ], [ 123.21862494, 0.36414106, 0.0 ], [ 123.21867794, 0.36411291, 0.0 ], [ 123.21871033, 0.36408624, 0.0 ], [ 123.21873241, 0.36402844, 0.0 ], [ 123.21876626, 0.36392174, 0.0 ], [ 123.21880158, 0.36384912, 0.0 ], [ 123.21886046, 0.3637691, 0.0 ], [ 123.21895026, 0.36369055, 0.0 ], [ 123.21896203, 0.36368611, 0.0 ], [ 123.21905771, 0.36363424, 0.0 ], [ 123.21913279, 0.36361645, 0.0 ], [ 123.21923436, 0.36360163, 0.0 ], [ 123.21934918, 0.36360162, 0.0 ], [ 123.2194537, 0.36361051, 0.0 ], [ 123.2195376, 0.36362681, 0.0 ], [ 123.21960091, 0.36365348, 0.0 ], [ 123.21964212, 0.36369498, 0.0 ], [ 123.2196907, 0.3637424, 0.0 ], [ 123.21972603, 0.36380019, 0.0 ], [ 123.21976284, 0.36384021, 0.0 ], [ 123.21976574, 0.36384565, 0.0 ], [ 123.219871, 0.36404281, 0.0 ], [ 123.21996851, 0.36422445, 0.0 ], [ 123.22002774, 0.36432077, 0.0 ], [ 123.22009336, 0.36439141, 0.0 ], [ 123.22015259, 0.36444829, 0.0 ], [ 123.22020635, 0.36449782, 0.0 ], [ 123.2203017, 0.36453231, 0.0 ], [ 123.22035291, 0.36453586, 0.0 ], [ 123.22037764, 0.36455007, 0.0 ], [ 123.22043063, 0.36455896, 0.0 ], [ 123.22049068, 0.36455007, 0.0 ], [ 123.22059456, 0.364518, 0.0 ], [ 123.22071211, 0.36447121, 0.0 ], [ 123.22082237, 0.36441708, 0.0 ], [ 123.22096908, 0.36435377, 0.0 ], [ 123.22109393, 0.36429965, 0.0 ], [ 123.22123517, 0.36423909, 0.0 ], [ 123.22132903, 0.36418222, 0.0 ], [ 123.22142744, 0.36411157, 0.0 ], [ 123.2215131, 0.36404735, 0.0 ], [ 123.22160423, 0.36398497, 0.0 ], [ 123.22167804, 0.36391799, 0.0 ], [ 123.2217482, 0.36385286, 0.0 ], [ 123.22175736, 0.36384565, 0.0 ], [ 123.22181928, 0.3637969, 0.0 ], [ 123.22189856, 0.36373176, 0.0 ], [ 123.22195597, 0.36369874, 0.0 ], [ 123.22198051, 0.363671, 0.0 ], [ 123.22200062, 0.36364828, 0.0 ], [ 123.2220152, 0.36360332, 0.0 ], [ 123.22200973, 0.36356938, 0.0 ], [ 123.22198051, 0.36354732, 0.0 ], [ 123.22197692, 0.36354461, 0.0 ], [ 123.22189582, 0.36351434, 0.0 ], [ 123.22171347, 0.36343456, 0.0 ], [ 123.22151937, 0.36335016, 0.0 ], [ 123.22147744, 0.36333365, 0.0 ], [ 123.22158223, 0.36307953, 0.0 ], [ 123.22198051, 0.36323497, 0.0 ], [ 123.22201236, 0.3632474, 0.0 ], [ 123.22212353, 0.36299879, 0.0 ], [ 123.22214952, 0.3629413, 0.0 ], [ 123.22223926, 0.36274283, 0.0 ], [ 123.22255735, 0.36214203, 0.0 ], [ 123.22264921, 0.36192238, 0.0 ], [ 123.22276403, 0.36155244, 0.0 ], [ 123.22275255, 0.36135592, 0.0 ], [ 123.22267216, 0.36117095, 0.0 ], [ 123.22247694, 0.36102067, 0.0 ], [ 123.2222932, 0.36080103, 0.0 ], [ 123.22225875, 0.36073166, 0.0 ], [ 123.22225875, 0.36071328, 0.0 ], [ 123.22225875, 0.36058138, 0.0 ], [ 123.22239654, 0.36030392, 0.0 ], [ 123.22249988, 0.36008427, 0.0 ], [ 123.22259174, 0.35986462, 0.0 ], [ 123.22263767, 0.35964497, 0.0 ], [ 123.2227525, 0.35943688, 0.0 ], [ 123.22282139, 0.35925191, 0.0 ], [ 123.22291325, 0.35899758, 0.0 ], [ 123.22302808, 0.35875481, 0.0 ], [ 123.22321181, 0.35850048, 0.0 ], [ 123.2233496, 0.35828083, 0.0 ], [ 123.22339553, 0.35816522, 0.0 ], [ 123.22352184, 0.35792245, 0.0 ], [ 123.22362519, 0.35766812, 0.0 ], [ 123.22377446, 0.35747158, 0.0 ], [ 123.22391226, 0.35724037, 0.0 ], [ 123.22407302, 0.3569398, 0.0 ], [ 123.22423377, 0.35668546, 0.0 ], [ 123.22423377, 0.3565583, 0.0 ], [ 123.22433711, 0.35624616, 0.0 ], [ 123.22467011, 0.3556797, 0.0 ], [ 123.22476197, 0.35539068, 0.0 ], [ 123.22486532, 0.35518259, 0.0 ], [ 123.22495718, 0.35496294, 0.0 ], [ 123.22498014, 0.35476641, 0.0 ], [ 123.22495717, 0.35454677, 0.0 ], [ 123.22496865, 0.35445428, 0.0 ], [ 123.22509496, 0.35408435, 0.0 ], [ 123.22504901, 0.35350632, 0.0 ], [ 123.22531312, 0.35329823, 0.0 ], [ 123.22545091, 0.35306702, 0.0 ], [ 123.22557377, 0.35288148, 0.0 ], [ 123.22561167, 0.35282425, 0.0 ], [ 123.22576095, 0.35267396, 0.0 ], [ 123.22579037, 0.35262819, 0.0 ], [ 123.22588726, 0.35247743, 0.0 ], [ 123.22597913, 0.35235026, 0.0 ], [ 123.22609395, 0.35216529, 0.0 ], [ 123.22616277, 0.35208908, 0.0 ], [ 123.22620878, 0.35203812, 0.0 ], [ 123.22641548, 0.35184159, 0.0 ], [ 123.22647209, 0.3517998, 0.0 ], [ 123.22658772, 0.35171442, 0.0 ], [ 123.22672552, 0.35152945, 0.0 ], [ 123.22688628, 0.35134448, 0.0 ], [ 123.22707669, 0.35118473, 0.0 ], [ 123.22709297, 0.35117107, 0.0 ], [ 123.22709297, 0.35091674, 0.0 ], [ 123.22718483, 0.35068553, 0.0 ], [ 123.22721928, 0.35059304, 0.0 ], [ 123.22725372, 0.35039651, 0.0 ], [ 123.22729965, 0.35013062, 0.0 ], [ 123.22732261, 0.34996878, 0.0 ], [ 123.2273704, 0.34987255, 0.0 ], [ 123.22742595, 0.34976069, 0.0 ], [ 123.22751782, 0.3495526, 0.0 ], [ 123.22765423, 0.34937602, 0.0 ], [ 123.22767858, 0.34934451, 0.0 ], [ 123.22787378, 0.34903237, 0.0 ], [ 123.22803454, 0.3487896, 0.0 ], [ 123.22822975, 0.34860462, 0.0 ], [ 123.22826872, 0.34858048, 0.0 ], [ 123.22837904, 0.34851214, 0.0 ], [ 123.22841923, 0.34847167, 0.0 ], [ 123.22859721, 0.34829248, 0.0 ], [ 123.22902209, 0.34828091, 0.0 ], [ 123.2296996, 0.34816529, 0.0 ], [ 123.23006535, 0.34799141, 0.0 ], [ 123.23011299, 0.34796875, 0.0 ], [ 123.23027376, 0.34796875, 0.0 ], [ 123.23046897, 0.34793406, 0.0 ], [ 123.23061825, 0.34781846, 0.0 ], [ 123.23075605, 0.34767973, 0.0 ], [ 123.2309895, 0.34756732, 0.0 ], [ 123.23102016, 0.34755256, 0.0 ], [ 123.2313302, 0.34741382, 0.0 ], [ 123.23164025, 0.34727509, 0.0 ], [ 123.23197326, 0.3471826, 0.0 ], [ 123.23223737, 0.34711323, 0.0 ], [ 123.23257039, 0.3470323, 0.0 ], [ 123.2327656, 0.34702073, 0.0 ], [ 123.23286895, 0.34703229, 0.0 ], [ 123.23315603, 0.34704385, 0.0 ], [ 123.23323642, 0.34710165, 0.0 ], [ 123.2333168, 0.34720569, 0.0 ], [ 123.23337422, 0.34727505, 0.0 ], [ 123.23343164, 0.34737909, 0.0 ], [ 123.23349113, 0.34756732, 0.0 ], [ 123.23351203, 0.34763342, 0.0 ], [ 123.233535, 0.34779526, 0.0 ], [ 123.23355797, 0.34791087, 0.0 ], [ 123.23358094, 0.34807271, 0.0 ], [ 123.23365861, 0.34819355, 0.0 ], [ 123.23370726, 0.34826924, 0.0 ], [ 123.23375319, 0.34836172, 0.0 ], [ 123.23398789, 0.34847167, 0.0 ], [ 123.23400879, 0.34848146, 0.0 ], [ 123.23401855, 0.34848146, 0.0 ], [ 123.23402448, 0.34848146, 0.0 ], [ 123.23403432, 0.34848419, 0.0 ], [ 123.23407058, 0.34849879, 0.0 ], [ 123.23409825, 0.34850993, 0.0 ], [ 123.2341083, 0.34851398, 0.0 ], [ 123.23411529, 0.34851679, 0.0 ], [ 123.23411741, 0.34851765, 0.0 ], [ 123.23413112, 0.34851765, 0.0 ], [ 123.23414325, 0.34851765, 0.0 ], [ 123.23414848, 0.34851765, 0.0 ], [ 123.23415157, 0.34851765, 0.0 ], [ 123.23415453, 0.34851587, 0.0 ], [ 123.23415621, 0.34851333, 0.0 ], [ 123.23415823, 0.34851029, 0.0 ], [ 123.23416102, 0.34850606, 0.0 ], [ 123.23416338, 0.3485025, 0.0 ], [ 123.23416655, 0.34849772, 0.0 ], [ 123.23417, 0.34849645, 0.0 ], [ 123.23417264, 0.34849716, 0.0 ], [ 123.23417495, 0.34849779, 0.0 ], [ 123.23417545, 0.3484988, 0.0 ], [ 123.23417613, 0.34850018, 0.0 ], [ 123.23417785, 0.34850363, 0.0 ], [ 123.23417965, 0.34850727, 0.0 ], [ 123.2341792, 0.34851083, 0.0 ], [ 123.23417697, 0.34851533, 0.0 ], [ 123.23417549, 0.3485183, 0.0 ], [ 123.23417378, 0.34852175, 0.0 ], [ 123.2341719, 0.34852553, 0.0 ], [ 123.2341719, 0.34852936, 0.0 ], [ 123.23417059, 0.34853574, 0.0 ], [ 123.23416846, 0.34853894, 0.0 ], [ 123.23416485, 0.34854352, 0.0 ], [ 123.23416234, 0.34854899, 0.0 ], [ 123.23416358, 0.34855354, 0.0 ], [ 123.23416501, 0.34855665, 0.0 ], [ 123.23416762, 0.34855988, 0.0 ], [ 123.23417095, 0.34856072, 0.0 ], [ 123.23417464, 0.34856072, 0.0 ], [ 123.23417761, 0.34855892, 0.0 ], [ 123.23418032, 0.34855761, 0.0 ], [ 123.23418569, 0.34855725, 0.0 ], [ 123.2341892, 0.34855682, 0.0 ], [ 123.23419349, 0.34855825, 0.0 ], [ 123.23422245, 0.34856797, 0.0 ], [ 123.23425683, 0.34857951, 0.0 ], [ 123.23426263, 0.34858136, 0.0 ], [ 123.23428511, 0.34858739, 0.0 ], [ 123.23438097, 0.34861312, 0.0 ], [ 123.234396, 0.34861716, 0.0 ], [ 123.2344034, 0.34862088, 0.0 ], [ 123.23441101, 0.34862471, 0.0 ], [ 123.23441398, 0.34862621, 0.0 ], [ 123.23442537, 0.3486285, 0.0 ], [ 123.23444018, 0.34863148, 0.0 ], [ 123.23445015, 0.34863349, 0.0 ], [ 123.23445555, 0.34863457, 0.0 ], [ 123.23446072, 0.34863616, 0.0 ], [ 123.23446624, 0.34863894, 0.0 ], [ 123.23447161, 0.34864165, 0.0 ], [ 123.23447688, 0.3486443, 0.0 ], [ 123.23450635, 0.34865343, 0.0 ], [ 123.23455427, 0.34866827, 0.0 ], [ 123.23459061, 0.34867952, 0.0 ], [ 123.23459371, 0.34868048, 0.0 ], [ 123.23460182, 0.34868456, 0.0 ], [ 123.23461169, 0.34868953, 0.0 ], [ 123.23465474, 0.34870578, 0.0 ], [ 123.23468358, 0.34871667, 0.0 ], [ 123.2346962, 0.34872302, 0.0 ], [ 123.23470043, 0.34872515, 0.0 ], [ 123.23470156, 0.34872572, 0.0 ], [ 123.23473186, 0.34873334, 0.0 ], [ 123.2347375, 0.34873476, 0.0 ], [ 123.23474939, 0.34874075, 0.0 ], [ 123.23475548, 0.34874381, 0.0 ], [ 123.23477899, 0.34876748, 0.0 ], [ 123.23478512, 0.34877365, 0.0 ], [ 123.23478708, 0.34877562, 0.0 ], [ 123.23479013, 0.34877638, 0.0 ], [ 123.23479358, 0.34877722, 0.0 ], [ 123.23479772, 0.34877789, 0.0 ], [ 123.23480218, 0.34877639, 0.0 ], [ 123.23481163, 0.34877322, 0.0 ], [ 123.23482579, 0.34876847, 0.0 ], [ 123.2348463, 0.34876158, 0.0 ], [ 123.23485126, 0.34875992, 0.0 ], [ 123.23486324, 0.3487559, 0.0 ], [ 123.23486759, 0.34875444, 0.0 ], [ 123.23487133, 0.34875448, 0.0 ], [ 123.23487708, 0.34875446, 0.0 ], [ 123.23488407, 0.3487568, 0.0 ], [ 123.23489331, 0.3487599, 0.0 ], [ 123.23489741, 0.34876128, 0.0 ], [ 123.23490063, 0.34876328, 0.0 ], [ 123.23490789, 0.34877058, 0.0 ], [ 123.23491448, 0.34877722, 0.0 ], [ 123.23492007, 0.34878, 0.0 ], [ 123.23492412, 0.34878, 0.0 ], [ 123.23493101, 0.34878, 0.0 ], [ 123.23494029, 0.34878, 0.0 ], [ 123.2349442, 0.34878, 0.0 ], [ 123.23495034, 0.34878102, 0.0 ], [ 123.23496605, 0.34878366, 0.0 ], [ 123.23499354, 0.34878827, 0.0 ], [ 123.23499994, 0.34878927, 0.0 ], [ 123.23502629, 0.34879259, 0.0 ], [ 123.23505041, 0.34879562, 0.0 ], [ 123.23506343, 0.34879726, 0.0 ], [ 123.23506776, 0.3487978, 0.0 ], [ 123.23507067, 0.34879772, 0.0 ], [ 123.23507602, 0.34879473, 0.0 ], [ 123.2350806, 0.34879217, 0.0 ], [ 123.23510751, 0.34877712, 0.0 ], [ 123.23513842, 0.34875983, 0.0 ], [ 123.2351509, 0.34875285, 0.0 ], [ 123.2351786, 0.34873891, 0.0 ], [ 123.23522279, 0.34871666, 0.0 ], [ 123.23524338, 0.34870007, 0.0 ], [ 123.23525385, 0.34869164, 0.0 ], [ 123.23525861, 0.34868781, 0.0 ], [ 123.23526316, 0.34868415, 0.0 ], [ 123.23526587, 0.34868196, 0.0 ], [ 123.23526996, 0.3486799, 0.0 ], [ 123.23527592, 0.34867841, 0.0 ], [ 123.23528205, 0.34867686, 0.0 ], [ 123.23529324, 0.34867405, 0.0 ], [ 123.23529813, 0.34867281, 0.0 ], [ 123.23530208, 0.34867182, 0.0 ], [ 123.235305, 0.34866875, 0.0 ], [ 123.23530669, 0.34866535, 0.0 ], [ 123.23530897, 0.34866076, 0.0 ], [ 123.23531032, 0.34865803, 0.0 ], [ 123.23531383, 0.34865536, 0.0 ], [ 123.2353174, 0.34865453, 0.0 ], [ 123.23532227, 0.34865332, 0.0 ], [ 123.23532738, 0.34865332, 0.0 ], [ 123.23534284, 0.34865332, 0.0 ], [ 123.23534605, 0.34865332, 0.0 ], [ 123.23535176, 0.34865332, 0.0 ], [ 123.23535532, 0.34865332, 0.0 ], [ 123.23536067, 0.34865332, 0.0 ], [ 123.23536436, 0.34865332, 0.0 ], [ 123.23536775, 0.34865273, 0.0 ], [ 123.23537051, 0.34865135, 0.0 ], [ 123.23537493, 0.34864912, 0.0 ], [ 123.23537959, 0.34864677, 0.0 ], [ 123.23538197, 0.34864558, 0.0 ], [ 123.23538481, 0.34864555, 0.0 ], [ 123.23538962, 0.348645, 0.0 ], [ 123.23539332, 0.34864554, 0.0 ], [ 123.23539859, 0.34864629, 0.0 ], [ 123.23541331, 0.34864841, 0.0 ], [ 123.23542845, 0.34865059, 0.0 ], [ 123.23543696, 0.34865181, 0.0 ], [ 123.23544185, 0.34865251, 0.0 ], [ 123.23544661, 0.3486532, 0.0 ], [ 123.23545117, 0.34865108, 0.0 ], [ 123.23545529, 0.34864859, 0.0 ], [ 123.23546561, 0.34864236, 0.0 ], [ 123.23547458, 0.34863694, 0.0 ], [ 123.23548075, 0.34863321, 0.0 ], [ 123.23548403, 0.34863123, 0.0 ], [ 123.23548765, 0.34862904, 0.0 ], [ 123.23549062, 0.34862867, 0.0 ], [ 123.23549643, 0.34862821, 0.0 ], [ 123.23550014, 0.34863008, 0.0 ], [ 123.23550476, 0.3486324, 0.0 ], [ 123.23551603, 0.34863807, 0.0 ], [ 123.23552135, 0.34864075, 0.0 ], [ 123.23552563, 0.34864291, 0.0 ], [ 123.23553009, 0.34864427, 0.0 ], [ 123.23553568, 0.34864427, 0.0 ], [ 123.23554447, 0.34864427, 0.0 ], [ 123.23556231, 0.34864427, 0.0 ], [ 123.23557134, 0.34864427, 0.0 ], [ 123.23557502, 0.34864392, 0.0 ], [ 123.2355824, 0.34864243, 0.0 ], [ 123.23560069, 0.34863875, 0.0 ], [ 123.23562833, 0.34863318, 0.0 ], [ 123.23563938, 0.34863096, 0.0 ], [ 123.23564644, 0.34862954, 0.0 ], [ 123.23565072, 0.34862868, 0.0 ], [ 123.23565783, 0.34862725, 0.0 ], [ 123.23566693, 0.34862617, 0.0 ], [ 123.23569011, 0.34862617, 0.0 ], [ 123.23570997, 0.34862617, 0.0 ], [ 123.23573838, 0.34862617, 0.0 ], [ 123.23575455, 0.34862617, 0.0 ], [ 123.23575895, 0.34862617, 0.0 ], [ 123.23576517, 0.34862526, 0.0 ], [ 123.23576847, 0.34862431, 0.0 ], [ 123.23579185, 0.34861759, 0.0 ], [ 123.23580519, 0.34861375, 0.0 ], [ 123.23581441, 0.3486111, 0.0 ], [ 123.23581926, 0.3486097, 0.0 ], [ 123.2358216, 0.34860664, 0.0 ], [ 123.2358235, 0.34860197, 0.0 ], [ 123.23582491, 0.34859587, 0.0 ], [ 123.23582491, 0.34858952, 0.0 ], [ 123.23582491, 0.3485827, 0.0 ], [ 123.23582491, 0.348576, 0.0 ], [ 123.23582491, 0.34857189, 0.0 ], [ 123.23582376, 0.34856888, 0.0 ], [ 123.23581413, 0.34854368, 0.0 ], [ 123.23579903, 0.34850417, 0.0 ], [ 123.23578662, 0.34847167, 0.0 ], [ 123.23577997, 0.34845427, 0.0 ], [ 123.2357639, 0.34842192, 0.0 ], [ 123.23574871, 0.34839133, 0.0 ], [ 123.23574443, 0.34838271, 0.0 ], [ 123.23574179, 0.3483774, 0.0 ], [ 123.23573991, 0.34837362, 0.0 ], [ 123.23573992, 0.34836954, 0.0 ], [ 123.23573956, 0.34836571, 0.0 ], [ 123.23574467, 0.34836186, 0.0 ], [ 123.23574776, 0.34836124, 0.0 ], [ 123.23576621, 0.34835753, 0.0 ], [ 123.235777, 0.34835535, 0.0 ], [ 123.23578224, 0.34835475, 0.0 ], [ 123.23578866, 0.34835475, 0.0 ], [ 123.23579829, 0.34835475, 0.0 ], [ 123.23582005, 0.34835475, 0.0 ], [ 123.23582362, 0.34835475, 0.0 ], [ 123.23582516, 0.34835278, 0.0 ], [ 123.23583206, 0.34834899, 0.0 ], [ 123.23583675, 0.34834521, 0.0 ], [ 123.23584227, 0.34834076, 0.0 ], [ 123.23584776, 0.34833634, 0.0 ], [ 123.23585342, 0.34833179, 0.0 ], [ 123.23585845, 0.34832773, 0.0 ], [ 123.23586413, 0.34832316, 0.0 ], [ 123.23586895, 0.34831928, 0.0 ], [ 123.23587235, 0.34831603, 0.0 ], [ 123.2358968, 0.34829142, 0.0 ], [ 123.23591694, 0.34827114, 0.0 ], [ 123.23592223, 0.34826582, 0.0 ], [ 123.2359266, 0.34826332, 0.0 ], [ 123.2359343, 0.34826074, 0.0 ], [ 123.23594161, 0.34825829, 0.0 ], [ 123.23594778, 0.34825621, 0.0 ], [ 123.23595254, 0.34825362, 0.0 ], [ 123.23595751, 0.34824924, 0.0 ], [ 123.23598146, 0.34822814, 0.0 ], [ 123.23599651, 0.34821489, 0.0 ], [ 123.23600184, 0.34821019, 0.0 ], [ 123.23600619, 0.34820636, 0.0 ], [ 123.23600967, 0.3482033, 0.0 ], [ 123.23601359, 0.34819984, 0.0 ], [ 123.23601621, 0.34819754, 0.0 ], [ 123.23601858, 0.34819544, 0.0 ], [ 123.23602038, 0.34819386, 0.0 ], [ 123.2360237, 0.34819395, 0.0 ], [ 123.23602798, 0.3481919, 0.0 ], [ 123.23603012, 0.3481919, 0.0 ], [ 123.23603262, 0.34819112, 0.0 ], [ 123.23604478, 0.34818194, 0.0 ], [ 123.23608107, 0.34815454, 0.0 ], [ 123.2360984, 0.34814145, 0.0 ], [ 123.23610349, 0.34813761, 0.0 ], [ 123.23611408, 0.34812518, 0.0 ], [ 123.23611752, 0.34812113, 0.0 ], [ 123.23612225, 0.34811558, 0.0 ], [ 123.2361305, 0.34810589, 0.0 ], [ 123.23615341, 0.34807898, 0.0 ], [ 123.23615741, 0.34807428, 0.0 ], [ 123.23616158, 0.34806728, 0.0 ], [ 123.23616742, 0.34805747, 0.0 ], [ 123.23617265, 0.34804871, 0.0 ], [ 123.23620074, 0.34800157, 0.0 ], [ 123.23620809, 0.34798925, 0.0 ], [ 123.23621133, 0.34798381, 0.0 ], [ 123.23621463, 0.34795056, 0.0 ], [ 123.23621684, 0.34792829, 0.0 ], [ 123.2362197, 0.34789947, 0.0 ], [ 123.23622564, 0.34787189, 0.0 ], [ 123.23623308, 0.34784193, 0.0 ], [ 123.23624228, 0.34780487, 0.0 ], [ 123.23624727, 0.34778477, 0.0 ], [ 123.23625484, 0.34776572, 0.0 ], [ 123.23625986, 0.34775309, 0.0 ], [ 123.23626488, 0.34774045, 0.0 ], [ 123.23626524, 0.34773953, 0.0 ], [ 123.23627511, 0.34756152, 0.0 ], [ 123.23629607, 0.34743308, 0.0 ], [ 123.23631064, 0.3472918, 0.0 ], [ 123.23631611, 0.34717805, 0.0 ], [ 123.23631519, 0.34712117, 0.0 ], [ 123.23628421, 0.34705328, 0.0 ], [ 123.23624685, 0.34702301, 0.0 ], [ 123.23616575, 0.34699733, 0.0 ], [ 123.23608829, 0.34699365, 0.0 ], [ 123.23602358, 0.34696797, 0.0 ], [ 123.23600263, 0.3469166, 0.0 ], [ 123.23600172, 0.34688082, 0.0 ], [ 123.23602996, 0.34682577, 0.0 ], [ 123.23606732, 0.34678265, 0.0 ], [ 123.23610651, 0.34672211, 0.0 ], [ 123.23613202, 0.34663496, 0.0 ], [ 123.2361548, 0.34651111, 0.0 ], [ 123.23616573, 0.34637534, 0.0 ], [ 123.23618304, 0.34619277, 0.0 ], [ 123.23619762, 0.34601479, 0.0 ], [ 123.23622403, 0.34583958, 0.0 ], [ 123.23629238, 0.34567995, 0.0 ], [ 123.23637894, 0.34556527, 0.0 ], [ 123.23648829, 0.3454561, 0.0 ], [ 123.23677626, 0.34539188, 0.0 ], [ 123.23691203, 0.34535334, 0.0 ], [ 123.23710248, 0.34529003, 0.0 ], [ 123.23722733, 0.34526068, 0.0 ], [ 123.23738861, 0.34522398, 0.0 ], [ 123.23753897, 0.34519828, 0.0 ], [ 123.23770847, 0.34518086, 0.0 ], [ 123.23785245, 0.34517351, 0.0 ], [ 123.23801283, 0.3451524, 0.0 ], [ 123.23813767, 0.3451258, 0.0 ], [ 123.2382935, 0.34510561, 0.0 ], [ 123.23849762, 0.34510561, 0.0 ], [ 123.2386416, 0.3451001, 0.0 ], [ 123.23885301, 0.34512303, 0.0 ], [ 123.23896602, 0.34511844, 0.0 ], [ 123.2390485, 0.345115, 0.0 ], [ 123.23909815, 0.34511293, 0.0 ], [ 123.23921388, 0.34507807, 0.0 ], [ 123.2393296, 0.34500926, 0.0 ], [ 123.23942255, 0.3449588, 0.0 ], [ 123.23953555, 0.34493403, 0.0 ], [ 123.23966677, 0.34491476, 0.0 ], [ 123.23983809, 0.34489182, 0.0 ], [ 123.24019257, 0.34486429, 0.0 ], [ 123.24025617, 0.34485426, 0.0 ], [ 123.24039031, 0.34483309, 0.0 ], [ 123.24059262, 0.344823, 0.0 ], [ 123.24077138, 0.3447793, 0.0 ], [ 123.24086015, 0.34475027, 0.0 ], [ 123.24103795, 0.34474981, 0.0 ], [ 123.24110201, 0.34474867, 0.0 ], [ 123.24125328, 0.344734, 0.0 ], [ 123.2414091, 0.34469179, 0.0 ], [ 123.2415221, 0.34463308, 0.0 ], [ 123.24164329, 0.34455601, 0.0 ], [ 123.24173807, 0.34448445, 0.0 ], [ 123.24174345, 0.3444796, 0.0 ], [ 123.24181643, 0.34441381, 0.0 ], [ 123.24188011, 0.34437527, 0.0 ], [ 123.24198501, 0.3443028, 0.0 ], [ 123.24205426, 0.34425877, 0.0 ], [ 123.2421053, 0.34422115, 0.0 ], [ 123.24213902, 0.34417804, 0.0 ], [ 123.24215724, 0.34411748, 0.0 ], [ 123.2421627, 0.34406153, 0.0 ], [ 123.2421627, 0.34399272, 0.0 ], [ 123.24216936, 0.34394991, 0.0 ], [ 123.2421791, 0.34388722, 0.0 ], [ 123.24222375, 0.34380649, 0.0 ], [ 123.24229027, 0.34379915, 0.0 ], [ 123.2423486, 0.34381933, 0.0 ], [ 123.24241876, 0.34383401, 0.0 ], [ 123.24249622, 0.34383217, 0.0 ], [ 123.24259828, 0.34378721, 0.0 ], [ 123.24264176, 0.34377358, 0.0 ], [ 123.24265387, 0.34376979, 0.0 ], [ 123.24272585, 0.34373309, 0.0 ], [ 123.24277689, 0.34369822, 0.0 ], [ 123.24310675, 0.34344777, 0.0 ], [ 123.24322158, 0.34333218, 0.0 ], [ 123.24337376, 0.34320557, 0.0 ], [ 123.24347308, 0.34313034, 0.0 ], [ 123.24356512, 0.34305879, 0.0 ], [ 123.24366353, 0.34296887, 0.0 ], [ 123.24374099, 0.3429175, 0.0 ], [ 123.24384404, 0.34285635, 0.0 ], [ 123.24396706, 0.3428013, 0.0 ], [ 123.24410374, 0.34276277, 0.0 ], [ 123.24422859, 0.34272607, 0.0 ], [ 123.24436437, 0.34266276, 0.0 ], [ 123.24449194, 0.34259579, 0.0 ], [ 123.24462681, 0.34251231, 0.0 ], [ 123.24473251, 0.342449, 0.0 ], [ 123.24482911, 0.34240222, 0.0 ], [ 123.2449339, 0.34237102, 0.0 ], [ 123.24508061, 0.34233616, 0.0 ], [ 123.24515807, 0.34226826, 0.0 ], [ 123.24520293, 0.3421412, 0.0 ], [ 123.24521183, 0.34211598, 0.0 ], [ 123.24525465, 0.34206461, 0.0 ], [ 123.24531662, 0.34204717, 0.0 ], [ 123.24538315, 0.34206919, 0.0 ], [ 123.24542598, 0.34210589, 0.0 ], [ 123.24547636, 0.3421412, 0.0 ], [ 123.24549796, 0.34215634, 0.0 ], [ 123.24560731, 0.34216092, 0.0 ], [ 123.24572122, 0.34214532, 0.0 ], [ 123.24573472, 0.3421412, 0.0 ], [ 123.24588342, 0.34209578, 0.0 ], [ 123.24602467, 0.34203982, 0.0 ], [ 123.24615316, 0.34199027, 0.0 ], [ 123.24621968, 0.34195357, 0.0 ], [ 123.24623502, 0.34194087, 0.0 ], [ 123.24631719, 0.34187284, 0.0 ], [ 123.24639464, 0.34180036, 0.0 ], [ 123.24646025, 0.34172697, 0.0 ], [ 123.24653679, 0.34160221, 0.0 ], [ 123.24659875, 0.34150404, 0.0 ], [ 123.24668441, 0.34137286, 0.0 ], [ 123.24678829, 0.34124533, 0.0 ], [ 123.24679615, 0.34123685, 0.0 ], [ 123.24690128, 0.34112332, 0.0 ], [ 123.24698968, 0.34103341, 0.0 ], [ 123.2470808, 0.34094076, 0.0 ], [ 123.24713334, 0.34086879, 0.0 ], [ 123.24715916, 0.34083342, 0.0 ], [ 123.24736966, 0.34065911, 0.0 ], [ 123.24753277, 0.34052241, 0.0 ], [ 123.24771776, 0.34038664, 0.0 ], [ 123.24779359, 0.34033249, 0.0 ], [ 123.24784624, 0.34029489, 0.0 ], [ 123.24792826, 0.34021416, 0.0 ], [ 123.2479966, 0.34009674, 0.0 ], [ 123.24803165, 0.33999477, 0.0 ], [ 123.248054, 0.33992977, 0.0 ], [ 123.24809956, 0.33978482, 0.0 ], [ 123.24813601, 0.33964629, 0.0 ], [ 123.24814603, 0.33953529, 0.0 ], [ 123.24812506, 0.33942428, 0.0 ], [ 123.24806857, 0.33930595, 0.0 ], [ 123.24803165, 0.33925179, 0.0 ], [ 123.24800478, 0.33921237, 0.0 ], [ 123.24793552, 0.33910871, 0.0 ], [ 123.24786261, 0.3389766, 0.0 ], [ 123.24782341, 0.33881644, 0.0 ], [ 123.24776726, 0.33863118, 0.0 ], [ 123.24780246, 0.3385225, 0.0 ], [ 123.24789358, 0.33842801, 0.0 ], [ 123.24796557, 0.33841883, 0.0 ], [ 123.24805123, 0.33842158, 0.0 ], [ 123.24815603, 0.33840782, 0.0 ], [ 123.24828178, 0.33836562, 0.0 ], [ 123.24836379, 0.33831332, 0.0 ], [ 123.24839933, 0.33823259, 0.0 ], [ 123.24839933, 0.33813718, 0.0 ], [ 123.24842211, 0.33802618, 0.0 ], [ 123.24849956, 0.33792068, 0.0 ], [ 123.24861347, 0.33786196, 0.0 ], [ 123.24871826, 0.33785737, 0.0 ], [ 123.24885678, 0.33787388, 0.0 ], [ 123.24900349, 0.33788029, 0.0 ], [ 123.24917207, 0.33789039, 0.0 ], [ 123.24939168, 0.33796194, 0.0 ], [ 123.24950104, 0.3380133, 0.0 ], [ 123.24958397, 0.33805917, 0.0 ], [ 123.2496915, 0.33812431, 0.0 ], [ 123.24978809, 0.33820503, 0.0 ], [ 123.24983548, 0.33825824, 0.0 ], [ 123.24989107, 0.33830686, 0.0 ], [ 123.24997673, 0.33834539, 0.0 ], [ 123.25, 0.33834982, 0.0 ], [ 123.25004181, 0.33833911, 0.0 ], [ 123.25005685, 0.33833406, 0.0 ], [ 123.25009294, 0.33832195, 0.0 ], [ 123.25011919, 0.33831314, 0.0 ], [ 123.25013321, 0.33830843, 0.0 ], [ 123.25013848, 0.33830666, 0.0 ], [ 123.2501449, 0.33830451, 0.0 ], [ 123.25014965, 0.33830292, 0.0 ], [ 123.25015435, 0.33830292, 0.0 ], [ 123.25016106, 0.33830292, 0.0 ], [ 123.25017319, 0.33830292, 0.0 ], [ 123.25018032, 0.33830292, 0.0 ], [ 123.25018346, 0.33830147, 0.0 ], [ 123.2501901, 0.33829838, 0.0 ], [ 123.25019252, 0.33829594, 0.0 ], [ 123.25019721, 0.33829321, 0.0 ], [ 123.25020211, 0.33829197, 0.0 ], [ 123.25021476, 0.33828879, 0.0 ], [ 123.25022594, 0.33828597, 0.0 ], [ 123.25024168, 0.33828201, 0.0 ], [ 123.25025645, 0.33827829, 0.0 ], [ 123.25026042, 0.3382773, 0.0 ], [ 123.25026777, 0.3382762, 0.0 ], [ 123.2502726, 0.33827783, 0.0 ], [ 123.25027577, 0.33827889, 0.0 ], [ 123.25028442, 0.33828179, 0.0 ], [ 123.25028917, 0.33828338, 0.0 ], [ 123.25029572, 0.33828416, 0.0 ], [ 123.25030412, 0.33828175, 0.0 ], [ 123.25031364, 0.33827901, 0.0 ], [ 123.25032541, 0.33827562, 0.0 ], [ 123.25034258, 0.33827068, 0.0 ], [ 123.25035884, 0.338266, 0.0 ], [ 123.25041701, 0.33824927, 0.0 ], [ 123.2504695, 0.33823417, 0.0 ], [ 123.25048041, 0.33823103, 0.0 ], [ 123.25048216, 0.33823053, 0.0 ], [ 123.25055725, 0.33821274, 0.0 ], [ 123.25061559, 0.33819892, 0.0 ], [ 123.25063493, 0.33819434, 0.0 ], [ 123.25063786, 0.33819313, 0.0 ], [ 123.25064306, 0.33819097, 0.0 ], [ 123.25067169, 0.3381791, 0.0 ], [ 123.25071786, 0.33815996, 0.0 ], [ 123.2507266, 0.33815634, 0.0 ], [ 123.25077148, 0.33813773, 0.0 ], [ 123.25078061, 0.33813394, 0.0 ], [ 123.2507864, 0.33813155, 0.0 ], [ 123.25079101, 0.33813005, 0.0 ], [ 123.2508095, 0.33812473, 0.0 ], [ 123.25082265, 0.33812095, 0.0 ], [ 123.25084032, 0.33811587, 0.0 ], [ 123.25087405, 0.33810616, 0.0 ], [ 123.25089216, 0.33810096, 0.0 ], [ 123.25090563, 0.33809708, 0.0 ], [ 123.25091025, 0.33809575, 0.0 ], [ 123.25091352, 0.33809481, 0.0 ], [ 123.25091923, 0.33808907, 0.0 ], [ 123.25092442, 0.33808412, 0.0 ], [ 123.25093124, 0.33807823, 0.0 ], [ 123.25094038, 0.33807034, 0.0 ], [ 123.25094808, 0.3380637, 0.0 ], [ 123.25095838, 0.33805481, 0.0 ], [ 123.25097086, 0.33804404, 0.0 ], [ 123.25099155, 0.33802646, 0.0 ], [ 123.2510016, 0.33801824, 0.0 ], [ 123.25101796, 0.33800485, 0.0 ], [ 123.25102796, 0.33799668, 0.0 ], [ 123.25108211, 0.33795238, 0.0 ], [ 123.25112509, 0.33791722, 0.0 ], [ 123.2511292, 0.33791386, 0.0 ], [ 123.25113246, 0.3379124, 0.0 ], [ 123.2511425, 0.33790791, 0.0 ], [ 123.25115168, 0.3379038, 0.0 ], [ 123.25118043, 0.33789094, 0.0 ], [ 123.25120351, 0.33788061, 0.0 ], [ 123.25120643, 0.3378793, 0.0 ], [ 123.25121008, 0.33787767, 0.0 ], [ 123.25121955, 0.33787449, 0.0 ], [ 123.25122563, 0.33787245, 0.0 ], [ 123.25123218, 0.33787025, 0.0 ], [ 123.25123704, 0.33786862, 0.0 ], [ 123.25124165, 0.33786491, 0.0 ], [ 123.25124925, 0.33785879, 0.0 ], [ 123.25125889, 0.33785103, 0.0 ], [ 123.25129812, 0.33781943, 0.0 ], [ 123.25135219, 0.33777588, 0.0 ], [ 123.25137184, 0.33776005, 0.0 ], [ 123.25138822, 0.33774592, 0.0 ], [ 123.2514007, 0.33773515, 0.0 ], [ 123.25144881, 0.33769363, 0.0 ], [ 123.25148352, 0.33766368, 0.0 ], [ 123.2515018, 0.33764772, 0.0 ], [ 123.25153302, 0.33761943, 0.0 ], [ 123.25157847, 0.33757826, 0.0 ], [ 123.25162491, 0.33753721, 0.0 ], [ 123.25165941, 0.33750672, 0.0 ], [ 123.25167739, 0.33748863, 0.0 ], [ 123.25169751, 0.3374633, 0.0 ], [ 123.2517072, 0.33745111, 0.0 ], [ 123.25171333, 0.33744339, 0.0 ], [ 123.25174928, 0.3374072, 0.0 ], [ 123.25177526, 0.33737582, 0.0 ], [ 123.25183915, 0.33729863, 0.0 ], [ 123.25186318, 0.33726636, 0.0 ], [ 123.25188062, 0.33724295, 0.0 ], [ 123.25189306, 0.33722625, 0.0 ], [ 123.2519131, 0.33720272, 0.0 ], [ 123.25192277, 0.33719135, 0.0 ], [ 123.25192774, 0.33718552, 0.0 ], [ 123.25193117, 0.33718149, 0.0 ], [ 123.25193586, 0.33717599, 0.0 ], [ 123.25193917, 0.3371721, 0.0 ], [ 123.25194375, 0.33716903, 0.0 ], [ 123.25194575, 0.33716702, 0.0 ], [ 123.25194817, 0.33716573, 0.0 ], [ 123.25195202, 0.33716458, 0.0 ], [ 123.25195602, 0.33716458, 0.0 ], [ 123.25195986, 0.33716488, 0.0 ], [ 123.25196488, 0.33716741, 0.0 ], [ 123.25196991, 0.33716993, 0.0 ], [ 123.25197394, 0.33717197, 0.0 ], [ 123.25197646, 0.33717576, 0.0 ], [ 123.25197887, 0.3371794, 0.0 ], [ 123.25198109, 0.33718275, 0.0 ], [ 123.25198431, 0.33718762, 0.0 ], [ 123.25198576, 0.33718981, 0.0 ], [ 123.25199097, 0.33719058, 0.0 ], [ 123.25199468, 0.33719, 0.0 ], [ 123.25199668, 0.33718742, 0.0 ], [ 123.25199829, 0.33718329, 0.0 ], [ 123.25199652, 0.33717265, 0.0 ], [ 123.25199488, 0.3371627, 0.0 ], [ 123.25199281, 0.3371502, 0.0 ], [ 123.25199192, 0.33714482, 0.0 ], [ 123.25199192, 0.33712365, 0.0 ], [ 123.25199192, 0.33711948, 0.0 ], [ 123.25199454, 0.33711437, 0.0 ], [ 123.25199677, 0.33711157, 0.0 ], [ 123.25200008, 0.3371074, 0.0 ], [ 123.25200593, 0.33710005, 0.0 ], [ 123.25202557, 0.33707533, 0.0 ], [ 123.25203218, 0.33706701, 0.0 ], [ 123.25203584, 0.33706241, 0.0 ], [ 123.25205874, 0.33703359, 0.0 ], [ 123.25207409, 0.33701427, 0.0 ], [ 123.25208305, 0.33700299, 0.0 ], [ 123.25209161, 0.33699223, 0.0 ], [ 123.25209975, 0.33698197, 0.0 ], [ 123.25210213, 0.33697599, 0.0 ], [ 123.25211309, 0.33694841, 0.0 ], [ 123.2521162, 0.33694057, 0.0 ], [ 123.25212125, 0.33693275, 0.0 ], [ 123.2521344, 0.33691785, 0.0 ], [ 123.25214514, 0.33690569, 0.0 ], [ 123.25215904, 0.33688994, 0.0 ], [ 123.25217011, 0.3368774, 0.0 ], [ 123.25218414, 0.33686152, 0.0 ], [ 123.25219351, 0.33685009, 0.0 ], [ 123.25220267, 0.33683779, 0.0 ], [ 123.2522118, 0.33682554, 0.0 ], [ 123.25221979, 0.33681481, 0.0 ], [ 123.25222504, 0.33680777, 0.0 ], [ 123.25223862, 0.33678953, 0.0 ], [ 123.252246, 0.33678072, 0.0 ], [ 123.25226739, 0.33676159, 0.0 ], [ 123.25229001, 0.33674134, 0.0 ], [ 123.25230561, 0.33672738, 0.0 ], [ 123.25231935, 0.33671508, 0.0 ], [ 123.25232442, 0.33671055, 0.0 ], [ 123.25233596, 0.33669893, 0.0 ], [ 123.25234226, 0.33669258, 0.0 ], [ 123.25234856, 0.33668624, 0.0 ], [ 123.25235214, 0.3366811, 0.0 ], [ 123.25235409, 0.33667521, 0.0 ], [ 123.25235578, 0.33667011, 0.0 ], [ 123.2523584, 0.33666221, 0.0 ], [ 123.25236036, 0.33665626, 0.0 ], [ 123.2523674, 0.33664919, 0.0 ], [ 123.25237417, 0.33664236, 0.0 ], [ 123.25238285, 0.33663363, 0.0 ], [ 123.25239878, 0.33661759, 0.0 ], [ 123.25240996, 0.33660634, 0.0 ], [ 123.25242042, 0.3365958, 0.0 ], [ 123.25242921, 0.33658694, 0.0 ], [ 123.25243409, 0.33657713, 0.0 ], [ 123.25243593, 0.33657032, 0.0 ], [ 123.25243841, 0.33656117, 0.0 ], [ 123.25245144, 0.33651308, 0.0 ], [ 123.25245412, 0.33650316, 0.0 ], [ 123.25245683, 0.33649317, 0.0 ], [ 123.25245921, 0.33648436, 0.0 ], [ 123.25246456, 0.33647763, 0.0 ], [ 123.25247252, 0.33646762, 0.0 ], [ 123.25247992, 0.33645831, 0.0 ], [ 123.25248512, 0.33645177, 0.0 ], [ 123.25249458, 0.33643986, 0.0 ], [ 123.25250731, 0.33642383, 0.0 ], [ 123.25251738, 0.33641116, 0.0 ], [ 123.25252323, 0.3364038, 0.0 ], [ 123.2525287, 0.33639691, 0.0 ], [ 123.2525365, 0.33638536, 0.0 ], [ 123.25254298, 0.33637511, 0.0 ], [ 123.25255445, 0.33635695, 0.0 ], [ 123.25256232, 0.33634452, 0.0 ], [ 123.25257509, 0.3363243, 0.0 ], [ 123.2525827, 0.33631227, 0.0 ], [ 123.25258883, 0.33630257, 0.0 ], [ 123.25259401, 0.33629437, 0.0 ], [ 123.25259693, 0.33628654, 0.0 ], [ 123.25260125, 0.33627494, 0.0 ], [ 123.25261387, 0.33624105, 0.0 ], [ 123.25261691, 0.33623289, 0.0 ], [ 123.25262097, 0.33622199, 0.0 ], [ 123.25262756, 0.33621314, 0.0 ], [ 123.25264083, 0.33619533, 0.0 ], [ 123.25264796, 0.33618575, 0.0 ], [ 123.25265864, 0.33617143, 0.0 ], [ 123.25266985, 0.33615638, 0.0 ], [ 123.25267779, 0.33614691, 0.0 ], [ 123.25268623, 0.33613907, 0.0 ], [ 123.25270049, 0.33612582, 0.0 ], [ 123.25272345, 0.33610448, 0.0 ], [ 123.25274442, 0.33608499, 0.0 ], [ 123.25277475, 0.33605681, 0.0 ], [ 123.25277958, 0.33605232, 0.0 ], [ 123.25279172, 0.33604104, 0.0 ], [ 123.2527965, 0.33603863, 0.0 ], [ 123.25280411, 0.3360348, 0.0 ], [ 123.25280969, 0.33603199, 0.0 ], [ 123.2528137, 0.33603199, 0.0 ], [ 123.25282202, 0.33603199, 0.0 ], [ 123.25283248, 0.33603199, 0.0 ], [ 123.25284152, 0.33603199, 0.0 ], [ 123.25284877, 0.33602884, 0.0 ], [ 123.25285352, 0.33602405, 0.0 ], [ 123.25285887, 0.33601867, 0.0 ], [ 123.25286779, 0.33600969, 0.0 ], [ 123.25287825, 0.33599916, 0.0 ], [ 123.25289073, 0.33598659, 0.0 ], [ 123.25289965, 0.33597761, 0.0 ], [ 123.2529113, 0.33596588, 0.0 ], [ 123.25291753, 0.33595961, 0.0 ], [ 123.25293377, 0.33593782, 0.0 ], [ 123.25294875, 0.33591771, 0.0 ], [ 123.25297043, 0.3358886, 0.0 ], [ 123.25298607, 0.33586761, 0.0 ], [ 123.25299503, 0.33585558, 0.0 ], [ 123.25300477, 0.33584224, 0.0 ], [ 123.25301062, 0.33583414, 0.0 ], [ 123.25303335, 0.33580267, 0.0 ], [ 123.25304864, 0.3357815, 0.0 ], [ 123.25305753, 0.33576921, 0.0 ], [ 123.25306246, 0.33576237, 0.0 ], [ 123.2530703, 0.33575152, 0.0 ], [ 123.2530772, 0.33573937, 0.0 ], [ 123.25308658, 0.33572284, 0.0 ], [ 123.25311138, 0.33567914, 0.0 ], [ 123.25312949, 0.33564724, 0.0 ], [ 123.25313861, 0.33563116, 0.0 ], [ 123.25314473, 0.33562145, 0.0 ], [ 123.25315611, 0.33560618, 0.0 ], [ 123.25316592, 0.33559301, 0.0 ], [ 123.25318093, 0.33557286, 0.0 ], [ 123.25319245, 0.33555739, 0.0 ], [ 123.25320372, 0.33554226, 0.0 ], [ 123.25321307, 0.33552972, 0.0 ], [ 123.25321738, 0.33552393, 0.0 ], [ 123.2532242, 0.3355201, 0.0 ], [ 123.25322926, 0.33551629, 0.0 ], [ 123.2532349, 0.33551629, 0.0 ], [ 123.25324323, 0.33551629, 0.0 ], [ 123.25325272, 0.33551268, 0.0 ], [ 123.25325949, 0.33550358, 0.0 ], [ 123.25326763, 0.33549267, 0.0 ], [ 123.25327508, 0.33548266, 0.0 ], [ 123.25328185, 0.33547684, 0.0 ], [ 123.25329159, 0.3354703, 0.0 ], [ 123.25330395, 0.33546201, 0.0 ], [ 123.25330824, 0.33545552, 0.0 ], [ 123.2533151, 0.33544516, 0.0 ], [ 123.25332192, 0.33543486, 0.0 ], [ 123.25332192, 0.33543153, 0.0 ], [ 123.25332192, 0.33542166, 0.0 ], [ 123.25332912, 0.33541597, 0.0 ], [ 123.25333566, 0.33541118, 0.0 ], [ 123.25334309, 0.33540772, 0.0 ], [ 123.25334888, 0.33540772, 0.0 ], [ 123.25335787, 0.33540772, 0.0 ], [ 123.25336152, 0.3354046, 0.0 ], [ 123.25336685, 0.33539867, 0.0 ], [ 123.25336685, 0.33539173, 0.0 ], [ 123.25336685, 0.33538126, 0.0 ], [ 123.25336685, 0.335366, 0.0 ], [ 123.25336685, 0.33535702, 0.0 ], [ 123.25336924, 0.33534864, 0.0 ], [ 123.2533725, 0.33534206, 0.0 ], [ 123.25339498, 0.33529253, 0.0 ], [ 123.25341878, 0.33523928, 0.0 ], [ 123.25344791, 0.3351741, 0.0 ], [ 123.25345672, 0.3351544, 0.0 ], [ 123.25346093, 0.33514963, 0.0 ], [ 123.25347237, 0.33513666, 0.0 ], [ 123.25348331, 0.33512428, 0.0 ], [ 123.25349356, 0.33511267, 0.0 ], [ 123.25350225, 0.33510282, 0.0 ], [ 123.2535144, 0.33508906, 0.0 ], [ 123.25352186, 0.33508061, 0.0 ], [ 123.25367938, 0.33473889, 0.0 ], [ 123.25377218, 0.33460564, 0.0 ], [ 123.25382198, 0.33456368, 0.0 ], [ 123.25382742, 0.33455499, 0.0 ], [ 123.25383415, 0.33454822, 0.0 ], [ 123.25383824, 0.33454822, 0.0 ], [ 123.25384489, 0.33454469, 0.0 ], [ 123.25385083, 0.33453272, 0.0 ], [ 123.25385446, 0.33452542, 0.0 ], [ 123.25385969, 0.33451489, 0.0 ], [ 123.25386837, 0.33449741, 0.0 ], [ 123.25387497, 0.33448413, 0.0 ], [ 123.25388162, 0.33447072, 0.0 ], [ 123.25388822, 0.33445744, 0.0 ], [ 123.25389286, 0.3344481, 0.0 ], [ 123.25389705, 0.33443601, 0.0 ], [ 123.25389705, 0.33443061, 0.0 ], [ 123.25390604, 0.33440347, 0.0 ], [ 123.25391271, 0.33439002, 0.0 ], [ 123.25391558, 0.33438243, 0.0 ], [ 123.2539354, 0.33427767, 0.0 ], [ 123.25394335, 0.33423563, 0.0 ], [ 123.25394254, 0.33417939, 0.0 ], [ 123.25392945, 0.33413235, 0.0 ], [ 123.2538958, 0.33409753, 0.0 ], [ 123.25385748, 0.33407778, 0.0 ], [ 123.25377336, 0.33404673, 0.0 ], [ 123.25369673, 0.33402979, 0.0 ], [ 123.25362569, 0.33401662, 0.0 ], [ 123.25357616, 0.33396487, 0.0 ], [ 123.25356587, 0.3339263, 0.0 ], [ 123.25357335, 0.33385667, 0.0 ], [ 123.2536584, 0.33373153, 0.0 ], [ 123.25373223, 0.33369483, 0.0 ], [ 123.2538285, 0.33367318, 0.0 ], [ 123.25390607, 0.3336506, 0.0 ], [ 123.25398645, 0.33362237, 0.0 ], [ 123.25410141, 0.33361014, 0.0 ], [ 123.2541902, 0.33360543, 0.0 ], [ 123.25430422, 0.33360637, 0.0 ], [ 123.25436778, 0.33360919, 0.0 ], [ 123.25441544, 0.33362424, 0.0 ], [ 123.25448741, 0.3336393, 0.0 ], [ 123.25456966, 0.33365341, 0.0 ], [ 123.25465845, 0.3336694, 0.0 ], [ 123.25469209, 0.33365623, 0.0 ], [ 123.25473602, 0.33360824, 0.0 ], [ 123.25478275, 0.33355931, 0.0 ], [ 123.25486967, 0.33352261, 0.0 ], [ 123.2549407, 0.33350944, 0.0 ], [ 123.25504258, 0.33350943, 0.0 ], [ 123.25521174, 0.33349814, 0.0 ], [ 123.25535568, 0.33346614, 0.0 ], [ 123.25544633, 0.33342568, 0.0 ], [ 123.25553325, 0.33338052, 0.0 ], [ 123.25560242, 0.3333824, 0.0 ], [ 123.25567532, 0.33338428, 0.0 ], [ 123.25582859, 0.33335322, 0.0 ], [ 123.25589028, 0.33330429, 0.0 ], [ 123.25592673, 0.33324313, 0.0 ], [ 123.25594916, 0.33321114, 0.0 ], [ 123.25598935, 0.33319326, 0.0 ], [ 123.2560258, 0.3332102, 0.0 ], [ 123.25604823, 0.33323843, 0.0 ], [ 123.25608749, 0.33329394, 0.0 ], [ 123.25611552, 0.33332687, 0.0 ], [ 123.25613796, 0.33333816, 0.0 ], [ 123.2561931, 0.3333598, 0.0 ], [ 123.25623049, 0.33335792, 0.0 ], [ 123.25628002, 0.33335415, 0.0 ], [ 123.2563875, 0.33332028, 0.0 ], [ 123.25652489, 0.33326476, 0.0 ], [ 123.25667536, 0.3332036, 0.0 ], [ 123.25675854, 0.33316031, 0.0 ], [ 123.25685948, 0.33310103, 0.0 ], [ 123.25686523, 0.33309766, 0.0 ], [ 123.25695575, 0.33304457, 0.0 ], [ 123.25705575, 0.33297212, 0.0 ], [ 123.25712117, 0.33289779, 0.0 ], [ 123.25715669, 0.33281593, 0.0 ], [ 123.25719313, 0.3326889, 0.0 ], [ 123.25721276, 0.33259011, 0.0 ], [ 123.25721743, 0.33250449, 0.0 ], [ 123.25721836, 0.33242074, 0.0 ], [ 123.25722303, 0.33234923, 0.0 ], [ 123.25723331, 0.33230125, 0.0 ], [ 123.25726042, 0.33227208, 0.0 ], [ 123.25730154, 0.33226079, 0.0 ], [ 123.25735949, 0.33225702, 0.0 ], [ 123.25747258, 0.33225796, 0.0 ], [ 123.25757912, 0.33224855, 0.0 ], [ 123.25765202, 0.33220526, 0.0 ], [ 123.25772399, 0.33213281, 0.0 ], [ 123.25780156, 0.33206506, 0.0 ], [ 123.25787259, 0.33199449, 0.0 ], [ 123.25791312, 0.33194752, 0.0 ], [ 123.25795297, 0.33190134, 0.0 ], [ 123.2579997, 0.33183171, 0.0 ], [ 123.25808287, 0.33171222, 0.0 ], [ 123.25810157, 0.3316313, 0.0 ], [ 123.25815577, 0.33150239, 0.0 ], [ 123.25816512, 0.33148545, 0.0 ], [ 123.25825671, 0.33136407, 0.0 ], [ 123.25831465, 0.33131044, 0.0 ], [ 123.25837821, 0.33129256, 0.0 ], [ 123.25845672, 0.33129915, 0.0 ], [ 123.25855205, 0.33129538, 0.0 ], [ 123.25862859, 0.33128896, 0.0 ], [ 123.2586642, 0.33128597, 0.0 ], [ 123.25876327, 0.33126244, 0.0 ], [ 123.25884926, 0.33122292, 0.0 ], [ 123.25893991, 0.33118246, 0.0 ], [ 123.2590231, 0.33115705, 0.0 ], [ 123.25912871, 0.33112318, 0.0 ], [ 123.25921469, 0.33111471, 0.0 ], [ 123.25931003, 0.33111376, 0.0 ], [ 123.25945209, 0.33111752, 0.0 ], [ 123.25974089, 0.33116738, 0.0 ], [ 123.25989417, 0.33120408, 0.0 ], [ 123.25999901, 0.33121868, 0.0 ], [ 123.2600128, 0.33122331, 0.0 ], [ 123.26002011, 0.33122478, 0.0 ], [ 123.26002597, 0.33122773, 0.0 ], [ 123.26003068, 0.33123484, 0.0 ], [ 123.26003845, 0.33124658, 0.0 ], [ 123.26004394, 0.33125487, 0.0 ], [ 123.26005071, 0.33125884, 0.0 ], [ 123.26006008, 0.33126119, 0.0 ], [ 123.26006894, 0.33125992, 0.0 ], [ 123.2600737, 0.33125903, 0.0 ], [ 123.26007548, 0.33125604, 0.0 ], [ 123.26007604, 0.33125099, 0.0 ], [ 123.26007187, 0.3312468, 0.0 ], [ 123.26006894, 0.33123958, 0.0 ], [ 123.26007091, 0.33123678, 0.0 ], [ 123.26007344, 0.33123098, 0.0 ], [ 123.26007989, 0.33122773, 0.0 ], [ 123.26008532, 0.33122226, 0.0 ], [ 123.26008888, 0.33121868, 0.0 ], [ 123.26009688, 0.33121868, 0.0 ], [ 123.2601058, 0.33121868, 0.0 ], [ 123.26011085, 0.33121504, 0.0 ], [ 123.2601162, 0.33121235, 0.0 ], [ 123.26012303, 0.33121144, 0.0 ], [ 123.26012483, 0.33120963, 0.0 ], [ 123.26014896, 0.33120558, 0.0 ], [ 123.2601692, 0.33120219, 0.0 ], [ 123.26019595, 0.3311977, 0.0 ], [ 123.26025061, 0.33118853, 0.0 ], [ 123.26032838, 0.33117506, 0.0 ], [ 123.26039547, 0.33116314, 0.0 ], [ 123.26041341, 0.33115995, 0.0 ], [ 123.26043936, 0.33115534, 0.0 ], [ 123.26047056, 0.33114836, 0.0 ], [ 123.26056397, 0.33112746, 0.0 ], [ 123.26058448, 0.33112287, 0.0 ], [ 123.26059415, 0.33112071, 0.0 ], [ 123.26060112, 0.33111915, 0.0 ], [ 123.26061434, 0.33111915, 0.0 ], [ 123.26062266, 0.33111915, 0.0 ], [ 123.26063039, 0.33111915, 0.0 ], [ 123.26063707, 0.33111915, 0.0 ], [ 123.26065145, 0.33111553, 0.0 ], [ 123.26067082, 0.33111065, 0.0 ], [ 123.26070229, 0.33110273, 0.0 ], [ 123.2607702, 0.33108564, 0.0 ], [ 123.26078086, 0.33108296, 0.0 ], [ 123.26082899, 0.3310668, 0.0 ], [ 123.2608668, 0.33105411, 0.0 ], [ 123.26088757, 0.33104714, 0.0 ], [ 123.26092342, 0.33103511, 0.0 ], [ 123.26094856, 0.33102667, 0.0 ], [ 123.26095605, 0.33102416, 0.0 ], [ 123.26096524, 0.33102108, 0.0 ], [ 123.26097747, 0.33101912, 0.0 ], [ 123.26100132, 0.33101762, 0.0 ], [ 123.26103183, 0.3310157, 0.0 ], [ 123.26105434, 0.33101429, 0.0 ], [ 123.26106938, 0.33101334, 0.0 ], [ 123.26108601, 0.33101229, 0.0 ], [ 123.26109943, 0.33101145, 0.0 ], [ 123.26110631, 0.33101101, 0.0 ], [ 123.26112095, 0.33100735, 0.0 ], [ 123.26114308, 0.33099798, 0.0 ], [ 123.26117507, 0.33098441, 0.0 ], [ 123.26119852, 0.33097447, 0.0 ], [ 123.2612374, 0.33095799, 0.0 ], [ 123.26127933, 0.33094022, 0.0 ], [ 123.26128833, 0.3309367, 0.0 ], [ 123.26134085, 0.33091819, 0.0 ], [ 123.26136482, 0.33090975, 0.0 ], [ 123.26139542, 0.33089897, 0.0 ], [ 123.26142722, 0.33088776, 0.0 ], [ 123.26144783, 0.3308805, 0.0 ], [ 123.26146385, 0.33087485, 0.0 ], [ 123.26148581, 0.33086185, 0.0 ], [ 123.26149903, 0.33085402, 0.0 ], [ 123.26150638, 0.33084966, 0.0 ], [ 123.26156722, 0.33081363, 0.0 ], [ 123.26159943, 0.33079456, 0.0 ], [ 123.26161662, 0.33078438, 0.0 ], [ 123.26163272, 0.33077627, 0.0 ], [ 123.26164591, 0.33076963, 0.0 ], [ 123.26165663, 0.33076355, 0.0 ], [ 123.26167289, 0.33075264, 0.0 ], [ 123.26171795, 0.3307224, 0.0 ], [ 123.26177958, 0.33067948, 0.0 ], [ 123.2618103, 0.33065784, 0.0 ], [ 123.26183473, 0.33064061, 0.0 ], [ 123.26185909, 0.33062345, 0.0 ], [ 123.2618723, 0.33061414, 0.0 ], [ 123.26189135, 0.33060072, 0.0 ], [ 123.26190533, 0.33059086, 0.0 ], [ 123.26191587, 0.33058398, 0.0 ], [ 123.26195035, 0.33056662, 0.0 ], [ 123.26201526, 0.33053394, 0.0 ], [ 123.26202631, 0.33052838, 0.0 ], [ 123.262039, 0.33052199, 0.0 ], [ 123.26205567, 0.33050416, 0.0 ], [ 123.26206607, 0.33049303, 0.0 ], [ 123.26208949, 0.33046798, 0.0 ], [ 123.26211838, 0.33043707, 0.0 ], [ 123.26214103, 0.33041285, 0.0 ], [ 123.26216744, 0.3303846, 0.0 ], [ 123.26216932, 0.33038259, 0.0 ], [ 123.26218278, 0.33036819, 0.0 ], [ 123.26219341, 0.33035555, 0.0 ], [ 123.26222494, 0.33031803, 0.0 ], [ 123.26223736, 0.33030325, 0.0 ], [ 123.2622488, 0.33028963, 0.0 ], [ 123.26226543, 0.33026985, 0.0 ], [ 123.26227913, 0.33025355, 0.0 ], [ 123.26235016, 0.33017666, 0.0 ], [ 123.26238432, 0.3301398, 0.0 ], [ 123.2624047, 0.33011788, 0.0 ], [ 123.26243788, 0.33008218, 0.0 ], [ 123.26250224, 0.33001306, 0.0 ], [ 123.26252244, 0.32999137, 0.0 ], [ 123.26254224, 0.3299701, 0.0 ], [ 123.26256637, 0.32993647, 0.0 ], [ 123.26260226, 0.32988644, 0.0 ], [ 123.26262352, 0.3298568, 0.0 ], [ 123.2626446, 0.32982741, 0.0 ], [ 123.26265907, 0.32980725, 0.0 ], [ 123.26267009, 0.32978949, 0.0 ], [ 123.26268435, 0.32976651, 0.0 ], [ 123.26269704, 0.32974607, 0.0 ], [ 123.262704, 0.32973487, 0.0 ], [ 123.26271298, 0.32972582, 0.0 ], [ 123.26272197, 0.32971677, 0.0 ], [ 123.26272197, 0.32971009, 0.0 ], [ 123.26272197, 0.32970773, 0.0 ], [ 123.26272063, 0.32969387, 0.0 ], [ 123.26271401, 0.32968498, 0.0 ], [ 123.26271048, 0.32968023, 0.0 ], [ 123.262704, 0.32967154, 0.0 ], [ 123.26274114, 0.32962379, 0.0 ], [ 123.262784, 0.3295687, 0.0 ], [ 123.26283633, 0.32949154, 0.0 ], [ 123.26284971, 0.32948025, 0.0 ], [ 123.26289428, 0.32944261, 0.0 ], [ 123.2629812, 0.32939556, 0.0 ], [ 123.26307092, 0.32935134, 0.0 ], [ 123.26315317, 0.32930994, 0.0 ], [ 123.26323973, 0.32930602, 0.0 ], [ 123.26330301, 0.32930316, 0.0 ], [ 123.26336002, 0.32930059, 0.0 ], [ 123.26336696, 0.32931687, 0.0 ], [ 123.26337142, 0.32932288, 0.0 ], [ 123.26337783, 0.32934241, 0.0 ], [ 123.26338228, 0.32935287, 0.0 ], [ 123.26338699, 0.32936392, 0.0 ], [ 123.26338699, 0.32938201, 0.0 ], [ 123.26338699, 0.32939106, 0.0 ], [ 123.26339597, 0.3294001, 0.0 ], [ 123.26340947, 0.32941256, 0.0 ], [ 123.26342188, 0.32942192, 0.0 ], [ 123.26342819, 0.32942669, 0.0 ], [ 123.26343329, 0.32943054, 0.0 ], [ 123.26343943, 0.32942772, 0.0 ], [ 123.26344535, 0.32942298, 0.0 ], [ 123.2634467, 0.32941616, 0.0 ], [ 123.26344894, 0.32940493, 0.0 ], [ 123.26345651, 0.32939877, 0.0 ], [ 123.26346711, 0.32939664, 0.0 ], [ 123.26348102, 0.32939384, 0.0 ], [ 123.26349483, 0.32939105, 0.0 ], [ 123.26351203, 0.3293824, 0.0 ], [ 123.26354855, 0.32936401, 0.0 ], [ 123.26357613, 0.32935013, 0.0 ], [ 123.26359211, 0.32934208, 0.0 ], [ 123.26360417, 0.32933374, 0.0 ], [ 123.26361165, 0.32931867, 0.0 ], [ 123.26361849, 0.32931523, 0.0 ], [ 123.26363751, 0.32930566, 0.0 ], [ 123.26365568, 0.32929436, 0.0 ], [ 123.26367454, 0.32927984, 0.0 ], [ 123.2637004, 0.32925993, 0.0 ], [ 123.26375243, 0.32921987, 0.0 ], [ 123.26380522, 0.32917873, 0.0 ], [ 123.26386555, 0.32912609, 0.0 ], [ 123.26393517, 0.32906534, 0.0 ], [ 123.26399386, 0.32901989, 0.0 ], [ 123.26404245, 0.32898226, 0.0 ], [ 123.264052, 0.32897487, 0.0 ], [ 123.26406098, 0.32896582, 0.0 ], [ 123.26407298, 0.32896179, 0.0 ], [ 123.26408269, 0.32895854, 0.0 ], [ 123.26409184, 0.32895328, 0.0 ], [ 123.26414075, 0.32890952, 0.0 ], [ 123.2641607, 0.32889166, 0.0 ], [ 123.26418549, 0.32887321, 0.0 ], [ 123.26420173, 0.32886231, 0.0 ], [ 123.26422982, 0.32884345, 0.0 ], [ 123.26424431, 0.32883373, 0.0 ], [ 123.26425681, 0.32882296, 0.0 ], [ 123.26428415, 0.32879543, 0.0 ], [ 123.26430151, 0.32877795, 0.0 ], [ 123.26431302, 0.32872372, 0.0 ], [ 123.26431863, 0.32864751, 0.0 ], [ 123.2643233, 0.32856094, 0.0 ], [ 123.26432704, 0.32848096, 0.0 ], [ 123.26436162, 0.32843204, 0.0 ], [ 123.26445414, 0.32842451, 0.0 ], [ 123.26453265, 0.32842921, 0.0 ], [ 123.2646401, 0.32846694, 0.0 ], [ 123.26468917, 0.32852279, 0.0 ], [ 123.2648381, 0.3284868, 0.0 ], [ 123.26506201, 0.32832206, 0.0 ], [ 123.26513952, 0.32827004, 0.0 ], [ 123.26535308, 0.32806986, 0.0 ], [ 123.2653652, 0.32805837, 0.0 ], [ 123.26539604, 0.32803088, 0.0 ], [ 123.2654103, 0.32802227, 0.0 ], [ 123.2654938, 0.32797183, 0.0 ], [ 123.26552828, 0.327951, 0.0 ], [ 123.26555464, 0.32793507, 0.0 ], [ 123.26557074, 0.32792535, 0.0 ], [ 123.26559311, 0.32791188, 0.0 ], [ 123.2656057, 0.32789962, 0.0 ], [ 123.26562501, 0.3278812, 0.0 ], [ 123.26564304, 0.32786401, 0.0 ], [ 123.26567748, 0.32783116, 0.0 ], [ 123.26569553, 0.32781395, 0.0 ], [ 123.26571018, 0.32779997, 0.0 ], [ 123.26575686, 0.32775545, 0.0 ], [ 123.26576342, 0.3277492, 0.0 ], [ 123.2657728, 0.32774221, 0.0 ], [ 123.26579448, 0.32773129, 0.0 ], [ 123.26580439, 0.32772631, 0.0 ], [ 123.26580795, 0.32772128, 0.0 ], [ 123.26581535, 0.32771087, 0.0 ], [ 123.26582402, 0.32769864, 0.0 ], [ 123.26583825, 0.32767858, 0.0 ], [ 123.26584325, 0.32767154, 0.0 ], [ 123.26584503, 0.32766902, 0.0 ], [ 123.265854, 0.32766029, 0.0 ], [ 123.26586736, 0.3276526, 0.0 ], [ 123.26587848, 0.3276462, 0.0 ], [ 123.26589435, 0.32763707, 0.0 ], [ 123.26590695, 0.32762982, 0.0 ], [ 123.26592066, 0.3276183, 0.0 ], [ 123.26593278, 0.32760609, 0.0 ], [ 123.26598985, 0.32754864, 0.0 ], [ 123.26599796, 0.32754047, 0.0 ], [ 123.26601101, 0.32752734, 0.0 ], [ 123.26603288, 0.32750531, 0.0 ], [ 123.26607399, 0.32746393, 0.0 ], [ 123.26611603, 0.32742829, 0.0 ], [ 123.26615309, 0.32739687, 0.0 ], [ 123.26617465, 0.32737859, 0.0 ], [ 123.26620153, 0.3273558, 0.0 ], [ 123.26623107, 0.32733075, 0.0 ], [ 123.26623912, 0.32732393, 0.0 ], [ 123.26624473, 0.32731917, 0.0 ], [ 123.26626138, 0.32729823, 0.0 ], [ 123.26627283, 0.32728381, 0.0 ], [ 123.26629274, 0.32725876, 0.0 ], [ 123.26630764, 0.32723774, 0.0 ], [ 123.26632122, 0.32723593, 0.0 ], [ 123.2663346, 0.32723774, 0.0 ], [ 123.26634998, 0.32724935, 0.0 ], [ 123.26635974, 0.32724886, 0.0 ], [ 123.26637115, 0.32724742, 0.0 ], [ 123.26638144, 0.32723526, 0.0 ], [ 123.26638352, 0.32722268, 0.0 ], [ 123.26638563, 0.32720995, 0.0 ], [ 123.26638852, 0.3271925, 0.0 ], [ 123.2663984, 0.32717829, 0.0 ], [ 123.26641368, 0.32715631, 0.0 ], [ 123.26643015, 0.32713263, 0.0 ], [ 123.26643998, 0.32711849, 0.0 ], [ 123.26645142, 0.32710203, 0.0 ], [ 123.26646673, 0.32708765, 0.0 ], [ 123.26649321, 0.32706276, 0.0 ], [ 123.26651202, 0.32704509, 0.0 ], [ 123.26652946, 0.32702871, 0.0 ], [ 123.26654665, 0.32701255, 0.0 ], [ 123.26656893, 0.32699161, 0.0 ], [ 123.26657793, 0.32698316, 0.0 ], [ 123.26658257, 0.3269788, 0.0 ], [ 123.26658736, 0.32696732, 0.0 ], [ 123.26659292, 0.32692818, 0.0 ], [ 123.26659521, 0.32691203, 0.0 ], [ 123.26660184, 0.32689867, 0.0 ], [ 123.26660862, 0.32688948, 0.0 ], [ 123.26662217, 0.32687585, 0.0 ], [ 123.26664223, 0.32683546, 0.0 ], [ 123.26665088, 0.32681803, 0.0 ], [ 123.26666193, 0.3267975, 0.0 ], [ 123.26667293, 0.32678027, 0.0 ], [ 123.26668128, 0.32676718, 0.0 ], [ 123.26668697, 0.32675827, 0.0 ], [ 123.26669873, 0.32673986, 0.0 ], [ 123.26670778, 0.32672568, 0.0 ], [ 123.26671957, 0.32670722, 0.0 ], [ 123.26672784, 0.32669427, 0.0 ], [ 123.26673482, 0.32668333, 0.0 ], [ 123.26674452, 0.32667402, 0.0 ], [ 123.26675696, 0.32666776, 0.0 ], [ 123.2667715, 0.3266502, 0.0 ], [ 123.26678346, 0.32663574, 0.0 ], [ 123.26680662, 0.32660777, 0.0 ], [ 123.26682217, 0.32658898, 0.0 ], [ 123.26683445, 0.32657415, 0.0 ], [ 123.26684164, 0.32656441, 0.0 ], [ 123.26684683, 0.32655919, 0.0 ], [ 123.26689627, 0.32648769, 0.0 ], [ 123.26690188, 0.32647958, 0.0 ], [ 123.26698506, 0.32636667, 0.0 ], [ 123.26701964, 0.32628763, 0.0 ], [ 123.26705982, 0.32618789, 0.0 ], [ 123.26703178, 0.32602135, 0.0 ], [ 123.26701122, 0.32592256, 0.0 ], [ 123.26701402, 0.32588586, 0.0 ], [ 123.26701842, 0.32586283, 0.0 ], [ 123.26702336, 0.32583693, 0.0 ], [ 123.26703364, 0.32579459, 0.0 ], [ 123.26702056, 0.32575978, 0.0 ], [ 123.26699532, 0.32573438, 0.0 ], [ 123.26698224, 0.32571838, 0.0 ], [ 123.26697756, 0.3256958, 0.0 ], [ 123.26698224, 0.32564029, 0.0 ], [ 123.26702149, 0.32555937, 0.0 ], [ 123.2670757, 0.32552361, 0.0 ], [ 123.26711402, 0.32552079, 0.0 ], [ 123.26714112, 0.32553678, 0.0 ], [ 123.26716168, 0.32556219, 0.0 ], [ 123.2671729, 0.32561582, 0.0 ], [ 123.26717944, 0.32565533, 0.0 ], [ 123.26719159, 0.32567227, 0.0 ], [ 123.26721589, 0.32567509, 0.0 ], [ 123.26725234, 0.3256591, 0.0 ], [ 123.2673187, 0.32559135, 0.0 ], [ 123.26737945, 0.32554524, 0.0 ], [ 123.26741123, 0.32552078, 0.0 ], [ 123.26744768, 0.32546244, 0.0 ], [ 123.26744954, 0.32542669, 0.0 ], [ 123.26745048, 0.32537494, 0.0 ], [ 123.26747384, 0.32533448, 0.0 ], [ 123.26751216, 0.32528743, 0.0 ], [ 123.26753926, 0.32525732, 0.0 ], [ 123.26755795, 0.32521121, 0.0 ], [ 123.26756169, 0.32516699, 0.0 ], [ 123.26755515, 0.32508796, 0.0 ], [ 123.26753645, 0.32497034, 0.0 ], [ 123.26753739, 0.32492236, 0.0 ], [ 123.26753551, 0.32481697, 0.0 ], [ 123.26753271, 0.32473794, 0.0 ], [ 123.26751121, 0.32462597, 0.0 ], [ 123.26749438, 0.32458928, 0.0 ], [ 123.26749812, 0.32454317, 0.0 ], [ 123.26752616, 0.32447637, 0.0 ], [ 123.26752709, 0.32444437, 0.0 ], [ 123.26750746, 0.32439262, 0.0 ], [ 123.26750279, 0.32435875, 0.0 ], [ 123.26750746, 0.32429007, 0.0 ], [ 123.26752241, 0.32422891, 0.0 ], [ 123.26752428, 0.32416304, 0.0 ], [ 123.26751119, 0.32408212, 0.0 ], [ 123.26749063, 0.32400591, 0.0 ], [ 123.267471, 0.3239297, 0.0 ], [ 123.26744857, 0.32385537, 0.0 ], [ 123.26744015, 0.3237848, 0.0 ], [ 123.26743641, 0.32369259, 0.0 ], [ 123.26743174, 0.32365025, 0.0 ], [ 123.26743267, 0.32355992, 0.0 ], [ 123.26741304, 0.32344889, 0.0 ], [ 123.26737846, 0.32335104, 0.0 ], [ 123.26735135, 0.32325883, 0.0 ], [ 123.26734761, 0.32319955, 0.0 ], [ 123.26735789, 0.32314592, 0.0 ], [ 123.26739434, 0.32311675, 0.0 ], [ 123.26742892, 0.32309511, 0.0 ], [ 123.2674607, 0.32303207, 0.0 ], [ 123.26746724, 0.32295586, 0.0 ], [ 123.26746256, 0.32289187, 0.0 ], [ 123.26744667, 0.32284201, 0.0 ], [ 123.26744106, 0.32279684, 0.0 ], [ 123.26743639, 0.3227291, 0.0 ], [ 123.26743732, 0.3226463, 0.0 ], [ 123.26744106, 0.32256444, 0.0 ], [ 123.26745881, 0.32246658, 0.0 ], [ 123.2674775, 0.32241766, 0.0 ], [ 123.26751395, 0.32238378, 0.0 ], [ 123.26755601, 0.32237625, 0.0 ], [ 123.26767938, 0.32234614, 0.0 ], [ 123.26775041, 0.32233673, 0.0 ], [ 123.26779459, 0.32233374, 0.0 ], [ 123.26784761, 0.32233014, 0.0 ], [ 123.26792051, 0.3223339, 0.0 ], [ 123.26795323, 0.32233578, 0.0 ], [ 123.26803828, 0.32234331, 0.0 ], [ 123.26812426, 0.32236965, 0.0 ], [ 123.26818595, 0.3224007, 0.0 ], [ 123.26828782, 0.32243363, 0.0 ], [ 123.26837194, 0.32246374, 0.0 ], [ 123.26846447, 0.32250419, 0.0 ], [ 123.2685327, 0.32253806, 0.0 ], [ 123.26859999, 0.32255218, 0.0 ], [ 123.2687, 0.32257476, 0.0 ], [ 123.26880281, 0.32261145, 0.0 ], [ 123.26891777, 0.32265473, 0.0 ], [ 123.26897011, 0.32266131, 0.0 ], [ 123.26904394, 0.32264437, 0.0 ], [ 123.269086, 0.32263214, 0.0 ], [ 123.26912058, 0.32261897, 0.0 ], [ 123.26920844, 0.32259074, 0.0 ], [ 123.26928414, 0.32258039, 0.0 ], [ 123.26936452, 0.32260202, 0.0 ], [ 123.26944209, 0.32261519, 0.0 ], [ 123.26959122, 0.32263281, 0.0 ], [ 123.26962528, 0.32263683, 0.0 ], [ 123.26972155, 0.32267729, 0.0 ], [ 123.26981688, 0.32271868, 0.0 ], [ 123.269901, 0.32274126, 0.0 ], [ 123.26998792, 0.32276573, 0.0 ], [ 123.27005989, 0.32281371, 0.0 ], [ 123.27014307, 0.32287769, 0.0 ], [ 123.2702141, 0.32291438, 0.0 ], [ 123.27028981, 0.32294543, 0.0 ], [ 123.27038888, 0.32297554, 0.0 ], [ 123.27045056, 0.3229746, 0.0 ], [ 123.27050571, 0.32295672, 0.0 ], [ 123.27056926, 0.32294166, 0.0 ], [ 123.27064683, 0.32293601, 0.0 ], [ 123.27068235, 0.32294448, 0.0 ], [ 123.27074217, 0.32300846, 0.0 ], [ 123.27079731, 0.32307244, 0.0 ], [ 123.2708347, 0.32312043, 0.0 ], [ 123.27085862, 0.32314976, 0.0 ], [ 123.27088611, 0.32318347, 0.0 ], [ 123.27099864, 0.32320256, 0.0 ], [ 123.2710033, 0.32321663, 0.0 ], [ 123.27100508, 0.32322202, 0.0 ], [ 123.27101227, 0.32323438, 0.0 ], [ 123.27101911, 0.32324126, 0.0 ], [ 123.2710307, 0.32325293, 0.0 ], [ 123.27104496, 0.32326729, 0.0 ], [ 123.27105507, 0.32327746, 0.0 ], [ 123.2710781, 0.32330065, 0.0 ], [ 123.27108379, 0.32330584, 0.0 ], [ 123.27109461, 0.32331537, 0.0 ], [ 123.27110261, 0.32332242, 0.0 ], [ 123.27111091, 0.32332973, 0.0 ], [ 123.27111321, 0.32333175, 0.0 ], [ 123.27111422, 0.32333264, 0.0 ], [ 123.27111617, 0.32333436, 0.0 ], [ 123.27111818, 0.32333574, 0.0 ], [ 123.27112015, 0.32333653, 0.0 ], [ 123.27112183, 0.32333721, 0.0 ], [ 123.27112418, 0.32333574, 0.0 ], [ 123.27112503, 0.32333536, 0.0 ], [ 123.27112636, 0.32333498, 0.0 ], [ 123.27112823, 0.32333446, 0.0 ], [ 123.27113018, 0.3233325, 0.0 ], [ 123.27113151, 0.32333116, 0.0 ], [ 123.27113251, 0.32333016, 0.0 ], [ 123.27113426, 0.32333048, 0.0 ], [ 123.27113626, 0.32332969, 0.0 ], [ 123.27113792, 0.32332997, 0.0 ], [ 123.27114167, 0.3233306, 0.0 ], [ 123.27115338, 0.32333256, 0.0 ], [ 123.27117944, 0.32333694, 0.0 ], [ 123.27120245, 0.3233408, 0.0 ], [ 123.27122613, 0.32334477, 0.0 ], [ 123.27124129, 0.32334731, 0.0 ], [ 123.27125375, 0.32334982, 0.0 ], [ 123.27128192, 0.32335549, 0.0 ], [ 123.2712849, 0.32335609, 0.0 ], [ 123.27128622, 0.32335636, 0.0 ], [ 123.27129304, 0.32335979, 0.0 ], [ 123.27131609, 0.32337139, 0.0 ], [ 123.27132537, 0.32337606, 0.0 ], [ 123.2713318, 0.3233793, 0.0 ], [ 123.27133458, 0.3233807, 0.0 ], [ 123.27133808, 0.32338246, 0.0 ], [ 123.27134014, 0.3233835, 0.0 ], [ 123.27134596, 0.3233881, 0.0 ], [ 123.27135653, 0.32339646, 0.0 ], [ 123.27138325, 0.32341759, 0.0 ], [ 123.27140974, 0.32343855, 0.0 ], [ 123.2714421, 0.32346414, 0.0 ], [ 123.27146435, 0.32348174, 0.0 ], [ 123.27146827, 0.32348456, 0.0 ], [ 123.27148117, 0.32349322, 0.0 ], [ 123.27150016, 0.32350596, 0.0 ], [ 123.27151864, 0.32351837, 0.0 ], [ 123.27151988, 0.3235192, 0.0 ], [ 123.27154952, 0.32353743, 0.0 ], [ 123.27158291, 0.32355797, 0.0 ], [ 123.27161413, 0.32357718, 0.0 ], [ 123.27165832, 0.32360436, 0.0 ], [ 123.27167168, 0.32361259, 0.0 ], [ 123.27167692, 0.32361581, 0.0 ], [ 123.27168028, 0.32361788, 0.0 ], [ 123.27168165, 0.32361871, 0.0 ], [ 123.27168696, 0.32362005, 0.0 ], [ 123.27171534, 0.32362719, 0.0 ], [ 123.27171872, 0.32362814, 0.0 ], [ 123.27172543, 0.32363039, 0.0 ], [ 123.2717349, 0.32363357, 0.0 ], [ 123.27174021, 0.32363535, 0.0 ], [ 123.27174455, 0.32363681, 0.0 ], [ 123.2717564, 0.32364277, 0.0 ], [ 123.27177405, 0.32365165, 0.0 ], [ 123.27179543, 0.32366241, 0.0 ], [ 123.27179847, 0.32366395, 0.0 ], [ 123.27180939, 0.32366761, 0.0 ], [ 123.27182362, 0.32367239, 0.0 ], [ 123.27183849, 0.32367737, 0.0 ], [ 123.27187359, 0.32368915, 0.0 ], [ 123.27187936, 0.32369109, 0.0 ], [ 123.27190116, 0.32369987, 0.0 ], [ 123.27191687, 0.32370619, 0.0 ], [ 123.2719238, 0.32370898, 0.0 ], [ 123.2719415, 0.32371611, 0.0 ], [ 123.27195944, 0.32372333, 0.0 ], [ 123.27196311, 0.32372481, 0.0 ], [ 123.27196519, 0.32372565, 0.0 ], [ 123.27196656, 0.3237262, 0.0 ], [ 123.27196833, 0.32372691, 0.0 ], [ 123.27196923, 0.32372727, 0.0 ], [ 123.27197849, 0.32372914, 0.0 ], [ 123.27199823, 0.32373311, 0.0 ], [ 123.27201546, 0.32373654, 0.0 ], [ 123.27203935, 0.32374055, 0.0 ], [ 123.27206366, 0.32374462, 0.0 ], [ 123.27207163, 0.32374587, 0.0 ], [ 123.27207717, 0.32374667, 0.0 ], [ 123.27208392, 0.32374764, 0.0 ], [ 123.27209325, 0.32374898, 0.0 ], [ 123.27210462, 0.32375062, 0.0 ], [ 123.27211161, 0.32375162, 0.0 ], [ 123.27212296, 0.32375326, 0.0 ], [ 123.27212828, 0.32375402, 0.0 ], [ 123.27213099, 0.32375441, 0.0 ], [ 123.27213422, 0.32375604, 0.0 ], [ 123.27214027, 0.32375908, 0.0 ], [ 123.27214617, 0.32376205, 0.0 ], [ 123.27215073, 0.32376435, 0.0 ], [ 123.27215686, 0.32376743, 0.0 ], [ 123.27216074, 0.32376938, 0.0 ], [ 123.27216317, 0.32377061, 0.0 ], [ 123.27216603, 0.32377205, 0.0 ], [ 123.27216801, 0.32377359, 0.0 ], [ 123.27217072, 0.32377632, 0.0 ], [ 123.27217377, 0.32377938, 0.0 ], [ 123.27217467, 0.32378029, 0.0 ], [ 123.27217725, 0.32378155, 0.0 ], [ 123.27217991, 0.32378155, 0.0 ], [ 123.27218305, 0.32378306, 0.0 ], [ 123.27218491, 0.32378478, 0.0 ], [ 123.27218491, 0.32378746, 0.0 ], [ 123.27218491, 0.32378899, 0.0 ], [ 123.27218491, 0.3237906, 0.0 ], [ 123.27218708, 0.32379279, 0.0 ], [ 123.27218856, 0.32379427, 0.0 ], [ 123.27219089, 0.32379662, 0.0 ], [ 123.27219189, 0.32379762, 0.0 ], [ 123.27219293, 0.32379867, 0.0 ], [ 123.27219627, 0.32379964, 0.0 ], [ 123.27219817, 0.32379964, 0.0 ], [ 123.27220388, 0.32379964, 0.0 ], [ 123.27221035, 0.32379964, 0.0 ], [ 123.27222148, 0.32379964, 0.0 ], [ 123.27222652, 0.32379964, 0.0 ], [ 123.27223089, 0.32379964, 0.0 ], [ 123.27224154, 0.32379964, 0.0 ], [ 123.27224716, 0.32379964, 0.0 ], [ 123.27225182, 0.32379964, 0.0 ], [ 123.27225524, 0.32379964, 0.0 ], [ 123.27226028, 0.32380197, 0.0 ], [ 123.27226322, 0.32380395, 0.0 ], [ 123.2722689, 0.32380776, 0.0 ], [ 123.27227536, 0.32381209, 0.0 ], [ 123.27227779, 0.32381373, 0.0 ], [ 123.272279, 0.32381454, 0.0 ], [ 123.27228227, 0.32381673, 0.0 ], [ 123.27228617, 0.32381769, 0.0 ], [ 123.27228634, 0.32381774, 0.0 ], [ 123.27229053, 0.32381774, 0.0 ], [ 123.27230174, 0.32381774, 0.0 ], [ 123.27230698, 0.32381774, 0.0 ], [ 123.27231155, 0.32381774, 0.0 ], [ 123.27231602, 0.32381774, 0.0 ], [ 123.27231971, 0.32381774, 0.0 ], [ 123.2723246, 0.32381897, 0.0 ], [ 123.27233339, 0.32382118, 0.0 ], [ 123.27234384, 0.32382381, 0.0 ], [ 123.27235004, 0.32382537, 0.0 ], [ 123.27235436, 0.32382646, 0.0 ], [ 123.27236034, 0.32382678, 0.0 ], [ 123.27236329, 0.32382678, 0.0 ], [ 123.27236719, 0.32382678, 0.0 ], [ 123.27237099, 0.32382678, 0.0 ], [ 123.27237427, 0.3238271, 0.0 ], [ 123.27237769, 0.32382883, 0.0 ], [ 123.27238089, 0.32383043, 0.0 ], [ 123.2723853, 0.32383265, 0.0 ], [ 123.27238873, 0.32383438, 0.0 ], [ 123.27239161, 0.32383583, 0.0 ], [ 123.27239673, 0.32383686, 0.0 ], [ 123.27240174, 0.32383787, 0.0 ], [ 123.27241189, 0.32383991, 0.0 ], [ 123.27243196, 0.32384395, 0.0 ], [ 123.27243654, 0.32384487, 0.0 ], [ 123.27244725, 0.32384757, 0.0 ], [ 123.27245439, 0.32384937, 0.0 ], [ 123.27246171, 0.32385121, 0.0 ], [ 123.27246739, 0.32385264, 0.0 ], [ 123.27247162, 0.3238537, 0.0 ], [ 123.27247552, 0.32385697, 0.0 ], [ 123.27248122, 0.32386271, 0.0 ], [ 123.27248303, 0.32386453, 0.0 ], [ 123.27248593, 0.32386745, 0.0 ], [ 123.27248821, 0.32386975, 0.0 ], [ 123.2724894, 0.32387267, 0.0 ], [ 123.27249046, 0.32387679, 0.0 ], [ 123.27249046, 0.32388106, 0.0 ], [ 123.27249046, 0.32388397, 0.0 ], [ 123.27249046, 0.32389173, 0.0 ], [ 123.27249046, 0.32389575, 0.0 ], [ 123.27249046, 0.32389843, 0.0 ], [ 123.27249245, 0.32390015, 0.0 ], [ 123.27249674, 0.32390232, 0.0 ], [ 123.2725004, 0.32390416, 0.0 ], [ 123.27250683, 0.32390739, 0.0 ], [ 123.27251147, 0.32390973, 0.0 ], [ 123.27251801, 0.32391302, 0.0 ], [ 123.27252155, 0.3239148, 0.0 ], [ 123.27252433, 0.3239162, 0.0 ], [ 123.27252803, 0.32391684, 0.0 ], [ 123.27253134, 0.32391601, 0.0 ], [ 123.27253611, 0.32391481, 0.0 ], [ 123.27254264, 0.32391316, 0.0 ], [ 123.27255005, 0.3239113, 0.0 ], [ 123.27255553, 0.32390992, 0.0 ], [ 123.27255925, 0.32390898, 0.0 ], [ 123.27256397, 0.3239082, 0.0 ], [ 123.2725693, 0.3239082, 0.0 ], [ 123.27257567, 0.3239082, 0.0 ], [ 123.27258385, 0.3239082, 0.0 ], [ 123.27259526, 0.3239082, 0.0 ], [ 123.27260225, 0.32390877, 0.0 ], [ 123.27261065, 0.32390997, 0.0 ], [ 123.27261364, 0.32391041, 0.0 ], [ 123.27263302, 0.32391319, 0.0 ], [ 123.27264878, 0.32391546, 0.0 ], [ 123.2726581, 0.3239168, 0.0 ], [ 123.27266121, 0.32391725, 0.0 ], [ 123.27268187, 0.32391854, 0.0 ], [ 123.27271837, 0.32392084, 0.0 ], [ 123.27275676, 0.32392326, 0.0 ], [ 123.27278766, 0.3239252, 0.0 ], [ 123.27280384, 0.32392622, 0.0 ], [ 123.27281582, 0.32392629, 0.0 ], [ 123.27282514, 0.32392629, 0.0 ], [ 123.27283228, 0.32392629, 0.0 ], [ 123.27284017, 0.32392629, 0.0 ], [ 123.2728436, 0.32392629, 0.0 ], [ 123.27284607, 0.32392629, 0.0 ], [ 123.27284826, 0.32392629, 0.0 ], [ 123.27285366, 0.32392468, 0.0 ], [ 123.2728572, 0.32392315, 0.0 ], [ 123.27286186, 0.32392114, 0.0 ], [ 123.2728676, 0.32391867, 0.0 ], [ 123.2728832, 0.32391194, 0.0 ], [ 123.27289953, 0.32390489, 0.0 ], [ 123.27290488, 0.32390258, 0.0 ], [ 123.2729092, 0.32390072, 0.0 ], [ 123.27291284, 0.32389914, 0.0 ], [ 123.27293227, 0.3238967, 0.0 ], [ 123.27293886, 0.32389587, 0.0 ], [ 123.27294842, 0.32389467, 0.0 ], [ 123.27296301, 0.32389283, 0.0 ], [ 123.27298474, 0.3238901, 0.0 ], [ 123.27300289, 0.32388705, 0.0 ], [ 123.27301272, 0.3238854, 0.0 ], [ 123.27302322, 0.32388364, 0.0 ], [ 123.27303042, 0.32388243, 0.0 ], [ 123.27303467, 0.32388172, 0.0 ], [ 123.273041, 0.32387948, 0.0 ], [ 123.27304958, 0.32387372, 0.0 ], [ 123.27306002, 0.3238667, 0.0 ], [ 123.27306398, 0.32386405, 0.0 ], [ 123.27306562, 0.32386295, 0.0 ], [ 123.27306929, 0.32385925, 0.0 ], [ 123.2730746, 0.32385791, 0.0 ], [ 123.27307652, 0.32385772, 0.0 ], [ 123.27308004, 0.32386021, 0.0 ], [ 123.27308359, 0.32386295, 0.0 ], [ 123.27308507, 0.32386444, 0.0 ], [ 123.27309258, 0.323872, 0.0 ], [ 123.27310142, 0.3238809, 0.0 ], [ 123.27310628, 0.32388579, 0.0 ], [ 123.27311055, 0.32389009, 0.0 ], [ 123.27311436, 0.32389393, 0.0 ], [ 123.27311856, 0.32389429, 0.0 ], [ 123.27312268, 0.32389282, 0.0 ], [ 123.27312545, 0.32388723, 0.0 ], [ 123.27312694, 0.32388424, 0.0 ], [ 123.27313283, 0.32388104, 0.0 ], [ 123.27313682, 0.32388104, 0.0 ], [ 123.27314158, 0.32388104, 0.0 ], [ 123.27314481, 0.32388104, 0.0 ], [ 123.27315014, 0.32388104, 0.0 ], [ 123.27315549, 0.32388104, 0.0 ], [ 123.27315974, 0.32387676, 0.0 ], [ 123.27316335, 0.32387313, 0.0 ], [ 123.27316973, 0.323872, 0.0 ], [ 123.27317334, 0.323872, 0.0 ], [ 123.2731781, 0.323872, 0.0 ], [ 123.27318387, 0.32387271, 0.0 ], [ 123.27318942, 0.32387551, 0.0 ], [ 123.27319353, 0.32387758, 0.0 ], [ 123.27319883, 0.32387725, 0.0 ], [ 123.27320665, 0.32387477, 0.0 ], [ 123.27320941, 0.32387199, 0.0 ], [ 123.27321595, 0.32387199, 0.0 ], [ 123.27322356, 0.32387199, 0.0 ], [ 123.27323231, 0.32387199, 0.0 ], [ 123.27323637, 0.32387199, 0.0 ], [ 123.27324582, 0.32386961, 0.0 ], [ 123.27325437, 0.32386746, 0.0 ], [ 123.27326413, 0.32386501, 0.0 ], [ 123.27326941, 0.32386368, 0.0 ], [ 123.27327513, 0.32386269, 0.0 ], [ 123.27328195, 0.32386206, 0.0 ], [ 123.27329252, 0.3238611, 0.0 ], [ 123.27330988, 0.32385951, 0.0 ], [ 123.27333188, 0.32385749, 0.0 ], [ 123.27335658, 0.32385523, 0.0 ], [ 123.27336814, 0.32385417, 0.0 ], [ 123.27337117, 0.3238539, 0.0 ], [ 123.27340807, 0.32385389, 0.0 ], [ 123.2734193, 0.32385389, 0.0 ], [ 123.27343547, 0.32385389, 0.0 ], [ 123.27344429, 0.32385359, 0.0 ], [ 123.2734531, 0.32385137, 0.0 ], [ 123.27346761, 0.32384772, 0.0 ], [ 123.27348954, 0.3238422, 0.0 ], [ 123.27349401, 0.32384107, 0.0 ], [ 123.273521, 0.32383428, 0.0 ], [ 123.27353465, 0.32383084, 0.0 ], [ 123.27354544, 0.32382812, 0.0 ], [ 123.2735509, 0.32382675, 0.0 ], [ 123.27356139, 0.32382675, 0.0 ], [ 123.27356805, 0.32382675, 0.0 ], [ 123.27357813, 0.32382675, 0.0 ], [ 123.27358308, 0.32382675, 0.0 ], [ 123.2735885, 0.32383008, 0.0 ], [ 123.27359117, 0.32383544, 0.0 ], [ 123.27359322, 0.32383958, 0.0 ], [ 123.27359584, 0.32384484, 0.0 ], [ 123.27360185, 0.32384888, 0.0 ], [ 123.27361599, 0.32385837, 0.0 ], [ 123.27362512, 0.3238645, 0.0 ], [ 123.27363109, 0.3238685, 0.0 ], [ 123.2736411, 0.32387522, 0.0 ], [ 123.27364509, 0.3238779, 0.0 ], [ 123.27365289, 0.32387781, 0.0 ], [ 123.27366244, 0.32387697, 0.0 ], [ 123.27366771, 0.32387528, 0.0 ], [ 123.27367517, 0.32387289, 0.0 ], [ 123.27371191, 0.32386112, 0.0 ], [ 123.2737545, 0.32384748, 0.0 ], [ 123.27378065, 0.3238391, 0.0 ], [ 123.27380697, 0.32383067, 0.0 ], [ 123.27382831, 0.32382383, 0.0 ], [ 123.27383655, 0.32382119, 0.0 ], [ 123.27384747, 0.32381769, 0.0 ], [ 123.27385851, 0.32381325, 0.0 ], [ 123.27387281, 0.32380749, 0.0 ], [ 123.27388458, 0.32380275, 0.0 ], [ 123.2738924, 0.3237996, 0.0 ], [ 123.27389523, 0.32379533, 0.0 ], [ 123.27389888, 0.32378981, 0.0 ], [ 123.2739036, 0.32378269, 0.0 ], [ 123.2739067, 0.32377801, 0.0 ], [ 123.27390921, 0.32377421, 0.0 ], [ 123.27391037, 0.3237675, 0.0 ], [ 123.27391037, 0.32376061, 0.0 ], [ 123.27391037, 0.3237562, 0.0 ], [ 123.27391272, 0.32375153, 0.0 ], [ 123.27391694, 0.32374643, 0.0 ], [ 123.27392032, 0.32374234, 0.0 ], [ 123.27392584, 0.32373567, 0.0 ], [ 123.27393147, 0.32372887, 0.0 ], [ 123.27393504, 0.32372456, 0.0 ], [ 123.27393911, 0.32371964, 0.0 ], [ 123.27394231, 0.32371578, 0.0 ], [ 123.27394628, 0.32371098, 0.0 ], [ 123.27395152, 0.32370465, 0.0 ], [ 123.2739553, 0.32370008, 0.0 ], [ 123.27396121, 0.32369625, 0.0 ], [ 123.27400711, 0.32366655, 0.0 ], [ 123.2740637, 0.32362992, 0.0 ], [ 123.2740795, 0.32361969, 0.0 ], [ 123.2740828, 0.32361802, 0.0 ], [ 123.27412686, 0.32359562, 0.0 ], [ 123.27418294, 0.32356739, 0.0 ], [ 123.27418979, 0.32356395, 0.0 ], [ 123.27419778, 0.32355992, 0.0 ], [ 123.27420364, 0.32355697, 0.0 ], [ 123.27420823, 0.32355365, 0.0 ], [ 123.2742183, 0.32354075, 0.0 ], [ 123.27422721, 0.32352933, 0.0 ], [ 123.27423976, 0.32351326, 0.0 ], [ 123.27425051, 0.32349947, 0.0 ], [ 123.27425982, 0.32348754, 0.0 ], [ 123.27426886, 0.32347596, 0.0 ], [ 123.27427622, 0.32346654, 0.0 ], [ 123.27428361, 0.32345706, 0.0 ], [ 123.27429026, 0.32344855, 0.0 ], [ 123.27438928, 0.32330396, 0.0 ], [ 123.27439413, 0.32323569, 0.0 ], [ 123.27439768, 0.32314976, 0.0 ], [ 123.27439897, 0.32311864, 0.0 ], [ 123.27441834, 0.32303085, 0.0 ], [ 123.27442318, 0.32293331, 0.0 ], [ 123.27445225, 0.32287478, 0.0 ], [ 123.2745346, 0.32282601, 0.0 ], [ 123.27459758, 0.32281138, 0.0 ], [ 123.27467509, 0.32282113, 0.0 ], [ 123.2747187, 0.32286014, 0.0 ], [ 123.27474776, 0.3229333, 0.0 ], [ 123.27482043, 0.32305035, 0.0 ], [ 123.27485919, 0.32314301, 0.0 ], [ 123.27486166, 0.32314976, 0.0 ], [ 123.27489311, 0.32323567, 0.0 ], [ 123.27494155, 0.32335272, 0.0 ], [ 123.27502876, 0.32341124, 0.0 ], [ 123.27531849, 0.32357579, 0.0 ], [ 123.27533036, 0.32358475, 0.0 ], [ 123.27533927, 0.32359147, 0.0 ], [ 123.27539382, 0.32361344, 0.0 ], [ 123.27542914, 0.32362766, 0.0 ], [ 123.27548461, 0.32363697, 0.0 ], [ 123.27551723, 0.32364244, 0.0 ], [ 123.27553698, 0.32364575, 0.0 ], [ 123.27560031, 0.32368471, 0.0 ], [ 123.27563848, 0.32370819, 0.0 ], [ 123.2756652, 0.32372463, 0.0 ], [ 123.27569038, 0.32374012, 0.0 ], [ 123.27571902, 0.32375547, 0.0 ], [ 123.27574981, 0.32377182, 0.0 ], [ 123.27577319, 0.32378489, 0.0 ], [ 123.27579383, 0.32379643, 0.0 ], [ 123.27581557, 0.32380859, 0.0 ], [ 123.2758241, 0.32381472, 0.0 ], [ 123.27583534, 0.32382281, 0.0 ], [ 123.27585775, 0.32383892, 0.0 ], [ 123.27587848, 0.32385383, 0.0 ], [ 123.27587943, 0.32385438, 0.0 ], [ 123.27592896, 0.32388325, 0.0 ], [ 123.27598973, 0.32391867, 0.0 ], [ 123.27604543, 0.32395112, 0.0 ], [ 123.27609077, 0.32397302, 0.0 ], [ 123.27611138, 0.32398278, 0.0 ], [ 123.27613316, 0.3239931, 0.0 ], [ 123.27615588, 0.32400386, 0.0 ], [ 123.27617166, 0.32401134, 0.0 ], [ 123.27618842, 0.32401928, 0.0 ], [ 123.27619763, 0.32402364, 0.0 ], [ 123.27620481, 0.32402994, 0.0 ], [ 123.2762111, 0.32403944, 0.0 ], [ 123.27621754, 0.32404917, 0.0 ], [ 123.2762266, 0.32405412, 0.0 ], [ 123.27624036, 0.32406165, 0.0 ], [ 123.27627106, 0.32407489, 0.0 ], [ 123.27630349, 0.32408888, 0.0 ], [ 123.27632656, 0.32409884, 0.0 ], [ 123.27633626, 0.32410302, 0.0 ], [ 123.2763527, 0.32410714, 0.0 ], [ 123.27637276, 0.32410713, 0.0 ], [ 123.27637879, 0.32410106, 0.0 ], [ 123.27638807, 0.32409173, 0.0 ], [ 123.2763974, 0.32409011, 0.0 ], [ 123.27640643, 0.32409011, 0.0 ], [ 123.27641769, 0.32408904, 0.0 ], [ 123.2764292, 0.32409097, 0.0 ], [ 123.27646575, 0.3240971, 0.0 ], [ 123.27650489, 0.32410245, 0.0 ], [ 123.27653022, 0.32410578, 0.0 ], [ 123.27657974, 0.32411228, 0.0 ], [ 123.27659507, 0.32411429, 0.0 ], [ 123.27661717, 0.32411719, 0.0 ], [ 123.27663506, 0.32411954, 0.0 ], [ 123.27666027, 0.32412285, 0.0 ], [ 123.27667265, 0.32412448, 0.0 ], [ 123.27668603, 0.32412349, 0.0 ], [ 123.27674077, 0.32411125, 0.0 ], [ 123.27676458, 0.32410592, 0.0 ], [ 123.27680084, 0.32409781, 0.0 ], [ 123.27684007, 0.32408903, 0.0 ], [ 123.27687965, 0.32406911, 0.0 ], [ 123.27690942, 0.32405412, 0.0 ], [ 123.27690989, 0.32405388, 0.0 ], [ 123.27693424, 0.32404163, 0.0 ], [ 123.27695288, 0.32403224, 0.0 ], [ 123.27696589, 0.32402569, 0.0 ], [ 123.2769983, 0.32401482, 0.0 ], [ 123.27703469, 0.32400198, 0.0 ], [ 123.2770509, 0.32399586, 0.0 ], [ 123.27708086, 0.32398455, 0.0 ], [ 123.27711932, 0.32397003, 0.0 ], [ 123.27714512, 0.32396029, 0.0 ], [ 123.27716359, 0.32395331, 0.0 ], [ 123.27717304, 0.32394618, 0.0 ], [ 123.27719184, 0.32393198, 0.0 ], [ 123.27720911, 0.32391894, 0.0 ], [ 123.2772228, 0.3239086, 0.0 ], [ 123.27723549, 0.32389903, 0.0 ], [ 123.27726199, 0.32388139, 0.0 ], [ 123.27727143, 0.32387188, 0.0 ], [ 123.27728174, 0.32386717, 0.0 ], [ 123.2772974, 0.32386, 0.0 ], [ 123.27731037, 0.32385407, 0.0 ], [ 123.27732592, 0.32384695, 0.0 ], [ 123.2773439, 0.32383872, 0.0 ], [ 123.27735727, 0.3238326, 0.0 ], [ 123.27737029, 0.32382664, 0.0 ], [ 123.27739372, 0.32382327, 0.0 ], [ 123.27741229, 0.3238206, 0.0 ], [ 123.2774379, 0.32381759, 0.0 ], [ 123.27746015, 0.32381759, 0.0 ], [ 123.2774768, 0.32381946, 0.0 ], [ 123.27750603, 0.32382273, 0.0 ], [ 123.27752592, 0.32382495, 0.0 ], [ 123.27753604, 0.32382608, 0.0 ], [ 123.27754837, 0.32381925, 0.0 ], [ 123.27755901, 0.32380854, 0.0 ], [ 123.27756915, 0.32379421, 0.0 ], [ 123.27757248, 0.32378799, 0.0 ], [ 123.27758802, 0.32377384, 0.0 ], [ 123.27760808, 0.32376627, 0.0 ], [ 123.27764039, 0.32375407, 0.0 ], [ 123.27765498, 0.32374856, 0.0 ], [ 123.27767948, 0.32373931, 0.0 ], [ 123.27769339, 0.32373406, 0.0 ], [ 123.27771178, 0.32372712, 0.0 ], [ 123.27772846, 0.32372712, 0.0 ], [ 123.27774218, 0.32372514, 0.0 ], [ 123.27775544, 0.32371751, 0.0 ], [ 123.27777096, 0.32370858, 0.0 ], [ 123.27778576, 0.32370006, 0.0 ], [ 123.27779897, 0.32369246, 0.0 ], [ 123.27781649, 0.32368495, 0.0 ], [ 123.2779075, 0.3236483, 0.0 ], [ 123.27795833, 0.32362782, 0.0 ], [ 123.27797358, 0.32362168, 0.0 ], [ 123.27801704, 0.32360316, 0.0 ], [ 123.27804429, 0.3235914, 0.0 ], [ 123.278066, 0.32358047, 0.0 ], [ 123.27808578, 0.32357051, 0.0 ], [ 123.27809821, 0.32356426, 0.0 ], [ 123.27814994, 0.32355067, 0.0 ], [ 123.27818122, 0.32354245, 0.0 ], [ 123.27821132, 0.32353455, 0.0 ], [ 123.27824235, 0.3235264, 0.0 ], [ 123.27827914, 0.32352274, 0.0 ], [ 123.27830244, 0.32352513, 0.0 ], [ 123.27831827, 0.32353015, 0.0 ], [ 123.27833438, 0.32355384, 0.0 ], [ 123.27839564, 0.32364291, 0.0 ], [ 123.27840659, 0.32365472, 0.0 ], [ 123.27841645, 0.32365938, 0.0 ], [ 123.27843547, 0.32368331, 0.0 ], [ 123.27845324, 0.32370568, 0.0 ], [ 123.27849069, 0.32375279, 0.0 ], [ 123.27850804, 0.32377463, 0.0 ], [ 123.27852059, 0.32379042, 0.0 ], [ 123.2785263, 0.32380191, 0.0 ], [ 123.27852958, 0.3238186, 0.0 ], [ 123.27852958, 0.32384471, 0.0 ], [ 123.27852372, 0.3238683, 0.0 ], [ 123.2785206, 0.3238809, 0.0 ], [ 123.27850383, 0.32390902, 0.0 ], [ 123.27849422, 0.32392515, 0.0 ], [ 123.27848302, 0.32394395, 0.0 ], [ 123.27847488, 0.3239576, 0.0 ], [ 123.27846668, 0.32397137, 0.0 ], [ 123.27846668, 0.32399851, 0.0 ], [ 123.27846668, 0.32400756, 0.0 ], [ 123.27847413, 0.32401632, 0.0 ], [ 123.27848174, 0.32402063, 0.0 ], [ 123.27849125, 0.32402063, 0.0 ], [ 123.27850552, 0.32402063, 0.0 ], [ 123.2785221, 0.32401898, 0.0 ], [ 123.27853445, 0.32401113, 0.0 ], [ 123.27857437, 0.32398574, 0.0 ], [ 123.27858372, 0.3239798, 0.0 ], [ 123.27861713, 0.32395856, 0.0 ], [ 123.27864649, 0.32393989, 0.0 ], [ 123.27867069, 0.3239245, 0.0 ], [ 123.27869968, 0.32390546, 0.0 ], [ 123.27871663, 0.32388602, 0.0 ], [ 123.27875008, 0.32386062, 0.0 ], [ 123.27876825, 0.32384891, 0.0 ], [ 123.2787937, 0.32383638, 0.0 ], [ 123.27881374, 0.32382863, 0.0 ], [ 123.27887533, 0.32380477, 0.0 ], [ 123.27888905, 0.32379946, 0.0 ], [ 123.27889713, 0.32378861, 0.0 ], [ 123.27890069, 0.32377454, 0.0 ], [ 123.27889927, 0.32376593, 0.0 ], [ 123.27889118, 0.32375423, 0.0 ], [ 123.27887977, 0.32375423, 0.0 ], [ 123.2788655, 0.32375423, 0.0 ], [ 123.2788531, 0.32375423, 0.0 ], [ 123.27883595, 0.32374991, 0.0 ], [ 123.27881055, 0.32374407, 0.0 ], [ 123.27878263, 0.32373939, 0.0 ], [ 123.27877222, 0.32373764, 0.0 ], [ 123.27875737, 0.3237263, 0.0 ], [ 123.27875104, 0.32371567, 0.0 ], [ 123.27874348, 0.323703, 0.0 ], [ 123.27873551, 0.32368962, 0.0 ], [ 123.2787233, 0.32366913, 0.0 ], [ 123.27871357, 0.3236528, 0.0 ], [ 123.27870684, 0.32363696, 0.0 ], [ 123.27868674, 0.32356614, 0.0 ], [ 123.2786804, 0.32354382, 0.0 ], [ 123.2786749, 0.32352441, 0.0 ], [ 123.27866039, 0.32351248, 0.0 ], [ 123.27864137, 0.3235029, 0.0 ], [ 123.27862064, 0.32349247, 0.0 ], [ 123.27860147, 0.32348282, 0.0 ], [ 123.2785835, 0.32346925, 0.0 ], [ 123.27857437, 0.32346236, 0.0 ], [ 123.27856593, 0.32345598, 0.0 ], [ 123.27855581, 0.32344834, 0.0 ], [ 123.2785466, 0.32344139, 0.0 ], [ 123.27853981, 0.32343627, 0.0 ], [ 123.27853825, 0.32343509, 0.0 ], [ 123.27853701, 0.32343415, 0.0 ], [ 123.27853604, 0.32343342, 0.0 ], [ 123.2785357, 0.32343117, 0.0 ], [ 123.27853546, 0.32342973, 0.0 ], [ 123.27853606, 0.32342854, 0.0 ], [ 123.27853713, 0.32342663, 0.0 ], [ 123.27854211, 0.32342538, 0.0 ], [ 123.27854885, 0.32342368, 0.0 ], [ 123.27855777, 0.32342144, 0.0 ], [ 123.27856552, 0.32341949, 0.0 ], [ 123.27856835, 0.32341735, 0.0 ], [ 123.27857437, 0.3234128, 0.0 ], [ 123.27857503, 0.32341231, 0.0 ], [ 123.27858109, 0.32340773, 0.0 ], [ 123.2785865, 0.32340365, 0.0 ], [ 123.27859346, 0.32339839, 0.0 ], [ 123.27859747, 0.32339536, 0.0 ], [ 123.27859996, 0.32339348, 0.0 ], [ 123.27860146, 0.32339024, 0.0 ], [ 123.27860146, 0.32336845, 0.0 ], [ 123.27860146, 0.32336331, 0.0 ], [ 123.27860146, 0.32335852, 0.0 ], [ 123.27860146, 0.32335373, 0.0 ], [ 123.27860299, 0.32334978, 0.0 ], [ 123.27860525, 0.32334727, 0.0 ], [ 123.27860792, 0.32334494, 0.0 ], [ 123.27861231, 0.32334347, 0.0 ], [ 123.2786177, 0.32334166, 0.0 ], [ 123.27862376, 0.32333963, 0.0 ], [ 123.27862992, 0.32333725, 0.0 ], [ 123.27863641, 0.32333373, 0.0 ], [ 123.27864327, 0.32333001, 0.0 ], [ 123.27865176, 0.32332541, 0.0 ], [ 123.27865848, 0.32332176, 0.0 ], [ 123.27866874, 0.3233162, 0.0 ], [ 123.27867451, 0.32331308, 0.0 ], [ 123.27868178, 0.32330914, 0.0 ], [ 123.27873467, 0.32328046, 0.0 ], [ 123.27875157, 0.32327048, 0.0 ], [ 123.27877221, 0.32325663, 0.0 ], [ 123.27879142, 0.32324005, 0.0 ], [ 123.27881762, 0.32321744, 0.0 ], [ 123.27884206, 0.32319636, 0.0 ], [ 123.27886215, 0.32317902, 0.0 ], [ 123.27889152, 0.32315367, 0.0 ], [ 123.27889614, 0.32314976, 0.0 ], [ 123.27891725, 0.32313193, 0.0 ], [ 123.27895194, 0.32310282, 0.0 ], [ 123.27896255, 0.3230905, 0.0 ], [ 123.27903459, 0.32300681, 0.0 ], [ 123.2790646, 0.32297195, 0.0 ], [ 123.27910471, 0.32293092, 0.0 ], [ 123.2791226, 0.32291291, 0.0 ], [ 123.27913808, 0.32289115, 0.0 ], [ 123.27915021, 0.32286673, 0.0 ], [ 123.27916548, 0.32284526, 0.0 ], [ 123.27918113, 0.32283213, 0.0 ], [ 123.27919811, 0.32281788, 0.0 ], [ 123.2792105, 0.32280283, 0.0 ], [ 123.2792274, 0.32277731, 0.0 ], [ 123.27924649, 0.32274847, 0.0 ], [ 123.27926339, 0.32272295, 0.0 ], [ 123.27928205, 0.32269478, 0.0 ], [ 123.27929343, 0.3226776, 0.0 ], [ 123.27931156, 0.32265934, 0.0 ], [ 123.27932404, 0.32264677, 0.0 ], [ 123.27932937, 0.32263236, 0.0 ], [ 123.27933079, 0.32262806, 0.0 ], [ 123.27933836, 0.32260522, 0.0 ], [ 123.27934784, 0.32259376, 0.0 ], [ 123.27936386, 0.32257441, 0.0 ], [ 123.27938329, 0.32255093, 0.0 ], [ 123.27939374, 0.32253515, 0.0 ], [ 123.27940126, 0.32252379, 0.0 ], [ 123.27942257, 0.32251664, 0.0 ], [ 123.27943721, 0.32249665, 0.0 ], [ 123.2794462, 0.32247855, 0.0 ], [ 123.27946417, 0.32246046, 0.0 ], [ 123.27947269, 0.32244974, 0.0 ], [ 123.27947863, 0.32244227, 0.0 ], [ 123.27950012, 0.32241522, 0.0 ], [ 123.27950563, 0.32239857, 0.0 ], [ 123.2795091, 0.32238808, 0.0 ], [ 123.27951743, 0.3223797, 0.0 ], [ 123.27952729, 0.32236977, 0.0 ], [ 123.27953606, 0.32236094, 0.0 ], [ 123.27955094, 0.32235594, 0.0 ], [ 123.27956057, 0.32235271, 0.0 ], [ 123.27956786, 0.3223454, 0.0 ], [ 123.2795763, 0.32233406, 0.0 ], [ 123.27958221, 0.32232614, 0.0 ], [ 123.27958998, 0.3223157, 0.0 ], [ 123.27959768, 0.32231053, 0.0 ], [ 123.2796074, 0.32230401, 0.0 ], [ 123.27961694, 0.32229761, 0.0 ], [ 123.27961947, 0.32228741, 0.0 ], [ 123.2796299, 0.32224541, 0.0 ], [ 123.27963142, 0.32223931, 0.0 ], [ 123.27963681, 0.32222044, 0.0 ], [ 123.27964309, 0.32220465, 0.0 ], [ 123.27964872, 0.32219047, 0.0 ], [ 123.27965288, 0.32217999, 0.0 ], [ 123.27965633, 0.32217652, 0.0 ], [ 123.27966187, 0.32217094, 0.0 ], [ 123.27966331, 0.3221637, 0.0 ], [ 123.27966594, 0.32215047, 0.0 ], [ 123.27967086, 0.32212571, 0.0 ], [ 123.27968265, 0.32210196, 0.0 ], [ 123.27969424, 0.32207862, 0.0 ], [ 123.27970405, 0.32205887, 0.0 ], [ 123.27971404, 0.32203876, 0.0 ], [ 123.27972295, 0.32202081, 0.0 ], [ 123.27973127, 0.32200405, 0.0 ], [ 123.27973823, 0.32199005, 0.0 ], [ 123.27974376, 0.32197892, 0.0 ], [ 123.27974798, 0.32197042, 0.0 ], [ 123.2797476, 0.3219611, 0.0 ], [ 123.27974848, 0.32195303, 0.0 ], [ 123.27974616, 0.32194603, 0.0 ], [ 123.27974414, 0.32193992, 0.0 ], [ 123.2797435, 0.32193318, 0.0 ], [ 123.27975378, 0.32189867, 0.0 ], [ 123.2797657, 0.32185867, 0.0 ], [ 123.2797697, 0.32184524, 0.0 ], [ 123.27979293, 0.32178678, 0.0 ], [ 123.27979914, 0.32177115, 0.0 ], [ 123.2798023, 0.32176321, 0.0 ], [ 123.27980565, 0.32175477, 0.0 ], [ 123.27980565, 0.32174926, 0.0 ], [ 123.27980628, 0.32174124, 0.0 ], [ 123.27980724, 0.3217345, 0.0 ], [ 123.27980903, 0.32172189, 0.0 ], [ 123.27981056, 0.32171112, 0.0 ], [ 123.27981163, 0.32170358, 0.0 ], [ 123.27981258, 0.32169684, 0.0 ], [ 123.27981344, 0.3216908, 0.0 ], [ 123.27981463, 0.32168239, 0.0 ], [ 123.27981463, 0.32167116, 0.0 ], [ 123.27981463, 0.32161906, 0.0 ], [ 123.27981677, 0.32159754, 0.0 ], [ 123.27981797, 0.3215854, 0.0 ], [ 123.27981949, 0.32157014, 0.0 ], [ 123.27982094, 0.32155554, 0.0 ], [ 123.27982362, 0.32152859, 0.0 ], [ 123.27982361, 0.32150509, 0.0 ], [ 123.27982361, 0.32141097, 0.0 ], [ 123.27981462, 0.32132955, 0.0 ], [ 123.27981008, 0.32129758, 0.0 ], [ 123.27980563, 0.32126622, 0.0 ], [ 123.27982058, 0.32117895, 0.0 ], [ 123.2798236, 0.32114053, 0.0 ], [ 123.2798236, 0.32107733, 0.0 ], [ 123.27983259, 0.32104909, 0.0 ], [ 123.27982882, 0.32102634, 0.0 ], [ 123.2798236, 0.3209948, 0.0 ], [ 123.2798188, 0.32097066, 0.0 ], [ 123.27981339, 0.32094341, 0.0 ], [ 123.27979664, 0.32088624, 0.0 ], [ 123.27978461, 0.32083754, 0.0 ], [ 123.27974535, 0.32069452, 0.0 ], [ 123.27967619, 0.32055809, 0.0 ], [ 123.27960142, 0.32046024, 0.0 ], [ 123.27958499, 0.3204367, 0.0 ], [ 123.27952197, 0.32034639, 0.0 ], [ 123.27947991, 0.32022595, 0.0 ], [ 123.27947269, 0.32020266, 0.0 ], [ 123.27944345, 0.32010834, 0.0 ], [ 123.27939765, 0.32001519, 0.0 ], [ 123.27934251, 0.31992769, 0.0 ], [ 123.279264, 0.31982513, 0.0 ], [ 123.27918268, 0.31973951, 0.0 ], [ 123.27910698, 0.31966424, 0.0 ], [ 123.27901538, 0.31956451, 0.0 ], [ 123.2789926, 0.31953234, 0.0 ], [ 123.27894809, 0.31946948, 0.0 ], [ 123.27886116, 0.31939232, 0.0 ], [ 123.27879106, 0.31933775, 0.0 ], [ 123.27873873, 0.31930482, 0.0 ], [ 123.27868638, 0.31923708, 0.0 ], [ 123.27867423, 0.31916651, 0.0 ], [ 123.27869105, 0.31908653, 0.0 ], [ 123.27872096, 0.31902914, 0.0 ], [ 123.27878264, 0.31896233, 0.0 ], [ 123.27886863, 0.31888988, 0.0 ], [ 123.27895274, 0.31884095, 0.0 ], [ 123.2790163, 0.31881743, 0.0 ], [ 123.27912191, 0.31876944, 0.0 ], [ 123.27923032, 0.31871862, 0.0 ], [ 123.27936678, 0.31866405, 0.0 ], [ 123.27947426, 0.31864429, 0.0 ], [ 123.27965993, 0.31862799, 0.0 ], [ 123.279678, 0.3186264, 0.0 ], [ 123.27983035, 0.31860005, 0.0 ], [ 123.27997895, 0.31857653, 0.0 ], [ 123.28013971, 0.31855959, 0.0 ], [ 123.28026214, 0.31853888, 0.0 ], [ 123.28036589, 0.31853888, 0.0 ], [ 123.28048458, 0.31854264, 0.0 ], [ 123.28061076, 0.31856428, 0.0 ], [ 123.28063693, 0.31857745, 0.0 ], [ 123.28069581, 0.31860003, 0.0 ], [ 123.28073439, 0.31862799, 0.0 ], [ 123.28076591, 0.31865084, 0.0 ], [ 123.28080049, 0.31868753, 0.0 ], [ 123.28085937, 0.31870541, 0.0 ], [ 123.28094723, 0.31869317, 0.0 ], [ 123.28101545, 0.3186847, 0.0 ], [ 123.28110985, 0.31865741, 0.0 ], [ 123.28117561, 0.31862799, 0.0 ], [ 123.28118555, 0.31862354, 0.0 ], [ 123.28125004, 0.31858966, 0.0 ], [ 123.28127808, 0.31856238, 0.0 ], [ 123.28128369, 0.31853227, 0.0 ], [ 123.28129958, 0.31849181, 0.0 ], [ 123.28133883, 0.31844664, 0.0 ], [ 123.28138182, 0.31840054, 0.0 ], [ 123.28142294, 0.31835349, 0.0 ], [ 123.28151079, 0.31828292, 0.0 ], [ 123.28157902, 0.31823493, 0.0 ], [ 123.28166874, 0.31817659, 0.0 ], [ 123.28174819, 0.31813049, 0.0 ], [ 123.28182202, 0.31809849, 0.0 ], [ 123.28191455, 0.31806274, 0.0 ], [ 123.28205194, 0.31801192, 0.0 ], [ 123.28215942, 0.31798464, 0.0 ], [ 123.28216763, 0.31798252, 0.0 ], [ 123.28224353, 0.31796299, 0.0 ], [ 123.28236129, 0.317931, 0.0 ], [ 123.28248466, 0.31789148, 0.0 ], [ 123.28261364, 0.31785666, 0.0 ], [ 123.28272486, 0.31781714, 0.0 ], [ 123.28283421, 0.31778514, 0.0 ], [ 123.2829258, 0.31774845, 0.0 ], [ 123.28296893, 0.31772363, 0.0 ], [ 123.2829716, 0.3177221, 0.0 ], [ 123.28304263, 0.31764306, 0.0 ], [ 123.28313048, 0.31756308, 0.0 ], [ 123.28324263, 0.31750098, 0.0 ], [ 123.28335011, 0.3174671, 0.0 ], [ 123.28348096, 0.31745675, 0.0 ], [ 123.2835791, 0.3174257, 0.0 ], [ 123.28368284, 0.31739088, 0.0 ], [ 123.28378752, 0.31736171, 0.0 ], [ 123.28388472, 0.31734853, 0.0 ], [ 123.28402117, 0.31735323, 0.0 ], [ 123.28416791, 0.31735135, 0.0 ], [ 123.28425389, 0.317341, 0.0 ], [ 123.28436137, 0.31733158, 0.0 ], [ 123.28447727, 0.31729394, 0.0 ], [ 123.28456699, 0.31724501, 0.0 ], [ 123.28467447, 0.31720267, 0.0 ], [ 123.28480625, 0.31717726, 0.0 ], [ 123.28486258, 0.31717169, 0.0 ], [ 123.28491093, 0.31716691, 0.0 ], [ 123.28499598, 0.31716314, 0.0 ], [ 123.28508757, 0.31714809, 0.0 ], [ 123.28519786, 0.3171255, 0.0 ], [ 123.28529973, 0.31710009, 0.0 ], [ 123.28540628, 0.31706716, 0.0 ], [ 123.28549507, 0.31704363, 0.0 ], [ 123.28563713, 0.31699847, 0.0 ], [ 123.28576797, 0.31699188, 0.0 ], [ 123.28587546, 0.31702575, 0.0 ], [ 123.28593621, 0.31708126, 0.0 ], [ 123.28599883, 0.31716594, 0.0 ], [ 123.28605117, 0.31726285, 0.0 ], [ 123.28609884, 0.31734377, 0.0 ], [ 123.28613155, 0.3174021, 0.0 ], [ 123.28617361, 0.31744821, 0.0 ], [ 123.28619885, 0.31746796, 0.0 ], [ 123.28624278, 0.31748114, 0.0 ], [ 123.28634745, 0.31747737, 0.0 ], [ 123.28646896, 0.31746796, 0.0 ], [ 123.28660167, 0.31745478, 0.0 ], [ 123.28672971, 0.31743031, 0.0 ], [ 123.28686336, 0.31739361, 0.0 ], [ 123.28700262, 0.31736538, 0.0 ], [ 123.2871073, 0.31735409, 0.0 ], [ 123.28718394, 0.31732398, 0.0 ], [ 123.28731759, 0.31726564, 0.0 ], [ 123.28740451, 0.31720259, 0.0 ], [ 123.28743815, 0.31714332, 0.0 ], [ 123.28746899, 0.3170624, 0.0 ], [ 123.28748955, 0.31696454, 0.0 ], [ 123.28750637, 0.31689774, 0.0 ], [ 123.28753347, 0.31682623, 0.0 ], [ 123.28753917, 0.31681928, 0.0 ], [ 123.28756432, 0.31678859, 0.0 ], [ 123.28761198, 0.31676036, 0.0 ], [ 123.28767647, 0.31674154, 0.0 ], [ 123.28772227, 0.3167406, 0.0 ], [ 123.28781573, 0.3167406, 0.0 ], [ 123.2879391, 0.31671989, 0.0 ], [ 123.28832497, 0.31666096, 0.0 ], [ 123.28833099, 0.316665, 0.0 ], [ 123.28833582, 0.31666824, 0.0 ], [ 123.28834115, 0.31667181, 0.0 ], [ 123.28834735, 0.31667597, 0.0 ], [ 123.28834921, 0.31667723, 0.0 ], [ 123.28835505, 0.31667905, 0.0 ], [ 123.28836313, 0.31667905, 0.0 ], [ 123.28836741, 0.31667905, 0.0 ], [ 123.288374, 0.31668, 0.0 ], [ 123.28838067, 0.31668155, 0.0 ], [ 123.28839546, 0.31668499, 0.0 ], [ 123.28842903, 0.31669279, 0.0 ], [ 123.28845815, 0.31669955, 0.0 ], [ 123.28847533, 0.31670354, 0.0 ], [ 123.28848177, 0.31670504, 0.0 ], [ 123.28848673, 0.31670619, 0.0 ], [ 123.28849349, 0.31670959, 0.0 ], [ 123.28850348, 0.31671462, 0.0 ], [ 123.28850956, 0.31671768, 0.0 ], [ 123.28851565, 0.31672074, 0.0 ], [ 123.28852031, 0.31672309, 0.0 ], [ 123.28852791, 0.31672428, 0.0 ], [ 123.2885486, 0.31672428, 0.0 ], [ 123.28855906, 0.31672428, 0.0 ], [ 123.28856833, 0.31672428, 0.0 ], [ 123.2885766, 0.31672428, 0.0 ], [ 123.28858463, 0.31672347, 0.0 ], [ 123.28861102, 0.31672082, 0.0 ], [ 123.28863755, 0.31671814, 0.0 ], [ 123.28865069, 0.31671682, 0.0 ], [ 123.28866239, 0.31671564, 0.0 ], [ 123.28866647, 0.31671523, 0.0 ], [ 123.2886865, 0.31671523, 0.0 ], [ 123.28869697, 0.31671523, 0.0 ], [ 123.28870553, 0.31671523, 0.0 ], [ 123.2887114, 0.31671523, 0.0 ], [ 123.28871777, 0.31671694, 0.0 ], [ 123.28873456, 0.31672145, 0.0 ], [ 123.28874821, 0.31672511, 0.0 ], [ 123.28876807, 0.31673044, 0.0 ], [ 123.2888081, 0.31674119, 0.0 ], [ 123.28882906, 0.31674681, 0.0 ], [ 123.2888407, 0.31674994, 0.0 ], [ 123.28885092, 0.31675178, 0.0 ], [ 123.28886674, 0.31675301, 0.0 ], [ 123.28889411, 0.31675512, 0.0 ], [ 123.28891254, 0.31675655, 0.0 ], [ 123.28893138, 0.31675801, 0.0 ], [ 123.28894416, 0.316759, 0.0 ], [ 123.28895558, 0.31675988, 0.0 ], [ 123.2889594, 0.31676018, 0.0 ], [ 123.2889674, 0.31675973, 0.0 ], [ 123.28899458, 0.31675517, 0.0 ], [ 123.28901448, 0.31675183, 0.0 ], [ 123.28902777, 0.31674869, 0.0 ], [ 123.28903633, 0.31674653, 0.0 ], [ 123.28904209, 0.31674508, 0.0 ], [ 123.28904903, 0.31674334, 0.0 ], [ 123.28905506, 0.31674236, 0.0 ], [ 123.28906189, 0.31674236, 0.0 ], [ 123.2890655, 0.31674104, 0.0 ], [ 123.28908636, 0.3167334, 0.0 ], [ 123.2891255, 0.31671907, 0.0 ], [ 123.28914352, 0.31671248, 0.0 ], [ 123.28915553, 0.31670808, 0.0 ], [ 123.28916074, 0.31670617, 0.0 ], [ 123.28916458, 0.31670327, 0.0 ], [ 123.28917858, 0.3166927, 0.0 ], [ 123.28918593, 0.31668715, 0.0 ], [ 123.28918984, 0.31668419, 0.0 ], [ 123.28919669, 0.31667903, 0.0 ], [ 123.28920584, 0.3166778, 0.0 ], [ 123.28922058, 0.31667582, 0.0 ], [ 123.289247, 0.31667227, 0.0 ], [ 123.28927536, 0.31666847, 0.0 ], [ 123.2892977, 0.31666547, 0.0 ], [ 123.28931935, 0.31666256, 0.0 ], [ 123.28932709, 0.31666152, 0.0 ], [ 123.28934454, 0.31665552, 0.0 ], [ 123.28935416, 0.31665153, 0.0 ], [ 123.28935893, 0.31664955, 0.0 ], [ 123.28940768, 0.31662934, 0.0 ], [ 123.2894552, 0.31660964, 0.0 ], [ 123.28949382, 0.31659332, 0.0 ], [ 123.28951738, 0.31658278, 0.0 ], [ 123.28952807, 0.31657799, 0.0 ], [ 123.28954882, 0.31656871, 0.0 ], [ 123.2895788, 0.31655453, 0.0 ], [ 123.28964314, 0.31652214, 0.0 ], [ 123.28965869, 0.31651431, 0.0 ], [ 123.28967298, 0.31650712, 0.0 ], [ 123.28968369, 0.31649482, 0.0 ], [ 123.28969234, 0.31649086, 0.0 ], [ 123.28970492, 0.3164851, 0.0 ], [ 123.28971784, 0.31647919, 0.0 ], [ 123.2897273, 0.31647486, 0.0 ], [ 123.28973589, 0.31647093, 0.0 ], [ 123.28974863, 0.31646852, 0.0 ], [ 123.28975722, 0.3164669, 0.0 ], [ 123.28979185, 0.31646036, 0.0 ], [ 123.28980554, 0.31645778, 0.0 ], [ 123.28982906, 0.31645334, 0.0 ], [ 123.28984713, 0.31644993, 0.0 ], [ 123.28986171, 0.31644717, 0.0 ], [ 123.28987424, 0.31644481, 0.0 ], [ 123.28988993, 0.31644472, 0.0 ], [ 123.28989993, 0.31644564, 0.0 ], [ 123.28993913, 0.31644922, 0.0 ], [ 123.2899554, 0.31645071, 0.0 ], [ 123.28996328, 0.31645143, 0.0 ], [ 123.28997319, 0.31645234, 0.0 ], [ 123.28998967, 0.31644161, 0.0 ], [ 123.28999413, 0.31643712, 0.0 ], [ 123.29000162, 0.31642958, 0.0 ], [ 123.29001, 0.31642114, 0.0 ], [ 123.29001838, 0.31641271, 0.0 ], [ 123.29002346, 0.31640759, 0.0 ], [ 123.2900353, 0.31639965, 0.0 ], [ 123.29005258, 0.31638804, 0.0 ], [ 123.29006624, 0.31637887, 0.0 ], [ 123.29007201, 0.31637501, 0.0 ], [ 123.29007738, 0.3163714, 0.0 ], [ 123.2900794, 0.31636633, 0.0 ], [ 123.29008313, 0.31635692, 0.0 ], [ 123.29009199, 0.31633464, 0.0 ], [ 123.2900971, 0.31632176, 0.0 ], [ 123.29010197, 0.3163095, 0.0 ], [ 123.29010517, 0.31630145, 0.0 ], [ 123.29010802, 0.31629427, 0.0 ], [ 123.29011071, 0.31628752, 0.0 ], [ 123.29011216, 0.31628387, 0.0 ], [ 123.29011179, 0.31627629, 0.0 ], [ 123.29011012, 0.31627123, 0.0 ], [ 123.2901089, 0.31626756, 0.0 ], [ 123.29010548, 0.31625722, 0.0 ], [ 123.29010259, 0.3162485, 0.0 ], [ 123.29009981, 0.3162401, 0.0 ], [ 123.29009742, 0.31623288, 0.0 ], [ 123.29009776, 0.31622179, 0.0 ], [ 123.29010118, 0.3162149, 0.0 ], [ 123.29010434, 0.31620855, 0.0 ], [ 123.29011067, 0.3161958, 0.0 ], [ 123.29011317, 0.31619077, 0.0 ], [ 123.2901179, 0.31618435, 0.0 ], [ 123.2901286, 0.31617897, 0.0 ], [ 123.29013573, 0.31617538, 0.0 ], [ 123.29014179, 0.31617143, 0.0 ], [ 123.29014964, 0.31616353, 0.0 ], [ 123.29015788, 0.31614588, 0.0 ], [ 123.29022237, 0.31613176, 0.0 ], [ 123.29035602, 0.31607719, 0.0 ], [ 123.29046911, 0.31605272, 0.0 ], [ 123.29057939, 0.31607718, 0.0 ], [ 123.29062799, 0.31609035, 0.0 ], [ 123.29066631, 0.31607435, 0.0 ], [ 123.29068343, 0.31606551, 0.0 ], [ 123.29068273, 0.31606199, 0.0 ], [ 123.29068007, 0.3160486, 0.0 ], [ 123.29067724, 0.31603437, 0.0 ], [ 123.29067529, 0.31602457, 0.0 ], [ 123.29067392, 0.31601766, 0.0 ], [ 123.29067271, 0.31601159, 0.0 ], [ 123.29067169, 0.31600646, 0.0 ], [ 123.29067267, 0.31600282, 0.0 ], [ 123.29067338, 0.31599981, 0.0 ], [ 123.29067411, 0.31599681, 0.0 ], [ 123.29067604, 0.31599487, 0.0 ], [ 123.29067918, 0.31599171, 0.0 ], [ 123.29068374, 0.31598711, 0.0 ], [ 123.29068847, 0.31598235, 0.0 ], [ 123.29069119, 0.31598053, 0.0 ], [ 123.29069422, 0.31597849, 0.0 ], [ 123.2907042, 0.3159718, 0.0 ], [ 123.29071299, 0.3159659, 0.0 ], [ 123.29071766, 0.31596394, 0.0 ], [ 123.2907294, 0.31596225, 0.0 ], [ 123.29074616, 0.31595984, 0.0 ], [ 123.29075379, 0.31595874, 0.0 ], [ 123.29075988, 0.31595786, 0.0 ], [ 123.29076857, 0.31595661, 0.0 ], [ 123.29077334, 0.31595593, 0.0 ], [ 123.29077981, 0.31595521, 0.0 ], [ 123.29078666, 0.31595521, 0.0 ], [ 123.29079622, 0.31595521, 0.0 ], [ 123.29080649, 0.31595521, 0.0 ], [ 123.29082033, 0.31595521, 0.0 ], [ 123.29082775, 0.31595521, 0.0 ], [ 123.29084644, 0.31595521, 0.0 ], [ 123.29085171, 0.31595521, 0.0 ], [ 123.29085514, 0.31595521, 0.0 ], [ 123.29085685, 0.31595521, 0.0 ], [ 123.29086095, 0.31595434, 0.0 ], [ 123.29086654, 0.31595152, 0.0 ], [ 123.29087088, 0.31594934, 0.0 ], [ 123.29087367, 0.31594793, 0.0 ], [ 123.29087719, 0.31594616, 0.0 ], [ 123.29087896, 0.3159458, 0.0 ], [ 123.29088209, 0.31594517, 0.0 ], [ 123.29088698, 0.31594419, 0.0 ], [ 123.29089265, 0.31594304, 0.0 ], [ 123.29090119, 0.31594133, 0.0 ], [ 123.29090876, 0.3159398, 0.0 ], [ 123.29091287, 0.31593897, 0.0 ], [ 123.29091715, 0.31593811, 0.0 ], [ 123.29091962, 0.31593761, 0.0 ], [ 123.29092213, 0.31593711, 0.0 ], [ 123.29092421, 0.31593571, 0.0 ], [ 123.29092912, 0.31593242, 0.0 ], [ 123.29093909, 0.31592572, 0.0 ], [ 123.2909437, 0.31592263, 0.0 ], [ 123.29094909, 0.31591901, 0.0 ], [ 123.29095305, 0.31591702, 0.0 ], [ 123.29095721, 0.31591492, 0.0 ], [ 123.29095842, 0.31591432, 0.0 ], [ 123.29096218, 0.31591242, 0.0 ], [ 123.2909692, 0.31590889, 0.0 ], [ 123.2909732, 0.31590688, 0.0 ], [ 123.29097799, 0.31590447, 0.0 ], [ 123.29098061, 0.31590314, 0.0 ], [ 123.29098255, 0.31590217, 0.0 ], [ 123.29098503, 0.31590092, 0.0 ], [ 123.29098853, 0.31590092, 0.0 ], [ 123.29099152, 0.31590092, 0.0 ], [ 123.29099424, 0.31590092, 0.0 ], [ 123.2909978, 0.31590092, 0.0 ], [ 123.29100451, 0.31590092, 0.0 ], [ 123.29101036, 0.31590092, 0.0 ], [ 123.29101563, 0.31590092, 0.0 ], [ 123.29101806, 0.31590092, 0.0 ], [ 123.29102098, 0.31590092, 0.0 ], [ 123.2910232, 0.3159006, 0.0 ], [ 123.29102993, 0.31589963, 0.0 ], [ 123.29103712, 0.3158986, 0.0 ], [ 123.2910426, 0.31589781, 0.0 ], [ 123.29105284, 0.31589633, 0.0 ], [ 123.29105933, 0.3158954, 0.0 ], [ 123.29106577, 0.31589448, 0.0 ], [ 123.29106976, 0.3158939, 0.0 ], [ 123.29107739, 0.3158928, 0.0 ], [ 123.29107951, 0.3158925, 0.0 ], [ 123.29108134, 0.31589224, 0.0 ], [ 123.29108645, 0.3158923, 0.0 ], [ 123.29110223, 0.31589495, 0.0 ], [ 123.29110695, 0.31589574, 0.0 ], [ 123.29111866, 0.3158977, 0.0 ], [ 123.29112824, 0.31589931, 0.0 ], [ 123.29113353, 0.3159002, 0.0 ], [ 123.29113781, 0.31590091, 0.0 ], [ 123.29114531, 0.31590343, 0.0 ], [ 123.29115203, 0.31590569, 0.0 ], [ 123.29115593, 0.31590699, 0.0 ], [ 123.29115948, 0.31590819, 0.0 ], [ 123.29116145, 0.31590885, 0.0 ], [ 123.29116337, 0.31590949, 0.0 ], [ 123.29116804, 0.31590886, 0.0 ], [ 123.29117434, 0.31590675, 0.0 ], [ 123.29118165, 0.31590429, 0.0 ], [ 123.29118688, 0.31590254, 0.0 ], [ 123.29119173, 0.31590091, 0.0 ], [ 123.29119615, 0.31590002, 0.0 ], [ 123.29120141, 0.31589896, 0.0 ], [ 123.29120665, 0.31589791, 0.0 ], [ 123.29121584, 0.31589606, 0.0 ], [ 123.29122717, 0.31589378, 0.0 ], [ 123.29123247, 0.31589271, 0.0 ], [ 123.29123666, 0.31589186, 0.0 ], [ 123.29123848, 0.31589186, 0.0 ], [ 123.2912439, 0.31589186, 0.0 ], [ 123.29124789, 0.31589186, 0.0 ], [ 123.29125289, 0.31589186, 0.0 ], [ 123.29125617, 0.31589186, 0.0 ], [ 123.29125902, 0.31589186, 0.0 ], [ 123.29126145, 0.31589186, 0.0 ], [ 123.29126486, 0.31589062, 0.0 ], [ 123.2912675, 0.31588796, 0.0 ], [ 123.29127106, 0.31588437, 0.0 ], [ 123.29127564, 0.31588053, 0.0 ], [ 123.29127977, 0.31587741, 0.0 ], [ 123.29128477, 0.31587363, 0.0 ], [ 123.29129011, 0.3158696, 0.0 ], [ 123.2912947, 0.31586614, 0.0 ], [ 123.29130524, 0.31585817, 0.0 ], [ 123.29130856, 0.31585567, 0.0 ], [ 123.29131387, 0.315853, 0.0 ], [ 123.29132283, 0.31584849, 0.0 ], [ 123.2913351, 0.31584231, 0.0 ], [ 123.29134206, 0.31583881, 0.0 ], [ 123.29135142, 0.3158341, 0.0 ], [ 123.2913589, 0.31583033, 0.0 ], [ 123.29136626, 0.31582663, 0.0 ], [ 123.29137099, 0.31582424, 0.0 ], [ 123.29137579, 0.31582183, 0.0 ], [ 123.29138045, 0.31581948, 0.0 ], [ 123.29138177, 0.31581816, 0.0 ], [ 123.29138533, 0.31581457, 0.0 ], [ 123.29138776, 0.31581212, 0.0 ], [ 123.29139124, 0.31580922, 0.0 ], [ 123.29139381, 0.3158075, 0.0 ], [ 123.2914048, 0.31580012, 0.0 ], [ 123.29141231, 0.31579508, 0.0 ], [ 123.29141639, 0.31579234, 0.0 ], [ 123.29142246, 0.31578725, 0.0 ], [ 123.29142746, 0.31578306, 0.0 ], [ 123.29143232, 0.31577898, 0.0 ], [ 123.29144017, 0.31577239, 0.0 ], [ 123.29144417, 0.31576904, 0.0 ], [ 123.29145012, 0.31576404, 0.0 ], [ 123.29145494, 0.31576001, 0.0 ], [ 123.29145819, 0.31575727, 0.0 ], [ 123.2914618, 0.31575425, 0.0 ], [ 123.29146754, 0.31574943, 0.0 ], [ 123.29147202, 0.3157471, 0.0 ], [ 123.29147872, 0.3157471, 0.0 ], [ 123.29148885, 0.3157471, 0.0 ], [ 123.29150098, 0.3157471, 0.0 ], [ 123.29151196, 0.3157471, 0.0 ], [ 123.29152124, 0.3157471, 0.0 ], [ 123.29152808, 0.3157471, 0.0 ], [ 123.29153094, 0.3157471, 0.0 ], [ 123.29153571, 0.31574585, 0.0 ], [ 123.29154108, 0.31574315, 0.0 ], [ 123.29154724, 0.31574004, 0.0 ], [ 123.29155119, 0.31573805, 0.0 ], [ 123.29155274, 0.31573649, 0.0 ], [ 123.29155617, 0.31573305, 0.0 ], [ 123.29155866, 0.31573053, 0.0 ], [ 123.29156289, 0.31572901, 0.0 ], [ 123.29157103, 0.31572901, 0.0 ], [ 123.29158444, 0.315729, 0.0 ], [ 123.29159314, 0.315729, 0.0 ], [ 123.29160027, 0.31572901, 0.0 ], [ 123.29160955, 0.315729, 0.0 ], [ 123.29161583, 0.31572959, 0.0 ], [ 123.29162944, 0.31573415, 0.0 ], [ 123.29164266, 0.31573845, 0.0 ], [ 123.29166331, 0.31574365, 0.0 ], [ 123.2916725, 0.31574596, 0.0 ], [ 123.29167499, 0.31574659, 0.0 ], [ 123.29167988, 0.3157471, 0.0 ], [ 123.29170313, 0.3157471, 0.0 ], [ 123.29171426, 0.3157471, 0.0 ], [ 123.29172667, 0.3157471, 0.0 ], [ 123.29173823, 0.3157471, 0.0 ], [ 123.29174382, 0.31574644, 0.0 ], [ 123.29177001, 0.31574205, 0.0 ], [ 123.29178222, 0.31573999, 0.0 ], [ 123.29178655, 0.31573927, 0.0 ], [ 123.29179108, 0.31573851, 0.0 ], [ 123.29179384, 0.31573805, 0.0 ], [ 123.29179758, 0.31573805, 0.0 ], [ 123.29179958, 0.3157378, 0.0 ], [ 123.29180086, 0.31573708, 0.0 ], [ 123.29180257, 0.31573507, 0.0 ], [ 123.29180343, 0.31573191, 0.0 ], [ 123.29180414, 0.31573033, 0.0 ], [ 123.29180571, 0.31572861, 0.0 ], [ 123.29180814, 0.31572717, 0.0 ], [ 123.29181227, 0.31572559, 0.0 ], [ 123.29182069, 0.31572344, 0.0 ], [ 123.29182578, 0.31572129, 0.0 ], [ 123.29182826, 0.31572046, 0.0 ], [ 123.29183164, 0.31571809, 0.0 ], [ 123.29183663, 0.31571306, 0.0 ], [ 123.29183884, 0.31571083, 0.0 ], [ 123.29184333, 0.31570631, 0.0 ], [ 123.29184547, 0.31570415, 0.0 ], [ 123.29185079, 0.31570186, 0.0 ], [ 123.29185864, 0.31570186, 0.0 ], [ 123.29186848, 0.31570186, 0.0 ], [ 123.29187619, 0.31570186, 0.0 ], [ 123.29188246, 0.31570186, 0.0 ], [ 123.29189017, 0.31570186, 0.0 ], [ 123.29189844, 0.31570186, 0.0 ], [ 123.29190615, 0.31570186, 0.0 ], [ 123.29191028, 0.31570185, 0.0 ], [ 123.29191556, 0.31570003, 0.0 ], [ 123.29191856, 0.31569931, 0.0 ], [ 123.29192167, 0.31569779, 0.0 ], [ 123.29192287, 0.31569537, 0.0 ], [ 123.29192635, 0.31568837, 0.0 ], [ 123.29192864, 0.31568376, 0.0 ], [ 123.29193043, 0.31568196, 0.0 ], [ 123.29193271, 0.31567966, 0.0 ], [ 123.29193549, 0.31567686, 0.0 ], [ 123.29193892, 0.31567341, 0.0 ], [ 123.29194141, 0.3156709, 0.0 ], [ 123.29194377, 0.31566853, 0.0 ], [ 123.29194541, 0.31566688, 0.0 ], [ 123.29194994, 0.31566566, 0.0 ], [ 123.29195365, 0.31566566, 0.0 ], [ 123.29195807, 0.31566566, 0.0 ], [ 123.29196164, 0.31566566, 0.0 ], [ 123.29196671, 0.31566481, 0.0 ], [ 123.29197116, 0.31566302, 0.0 ], [ 123.29197716, 0.3156606, 0.0 ], [ 123.2919825, 0.31565845, 0.0 ], [ 123.29198742, 0.31565647, 0.0 ], [ 123.29199123, 0.31565493, 0.0 ], [ 123.29199642, 0.31565284, 0.0 ], [ 123.29200006, 0.31565138, 0.0 ], [ 123.2920036, 0.31564995, 0.0 ], [ 123.29200658, 0.31564875, 0.0 ], [ 123.29201197, 0.31564881, 0.0 ], [ 123.29201625, 0.31565096, 0.0 ], [ 123.29202276, 0.31565423, 0.0 ], [ 123.29202618, 0.31565596, 0.0 ], [ 123.29202749, 0.31565661, 0.0 ], [ 123.29203118, 0.31566032, 0.0 ], [ 123.29203367, 0.31566284, 0.0 ], [ 123.29203648, 0.31566566, 0.0 ], [ 123.29203939, 0.31566566, 0.0 ], [ 123.29204852, 0.31566566, 0.0 ], [ 123.29205494, 0.31566566, 0.0 ], [ 123.29206179, 0.31566566, 0.0 ], [ 123.29206864, 0.31566566, 0.0 ], [ 123.29207243, 0.31566566, 0.0 ], [ 123.2920785, 0.31566688, 0.0 ], [ 123.292083, 0.31566779, 0.0 ], [ 123.29209143, 0.31566949, 0.0 ], [ 123.29209683, 0.31567057, 0.0 ], [ 123.29210281, 0.31567178, 0.0 ], [ 123.29210775, 0.31567277, 0.0 ], [ 123.29211137, 0.3156735, 0.0 ], [ 123.29211401, 0.31567402, 0.0 ], [ 123.29211658, 0.31567589, 0.0 ], [ 123.29211772, 0.31567963, 0.0 ], [ 123.29211872, 0.3156825, 0.0 ], [ 123.29212071, 0.31568451, 0.0 ], [ 123.29212328, 0.31568594, 0.0 ], [ 123.29212885, 0.31568767, 0.0 ], [ 123.29213527, 0.31568982, 0.0 ], [ 123.29214183, 0.31569169, 0.0 ], [ 123.29214411, 0.31569284, 0.0 ], [ 123.29214825, 0.31569729, 0.0 ], [ 123.29215181, 0.31570016, 0.0 ], [ 123.29215552, 0.31570146, 0.0 ], [ 123.29215995, 0.31570217, 0.0 ], [ 123.29217421, 0.31570185, 0.0 ], [ 123.29219533, 0.31570185, 0.0 ], [ 123.2922046, 0.31570185, 0.0 ], [ 123.29221202, 0.31570185, 0.0 ], [ 123.29221621, 0.31570185, 0.0 ], [ 123.29222197, 0.31569991, 0.0 ], [ 123.29222736, 0.3156981, 0.0 ], [ 123.2922331, 0.31569618, 0.0 ], [ 123.29223764, 0.31569466, 0.0 ], [ 123.29224115, 0.31569348, 0.0 ], [ 123.292246, 0.31569375, 0.0 ], [ 123.29225131, 0.31569553, 0.0 ], [ 123.29226107, 0.3156988, 0.0 ], [ 123.29226526, 0.31570021, 0.0 ], [ 123.29226852, 0.3157013, 0.0 ], [ 123.29227294, 0.31570184, 0.0 ], [ 123.29227636, 0.31570184, 0.0 ], [ 123.29228097, 0.3157037, 0.0 ], [ 123.29228247, 0.31570521, 0.0 ], [ 123.29228568, 0.31570845, 0.0 ], [ 123.29228811, 0.31571089, 0.0 ], [ 123.29229185, 0.3157134, 0.0 ], [ 123.29229777, 0.31571738, 0.0 ], [ 123.29230189, 0.31572014, 0.0 ], [ 123.29230725, 0.31572374, 0.0 ], [ 123.29231005, 0.31572562, 0.0 ], [ 123.29231269, 0.31572739, 0.0 ], [ 123.29231716, 0.31572898, 0.0 ], [ 123.29232316, 0.31572898, 0.0 ], [ 123.29232772, 0.31572898, 0.0 ], [ 123.29233304, 0.31572898, 0.0 ], [ 123.29233928, 0.31572898, 0.0 ], [ 123.29234384, 0.31572898, 0.0 ], [ 123.29237079, 0.3157402, 0.0 ], [ 123.2924004, 0.31576051, 0.0 ], [ 123.29242469, 0.31578071, 0.0 ], [ 123.29244089, 0.31579231, 0.0 ], [ 123.29244621, 0.31580124, 0.0 ], [ 123.29246539, 0.31583342, 0.0 ], [ 123.29247105, 0.3158456, 0.0 ], [ 123.29248095, 0.31587053, 0.0 ], [ 123.29248825, 0.31589257, 0.0 ], [ 123.2924938, 0.31591492, 0.0 ], [ 123.29249681, 0.31592704, 0.0 ], [ 123.29250235, 0.31594934, 0.0 ], [ 123.29250599, 0.31596032, 0.0 ], [ 123.29251549, 0.31598262, 0.0 ], [ 123.29252324, 0.31600082, 0.0 ], [ 123.29252742, 0.31601064, 0.0 ], [ 123.29252452, 0.3160342, 0.0 ], [ 123.29251242, 0.31606466, 0.0 ], [ 123.29250261, 0.31608934, 0.0 ], [ 123.29249802, 0.3161009, 0.0 ], [ 123.29250076, 0.31611893, 0.0 ], [ 123.29251154, 0.31613702, 0.0 ], [ 123.29251662, 0.31614554, 0.0 ], [ 123.29253402, 0.31615068, 0.0 ], [ 123.29254413, 0.31614777, 0.0 ], [ 123.29256272, 0.31614242, 0.0 ], [ 123.29257478, 0.31613895, 0.0 ], [ 123.29258899, 0.31613784, 0.0 ], [ 123.2926022, 0.31614315, 0.0 ], [ 123.29262196, 0.31615111, 0.0 ], [ 123.29265392, 0.31616031, 0.0 ], [ 123.29267786, 0.31616633, 0.0 ], [ 123.29269633, 0.31617098, 0.0 ], [ 123.2927108, 0.31617384, 0.0 ], [ 123.29272808, 0.31617674, 0.0 ], [ 123.29274381, 0.31617938, 0.0 ], [ 123.29275543, 0.31618133, 0.0 ], [ 123.29279339, 0.31619088, 0.0 ], [ 123.29281431, 0.31619615, 0.0 ], [ 123.29284061, 0.31620277, 0.0 ], [ 123.29286131, 0.31620798, 0.0 ], [ 123.29288593, 0.31621417, 0.0 ], [ 123.29289298, 0.31621594, 0.0 ], [ 123.29290497, 0.31622826, 0.0 ], [ 123.29292268, 0.31626138, 0.0 ], [ 123.29293614, 0.31628653, 0.0 ], [ 123.29294742, 0.31630762, 0.0 ], [ 123.29295205, 0.31631628, 0.0 ], [ 123.29295741, 0.3163263, 0.0 ], [ 123.29296305, 0.31634708, 0.0 ], [ 123.29296689, 0.31639731, 0.0 ], [ 123.29296947, 0.31643117, 0.0 ], [ 123.29297112, 0.31645274, 0.0 ], [ 123.29297112, 0.31648299, 0.0 ], [ 123.29297112, 0.31650118, 0.0 ], [ 123.29297112, 0.31651607, 0.0 ], [ 123.29296422, 0.31653693, 0.0 ], [ 123.29295691, 0.31655375, 0.0 ], [ 123.29295044, 0.31656677, 0.0 ], [ 123.29294742, 0.31657286, 0.0 ], [ 123.29294417, 0.3165794, 0.0 ], [ 123.29293048, 0.31663216, 0.0 ], [ 123.29291505, 0.31668654, 0.0 ], [ 123.29290622, 0.31671765, 0.0 ], [ 123.29289924, 0.31674225, 0.0 ], [ 123.29289185, 0.31678319, 0.0 ], [ 123.29288764, 0.31680649, 0.0 ], [ 123.29288546, 0.31681858, 0.0 ], [ 123.29288434, 0.31682913, 0.0 ], [ 123.29288767, 0.31683631, 0.0 ], [ 123.29289575, 0.31683966, 0.0 ], [ 123.29290574, 0.31684062, 0.0 ], [ 123.29291667, 0.31683822, 0.0 ], [ 123.29293047, 0.31683535, 0.0 ], [ 123.2929395, 0.31683343, 0.0 ], [ 123.29294663, 0.31683487, 0.0 ], [ 123.29294742, 0.31683557, 0.0 ], [ 123.29295995, 0.31684684, 0.0 ], [ 123.29297374, 0.31685162, 0.0 ], [ 123.2929842, 0.31684779, 0.0 ], [ 123.29299276, 0.31684013, 0.0 ], [ 123.29300132, 0.31682817, 0.0 ], [ 123.29301321, 0.31682242, 0.0 ], [ 123.29302177, 0.31682577, 0.0 ], [ 123.29303223, 0.3168363, 0.0 ], [ 123.29304079, 0.31684396, 0.0 ], [ 123.29304983, 0.31685641, 0.0 ], [ 123.29305554, 0.31686933, 0.0 ], [ 123.2930679, 0.3168813, 0.0 ], [ 123.29307789, 0.31688849, 0.0 ], [ 123.2930874, 0.31690045, 0.0 ], [ 123.29308835, 0.31691386, 0.0 ], [ 123.29308835, 0.31695407, 0.0 ], [ 123.29308797, 0.31696843, 0.0 ], [ 123.29308797, 0.31697657, 0.0 ], [ 123.29309579, 0.31698948, 0.0 ], [ 123.29311716, 0.31699754, 0.0 ], [ 123.29313592, 0.31700463, 0.0 ], [ 123.29314436, 0.31700781, 0.0 ], [ 123.2931538, 0.31701137, 0.0 ], [ 123.29316523, 0.31702086, 0.0 ], [ 123.29317573, 0.31703496, 0.0 ], [ 123.29318315, 0.31704491, 0.0 ], [ 123.2931815, 0.31706056, 0.0 ], [ 123.29317784, 0.31706795, 0.0 ], [ 123.29317784, 0.31708046, 0.0 ], [ 123.29317784, 0.31709243, 0.0 ], [ 123.29317784, 0.31710631, 0.0 ], [ 123.29318061, 0.31712355, 0.0 ], [ 123.29318683, 0.31713647, 0.0 ], [ 123.29318471, 0.31715469, 0.0 ], [ 123.29317799, 0.31717161, 0.0 ], [ 123.29317337, 0.31718325, 0.0 ], [ 123.29316348, 0.31719821, 0.0 ], [ 123.29315684, 0.31720876, 0.0 ], [ 123.29315088, 0.31722175, 0.0 ], [ 123.29315578, 0.31724147, 0.0 ], [ 123.2931623, 0.31726771, 0.0 ], [ 123.29316649, 0.31728461, 0.0 ], [ 123.29316886, 0.31729412, 0.0 ], [ 123.29317765, 0.31730592, 0.0 ], [ 123.2931882, 0.31732009, 0.0 ], [ 123.293194, 0.31733948, 0.0 ], [ 123.29319074, 0.31735586, 0.0 ], [ 123.29318343, 0.31739269, 0.0 ], [ 123.29318006, 0.31740963, 0.0 ], [ 123.29318062, 0.31742544, 0.0 ], [ 123.29318709, 0.31743629, 0.0 ], [ 123.29319623, 0.31745164, 0.0 ], [ 123.29320085, 0.31745938, 0.0 ], [ 123.29321424, 0.31747129, 0.0 ], [ 123.29323293, 0.31748175, 0.0 ], [ 123.29325033, 0.31749148, 0.0 ], [ 123.29327113, 0.31750311, 0.0 ], [ 123.29328017, 0.31750817, 0.0 ], [ 123.29328569, 0.31752234, 0.0 ], [ 123.29328569, 0.31754101, 0.0 ], [ 123.29329063, 0.31755407, 0.0 ], [ 123.29330278, 0.31757038, 0.0 ], [ 123.29330895, 0.31757865, 0.0 ], [ 123.29331265, 0.3175908, 0.0 ], [ 123.29331265, 0.31762958, 0.0 ], [ 123.29331265, 0.31765543, 0.0 ], [ 123.29333104, 0.31767431, 0.0 ], [ 123.29334379, 0.31770416, 0.0 ], [ 123.29334701, 0.31772036, 0.0 ], [ 123.29334514, 0.31773537, 0.0 ], [ 123.29333639, 0.31775298, 0.0 ], [ 123.2933275, 0.31777008, 0.0 ], [ 123.29331949, 0.31778421, 0.0 ], [ 123.2933012, 0.31781644, 0.0 ], [ 123.2932973, 0.31782329, 0.0 ], [ 123.29329469, 0.31783305, 0.0 ], [ 123.29329469, 0.31784262, 0.0 ], [ 123.29329469, 0.31784981, 0.0 ], [ 123.29328193, 0.31785505, 0.0 ], [ 123.29327404, 0.31785977, 0.0 ], [ 123.29325797, 0.31788807, 0.0 ], [ 123.29324989, 0.3179023, 0.0 ], [ 123.29324077, 0.31791838, 0.0 ], [ 123.29323049, 0.31792872, 0.0 ], [ 123.29322279, 0.31793647, 0.0 ], [ 123.29320695, 0.31795242, 0.0 ], [ 123.29319697, 0.31796248, 0.0 ], [ 123.29319126, 0.31796822, 0.0 ], [ 123.29318431, 0.31798546, 0.0 ], [ 123.29317786, 0.3180179, 0.0 ], [ 123.29317786, 0.31804753, 0.0 ], [ 123.29317786, 0.31806314, 0.0 ], [ 123.29318324, 0.31809019, 0.0 ], [ 123.29318685, 0.31810837, 0.0 ], [ 123.2931812, 0.31815388, 0.0 ], [ 123.29317882, 0.31817309, 0.0 ], [ 123.29317787, 0.31818075, 0.0 ], [ 123.29316272, 0.31820108, 0.0 ], [ 123.29315376, 0.31821311, 0.0 ], [ 123.29314911, 0.31822238, 0.0 ], [ 123.29314563, 0.31823287, 0.0 ], [ 123.29314364, 0.31824983, 0.0 ], [ 123.29315233, 0.31827899, 0.0 ], [ 123.29316252, 0.31831321, 0.0 ], [ 123.29316563, 0.31832361, 0.0 ], [ 123.29317768, 0.31834636, 0.0 ], [ 123.29319965, 0.31837585, 0.0 ], [ 123.29322368, 0.31840809, 0.0 ], [ 123.29324177, 0.31843238, 0.0 ], [ 123.29325963, 0.31845635, 0.0 ], [ 123.2932723, 0.31847336, 0.0 ], [ 123.29329021, 0.318494, 0.0 ], [ 123.29334038, 0.31854872, 0.0 ], [ 123.29341224, 0.31862825, 0.0 ], [ 123.2935115, 0.31874066, 0.0 ], [ 123.2935251, 0.31875605, 0.0 ], [ 123.2935438, 0.31878659, 0.0 ], [ 123.29357262, 0.31883671, 0.0 ], [ 123.29360232, 0.31888834, 0.0 ], [ 123.2936443, 0.31896174, 0.0 ], [ 123.29370868, 0.31906995, 0.0 ], [ 123.29373964, 0.31912093, 0.0 ], [ 123.29375103, 0.3191397, 0.0 ], [ 123.29375698, 0.3191495, 0.0 ], [ 123.29376619, 0.31917247, 0.0 ], [ 123.29379799, 0.31928449, 0.0 ], [ 123.29380783, 0.31931485, 0.0 ], [ 123.29382517, 0.31938032, 0.0 ], [ 123.29383335, 0.31941119, 0.0 ], [ 123.29383913, 0.319433, 0.0 ], [ 123.29384612, 0.31945376, 0.0 ], [ 123.29386942, 0.31950068, 0.0 ], [ 123.2938757, 0.31951332, 0.0 ], [ 123.29388444, 0.31952364, 0.0 ], [ 123.29392392, 0.31955146, 0.0 ], [ 123.29395887, 0.31957609, 0.0 ], [ 123.29397701, 0.31958766, 0.0 ], [ 123.29399901, 0.31959997, 0.0 ], [ 123.29401896, 0.31961113, 0.0 ], [ 123.29404012, 0.31962296, 0.0 ], [ 123.29405902, 0.31962895, 0.0 ], [ 123.29411096, 0.31963268, 0.0 ], [ 123.29412945, 0.31963401, 0.0 ], [ 123.29415783, 0.31963605, 0.0 ], [ 123.29417544, 0.31963732, 0.0 ], [ 123.29420349, 0.31964166, 0.0 ], [ 123.29424768, 0.31966073, 0.0 ], [ 123.29427913, 0.3196743, 0.0 ], [ 123.29429899, 0.31968287, 0.0 ], [ 123.29431529, 0.3196899, 0.0 ], [ 123.29434619, 0.31970064, 0.0 ], [ 123.2943666, 0.31971051, 0.0 ], [ 123.29439614, 0.31972042, 0.0 ], [ 123.29442453, 0.31972994, 0.0 ], [ 123.29444505, 0.31973683, 0.0 ], [ 123.29446743, 0.31974736, 0.0 ], [ 123.29449881, 0.31975789, 0.0 ], [ 123.29454104, 0.31977206, 0.0 ], [ 123.294576, 0.31978378, 0.0 ], [ 123.29461637, 0.31979733, 0.0 ], [ 123.29463806, 0.31980461, 0.0 ], [ 123.29465846, 0.31981145, 0.0 ], [ 123.2946683, 0.31981476, 0.0 ], [ 123.29468849, 0.31983091, 0.0 ], [ 123.29471089, 0.31985991, 0.0 ], [ 123.29473425, 0.31989014, 0.0 ], [ 123.294748, 0.3199061, 0.0 ], [ 123.29476858, 0.31992681, 0.0 ], [ 123.29478651, 0.3199569, 0.0 ], [ 123.29480354, 0.31997688, 0.0 ], [ 123.29484047, 0.31999919, 0.0 ], [ 123.29487184, 0.32001497, 0.0 ], [ 123.29491178, 0.32003508, 0.0 ], [ 123.29495325, 0.32005595, 0.0 ], [ 123.29499034, 0.32007462, 0.0 ], [ 123.29503238, 0.32009578, 0.0 ], [ 123.29505616, 0.32010775, 0.0 ], [ 123.29510644, 0.32013157, 0.0 ], [ 123.29513026, 0.32014285, 0.0 ], [ 123.29516046, 0.32015716, 0.0 ], [ 123.29517949, 0.32016617, 0.0 ], [ 123.29518779, 0.3201701, 0.0 ], [ 123.29519608, 0.32018461, 0.0 ], [ 123.29520565, 0.32020328, 0.0 ], [ 123.29520285, 0.32022299, 0.0 ], [ 123.29520091, 0.32023666, 0.0 ], [ 123.29521423, 0.32025184, 0.0 ], [ 123.29523265, 0.32026266, 0.0 ], [ 123.29526426, 0.32028122, 0.0 ], [ 123.29529703, 0.32030046, 0.0 ], [ 123.29531591, 0.32031359, 0.0 ], [ 123.29533809, 0.32033219, 0.0 ], [ 123.29536171, 0.32035201, 0.0 ], [ 123.29539859, 0.32036439, 0.0 ], [ 123.29542413, 0.32037295, 0.0 ], [ 123.2954426, 0.32037915, 0.0 ], [ 123.2954875, 0.32038531, 0.0 ], [ 123.29551997, 0.32038977, 0.0 ], [ 123.29555085, 0.32039401, 0.0 ], [ 123.2956026, 0.32040111, 0.0 ], [ 123.29562612, 0.32040434, 0.0 ], [ 123.2956403, 0.32040629, 0.0 ], [ 123.29566296, 0.32040303, 0.0 ], [ 123.29569918, 0.32039782, 0.0 ], [ 123.29574598, 0.32039109, 0.0 ], [ 123.29576612, 0.32038819, 0.0 ], [ 123.29577721, 0.32038819, 0.0 ], [ 123.29579308, 0.32038819, 0.0 ], [ 123.29584995, 0.32035547, 0.0 ], [ 123.29589563, 0.32032919, 0.0 ], [ 123.2959407, 0.32030418, 0.0 ], [ 123.29601009, 0.3202672, 0.0 ], [ 123.29607167, 0.32023438, 0.0 ], [ 123.29611396, 0.32020147, 0.0 ], [ 123.29617336, 0.32015526, 0.0 ], [ 123.29623834, 0.32010471, 0.0 ], [ 123.29626937, 0.32008057, 0.0 ], [ 123.29632289, 0.32002351, 0.0 ], [ 123.2963874, 0.31995475, 0.0 ], [ 123.29642214, 0.31991772, 0.0 ], [ 123.29645751, 0.31988719, 0.0 ], [ 123.29648649, 0.31986218, 0.0 ], [ 123.29651614, 0.3198366, 0.0 ], [ 123.29653497, 0.31982035, 0.0 ], [ 123.29654068, 0.31981542, 0.0 ], [ 123.29654795, 0.31980915, 0.0 ], [ 123.29657985, 0.31976098, 0.0 ], [ 123.29660567, 0.31973555, 0.0 ], [ 123.2966238, 0.3197199, 0.0 ], [ 123.29665579, 0.31970058, 0.0 ], [ 123.29668972, 0.31967667, 0.0 ], [ 123.2967157, 0.31965836, 0.0 ], [ 123.29673568, 0.31964428, 0.0 ], [ 123.29674979, 0.31963129, 0.0 ], [ 123.29676045, 0.31961597, 0.0 ], [ 123.2967772, 0.31959187, 0.0 ], [ 123.2967932, 0.31956886, 0.0 ], [ 123.29680531, 0.31955145, 0.0 ], [ 123.29681683, 0.31953913, 0.0 ], [ 123.29682419, 0.31953234, 0.0 ], [ 123.29683143, 0.31952566, 0.0 ], [ 123.29687956, 0.31948124, 0.0 ], [ 123.29690443, 0.31945829, 0.0 ], [ 123.2969164, 0.31944725, 0.0 ], [ 123.29693437, 0.31942915, 0.0 ], [ 123.29694535, 0.31941441, 0.0 ], [ 123.29695494, 0.31940154, 0.0 ], [ 123.29696133, 0.31939296, 0.0 ], [ 123.29697675, 0.3193845, 0.0 ], [ 123.2969947, 0.31937464, 0.0 ], [ 123.29701356, 0.31936428, 0.0 ], [ 123.29703502, 0.3193525, 0.0 ], [ 123.29705018, 0.31934417, 0.0 ], [ 123.29706666, 0.31933651, 0.0 ], [ 123.29708264, 0.31933114, 0.0 ], [ 123.29709212, 0.31932671, 0.0 ], [ 123.29711915, 0.31931083, 0.0 ], [ 123.29716054, 0.31928652, 0.0 ], [ 123.2971797, 0.31927527, 0.0 ], [ 123.29719498, 0.3192663, 0.0 ], [ 123.29720779, 0.319262, 0.0 ], [ 123.29722194, 0.31925725, 0.0 ], [ 123.29722868, 0.31924821, 0.0 ], [ 123.29723501, 0.3192397, 0.0 ], [ 123.29724369, 0.31922806, 0.0 ], [ 123.2972489, 0.31922106, 0.0 ], [ 123.2972695, 0.31920861, 0.0 ], [ 123.29729405, 0.31919379, 0.0 ], [ 123.29732398, 0.31917571, 0.0 ], [ 123.29733877, 0.31916677, 0.0 ], [ 123.29735477, 0.31915469, 0.0 ], [ 123.29737265, 0.31914119, 0.0 ], [ 123.29739441, 0.31912476, 0.0 ], [ 123.29740674, 0.31911545, 0.0 ], [ 123.29741975, 0.31910563, 0.0 ], [ 123.29742827, 0.31909919, 0.0 ], [ 123.29743899, 0.31909109, 0.0 ], [ 123.2974393, 0.31909086, 0.0 ], [ 123.29745695, 0.31908639, 0.0 ], [ 123.29746967, 0.31908767, 0.0 ], [ 123.29748473, 0.31908918, 0.0 ], [ 123.29750672, 0.3190914, 0.0 ], [ 123.29752245, 0.31909298, 0.0 ], [ 123.2975281, 0.31909355, 0.0 ], [ 123.29754221, 0.31909086, 0.0 ], [ 123.29757151, 0.31907284, 0.0 ], [ 123.29760636, 0.31905139, 0.0 ], [ 123.2976276, 0.31903833, 0.0 ], [ 123.29765133, 0.31902372, 0.0 ], [ 123.29767505, 0.31900913, 0.0 ], [ 123.29771829, 0.31898275, 0.0 ], [ 123.29774317, 0.31896772, 0.0 ], [ 123.29778734, 0.31894443, 0.0 ], [ 123.29781556, 0.31892955, 0.0 ], [ 123.29783327, 0.3189202, 0.0 ], [ 123.29785906, 0.31890661, 0.0 ], [ 123.29787922, 0.31889597, 0.0 ], [ 123.29791252, 0.31887841, 0.0 ], [ 123.29793189, 0.3188682, 0.0 ], [ 123.29794912, 0.31886448, 0.0 ], [ 123.29796753, 0.31886051, 0.0 ], [ 123.29798523, 0.31885669, 0.0 ], [ 123.2980155, 0.31885016, 0.0 ], [ 123.2980319, 0.31884662, 0.0 ], [ 123.29804931, 0.31884286, 0.0 ], [ 123.2980577, 0.31884105, 0.0 ], [ 123.29806932, 0.31884105, 0.0 ], [ 123.29807567, 0.31884105, 0.0 ], [ 123.29810503, 0.31883613, 0.0 ], [ 123.29812959, 0.318832, 0.0 ], [ 123.29814862, 0.31882434, 0.0 ], [ 123.29819642, 0.31880509, 0.0 ], [ 123.29823758, 0.31878852, 0.0 ], [ 123.29825873, 0.31878, 0.0 ], [ 123.2982771, 0.3187726, 0.0 ], [ 123.29829366, 0.31876593, 0.0 ], [ 123.29830933, 0.31875962, 0.0 ], [ 123.29831415, 0.31875908, 0.0 ], [ 123.29832501, 0.31875787, 0.0 ], [ 123.29834286, 0.31875587, 0.0 ], [ 123.2983629, 0.31875363, 0.0 ], [ 123.29837752, 0.31875199, 0.0 ], [ 123.29839521, 0.31874554, 0.0 ], [ 123.29841257, 0.31872806, 0.0 ], [ 123.29842945, 0.31871106, 0.0 ], [ 123.29844966, 0.31869072, 0.0 ], [ 123.29846511, 0.31867516, 0.0 ], [ 123.29849103, 0.31864906, 0.0 ], [ 123.29850435, 0.31863566, 0.0 ], [ 123.29851196, 0.31862799, 0.0 ], [ 123.29851602, 0.31862391, 0.0 ], [ 123.29853399, 0.31861486, 0.0 ], [ 123.29855339, 0.3186116, 0.0 ], [ 123.29856994, 0.31860581, 0.0 ], [ 123.29857911, 0.31859554, 0.0 ], [ 123.29858468, 0.31858631, 0.0 ], [ 123.29858286, 0.31857528, 0.0 ], [ 123.29858, 0.31855805, 0.0 ], [ 123.29857638, 0.31854129, 0.0 ], [ 123.29857333, 0.31852901, 0.0 ], [ 123.29857815, 0.31851559, 0.0 ], [ 123.29858196, 0.31850629, 0.0 ], [ 123.29859004, 0.31850629, 0.0 ], [ 123.29860588, 0.31850629, 0.0 ], [ 123.29861265, 0.31850884, 0.0 ], [ 123.29862818, 0.31851471, 0.0 ], [ 123.29864214, 0.31851998, 0.0 ], [ 123.29865835, 0.3185261, 0.0 ], [ 123.29867778, 0.31853343, 0.0 ], [ 123.29868782, 0.31854354, 0.0 ], [ 123.29869757, 0.31855335, 0.0 ], [ 123.29870474, 0.31856057, 0.0 ], [ 123.29872105, 0.31857042, 0.0 ], [ 123.29873335, 0.31857786, 0.0 ], [ 123.29874371, 0.31858411, 0.0 ], [ 123.29876935, 0.3185863, 0.0 ], [ 123.29880473, 0.31858375, 0.0 ], [ 123.29882927, 0.31858199, 0.0 ], [ 123.29886151, 0.31857967, 0.0 ], [ 123.29888201, 0.31857397, 0.0 ], [ 123.29890882, 0.31855469, 0.0 ], [ 123.29894994, 0.31852512, 0.0 ], [ 123.29898485, 0.31850002, 0.0 ], [ 123.2990013, 0.31848818, 0.0 ], [ 123.29902311, 0.31846403, 0.0 ], [ 123.29905581, 0.31842781, 0.0 ], [ 123.29907514, 0.31840641, 0.0 ], [ 123.29909116, 0.31838866, 0.0 ], [ 123.29910015, 0.31837057, 0.0 ], [ 123.29910493, 0.3183663, 0.0 ], [ 123.29912449, 0.31834878, 0.0 ], [ 123.29913993, 0.31833497, 0.0 ], [ 123.29915983, 0.31831717, 0.0 ], [ 123.29917514, 0.31830346, 0.0 ], [ 123.29918103, 0.31829819, 0.0 ], [ 123.29922105, 0.31827939, 0.0 ], [ 123.29923562, 0.31827254, 0.0 ], [ 123.299252, 0.31826484, 0.0 ], [ 123.29927413, 0.31825445, 0.0 ], [ 123.29929092, 0.31824656, 0.0 ], [ 123.29930597, 0.31823949, 0.0 ], [ 123.29931583, 0.31823486, 0.0 ], [ 123.29933025, 0.3182329, 0.0 ], [ 123.2993417, 0.31822878, 0.0 ], [ 123.29936201, 0.31822148, 0.0 ], [ 123.29939291, 0.31821037, 0.0 ], [ 123.29943889, 0.31819384, 0.0 ], [ 123.29949575, 0.31817214, 0.0 ], [ 123.29954285, 0.31815391, 0.0 ], [ 123.29956746, 0.31814438, 0.0 ], [ 123.29959104, 0.31813251, 0.0 ], [ 123.29961843, 0.31811872, 0.0 ], [ 123.29964696, 0.31810435, 0.0 ], [ 123.29967378, 0.31809085, 0.0 ], [ 123.29970593, 0.31807467, 0.0 ], [ 123.29971975, 0.318067, 0.0 ], [ 123.29974208, 0.31805389, 0.0 ], [ 123.29977558, 0.31803421, 0.0 ], [ 123.29979734, 0.31802143, 0.0 ], [ 123.29981389, 0.31801171, 0.0 ], [ 123.29981908, 0.31800866, 0.0 ], [ 123.29985026, 0.31799924, 0.0 ], [ 123.29987483, 0.31799182, 0.0 ], [ 123.29989629, 0.31798534, 0.0 ], [ 123.29990895, 0.31798152, 0.0 ], [ 123.29994406, 0.31796384, 0.0 ], [ 123.2999939, 0.31793875, 0.0 ], [ 123.30001235, 0.31792946, 0.0 ], [ 123.30002707, 0.31791895, 0.0 ], [ 123.30006172, 0.31789104, 0.0 ], [ 123.30007695, 0.31786804, 0.0 ], [ 123.30007969, 0.3178639, 0.0 ], [ 123.30009867, 0.31784957, 0.0 ], [ 123.30011731, 0.31783549, 0.0 ], [ 123.30013816, 0.31781975, 0.0 ], [ 123.30015159, 0.31780961, 0.0 ], [ 123.30017221, 0.31778884, 0.0 ], [ 123.30018981, 0.31777113, 0.0 ], [ 123.30020217, 0.31775868, 0.0 ], [ 123.300225, 0.3177357, 0.0 ], [ 123.3002357, 0.31772493, 0.0 ], [ 123.30024497, 0.31771559, 0.0 ], [ 123.30025306, 0.31770481, 0.0 ], [ 123.300262, 0.3176868, 0.0 ], [ 123.30026828, 0.31767416, 0.0 ], [ 123.30027503, 0.31766057, 0.0 ], [ 123.30029134, 0.31763575, 0.0 ], [ 123.30032925, 0.31758123, 0.0 ], [ 123.3003403, 0.31756533, 0.0 ], [ 123.30034809, 0.31754965, 0.0 ], [ 123.30035827, 0.31752914, 0.0 ], [ 123.30036726, 0.31751407, 0.0 ], [ 123.30037678, 0.31749809, 0.0 ], [ 123.30038878, 0.31747735, 0.0 ], [ 123.30039763, 0.31746102, 0.0 ], [ 123.30040892, 0.31744019, 0.0 ], [ 123.3004346, 0.31739279, 0.0 ], [ 123.30043915, 0.31738439, 0.0 ], [ 123.30044396, 0.31737229, 0.0 ], [ 123.30046177, 0.31736463, 0.0 ], [ 123.3004751, 0.31735724, 0.0 ], [ 123.30049459, 0.31734547, 0.0 ], [ 123.30051104, 0.31733915, 0.0 ], [ 123.30051484, 0.31732769, 0.0 ], [ 123.30052003, 0.31731201, 0.0 ], [ 123.30052896, 0.3173043, 0.0 ], [ 123.30053848, 0.31729609, 0.0 ], [ 123.3005534, 0.31728321, 0.0 ], [ 123.30056793, 0.31727067, 0.0 ], [ 123.3005783, 0.31726172, 0.0 ], [ 123.3005887, 0.31724611, 0.0 ], [ 123.30059612, 0.31723117, 0.0 ], [ 123.30061267, 0.31719785, 0.0 ], [ 123.30062161, 0.31717985, 0.0 ], [ 123.30062787, 0.31716725, 0.0 ], [ 123.30063344, 0.31714761, 0.0 ], [ 123.30063875, 0.31712889, 0.0 ], [ 123.30064708, 0.31709956, 0.0 ], [ 123.30065474, 0.31707255, 0.0 ], [ 123.30066482, 0.31703702, 0.0 ], [ 123.30067092, 0.31701552, 0.0 ], [ 123.30067914, 0.31698656, 0.0 ], [ 123.30068178, 0.31697157, 0.0 ], [ 123.30068178, 0.31694619, 0.0 ], [ 123.30067947, 0.31692014, 0.0 ], [ 123.30067529, 0.31688225, 0.0 ], [ 123.30067279, 0.31685964, 0.0 ], [ 123.30067427, 0.31684474, 0.0 ], [ 123.30067671, 0.31682019, 0.0 ], [ 123.3006768, 0.31681928, 0.0 ], [ 123.30067913, 0.31679578, 0.0 ], [ 123.30068079, 0.31677909, 0.0 ], [ 123.30068177, 0.31676917, 0.0 ], [ 123.30067462, 0.31674998, 0.0 ], [ 123.30066929, 0.31673565, 0.0 ], [ 123.30066514, 0.31672453, 0.0 ], [ 123.30066862, 0.31671352, 0.0 ], [ 123.30067147, 0.31670826, 0.0 ], [ 123.30067919, 0.31670381, 0.0 ], [ 123.30069075, 0.31670713, 0.0 ], [ 123.30070425, 0.31671101, 0.0 ], [ 123.30071772, 0.31671489, 0.0 ], [ 123.30073329, 0.31671113, 0.0 ], [ 123.30074418, 0.31670258, 0.0 ], [ 123.30074959, 0.31668896, 0.0 ], [ 123.30075367, 0.31667235, 0.0 ], [ 123.30075367, 0.31665799, 0.0 ], [ 123.30075897, 0.31664841, 0.0 ], [ 123.30077076, 0.3166296, 0.0 ], [ 123.30078171, 0.31662133, 0.0 ], [ 123.30078355, 0.31660752, 0.0 ], [ 123.30077904, 0.31660168, 0.0 ], [ 123.30077292, 0.31659376, 0.0 ], [ 123.30076603, 0.31658485, 0.0 ], [ 123.30075745, 0.31657374, 0.0 ], [ 123.30074529, 0.316558, 0.0 ], [ 123.30073804, 0.31654862, 0.0 ], [ 123.3007267, 0.31653394, 0.0 ], [ 123.30071779, 0.31652856, 0.0 ], [ 123.30070073, 0.31651825, 0.0 ], [ 123.30069457, 0.31651454, 0.0 ], [ 123.30068485, 0.31650866, 0.0 ], [ 123.30067129, 0.31648781, 0.0 ], [ 123.30065677, 0.31646151, 0.0 ], [ 123.30064408, 0.31643851, 0.0 ], [ 123.30064107, 0.31643306, 0.0 ], [ 123.30063802, 0.3164122, 0.0 ], [ 123.30064034, 0.31638652, 0.0 ], [ 123.3006424, 0.31636373, 0.0 ], [ 123.3006444, 0.31634154, 0.0 ], [ 123.30064582, 0.31632586, 0.0 ], [ 123.3006426, 0.3163129, 0.0 ], [ 123.30063988, 0.31630197, 0.0 ], [ 123.30063124, 0.31626716, 0.0 ], [ 123.30062784, 0.31625348, 0.0 ], [ 123.30062784, 0.31622568, 0.0 ], [ 123.30062784, 0.31620031, 0.0 ], [ 123.30062784, 0.31618451, 0.0 ], [ 123.30062784, 0.31617302, 0.0 ], [ 123.30063804, 0.31615685, 0.0 ], [ 123.30065378, 0.31614734, 0.0 ], [ 123.30066839, 0.31613851, 0.0 ], [ 123.30067792, 0.31613172, 0.0 ], [ 123.30069027, 0.31612177, 0.0 ], [ 123.30070257, 0.31611187, 0.0 ], [ 123.3007177, 0.31609968, 0.0 ], [ 123.30073241, 0.31609505, 0.0 ], [ 123.30074413, 0.31609136, 0.0 ], [ 123.30078862, 0.31607737, 0.0 ], [ 123.30083154, 0.31606386, 0.0 ], [ 123.30084846, 0.31605854, 0.0 ], [ 123.30086149, 0.31605444, 0.0 ], [ 123.30087946, 0.31605444, 0.0 ], [ 123.3008914, 0.31605143, 0.0 ], [ 123.30090416, 0.31604822, 0.0 ], [ 123.30091541, 0.31604539, 0.0 ], [ 123.30093259, 0.31604971, 0.0 ], [ 123.30094412, 0.31605261, 0.0 ], [ 123.30096348, 0.31605749, 0.0 ], [ 123.3009873, 0.31606348, 0.0 ], [ 123.30099569, 0.31606885, 0.0 ], [ 123.30102431, 0.31608719, 0.0 ], [ 123.30103225, 0.31609228, 0.0 ], [ 123.30105089, 0.31610422, 0.0 ], [ 123.30106299, 0.31611196, 0.0 ], [ 123.30107514, 0.31611975, 0.0 ], [ 123.30108616, 0.31612681, 0.0 ], [ 123.30110583, 0.31612928, 0.0 ], [ 123.30112316, 0.31613146, 0.0 ], [ 123.30114188, 0.31613382, 0.0 ], [ 123.30115031, 0.31613488, 0.0 ], [ 123.30116839, 0.31613412, 0.0 ], [ 123.30119692, 0.31612933, 0.0 ], [ 123.30121643, 0.31612606, 0.0 ], [ 123.30123479, 0.31612298, 0.0 ], [ 123.30125144, 0.31612018, 0.0 ], [ 123.30126016, 0.31611872, 0.0 ], [ 123.3012779, 0.31612294, 0.0 ], [ 123.30129403, 0.31612989, 0.0 ], [ 123.30130998, 0.31613678, 0.0 ], [ 123.30132238, 0.31614213, 0.0 ], [ 123.30133779, 0.3161449, 0.0 ], [ 123.30135177, 0.31615052, 0.0 ], [ 123.30136915, 0.31615752, 0.0 ], [ 123.30138424, 0.3161636, 0.0 ], [ 123.30140695, 0.31617274, 0.0 ], [ 123.30142766, 0.31618108, 0.0 ], [ 123.3014414, 0.31618405, 0.0 ], [ 123.30147345, 0.31619096, 0.0 ], [ 123.30150512, 0.31619779, 0.0 ], [ 123.30152594, 0.31620228, 0.0 ], [ 123.30154766, 0.31620697, 0.0 ], [ 123.30156573, 0.31620727, 0.0 ], [ 123.30158377, 0.31620587, 0.0 ], [ 123.30161192, 0.31620369, 0.0 ], [ 123.30164676, 0.31620099, 0.0 ], [ 123.3016625, 0.31619977, 0.0 ], [ 123.30168722, 0.31618781, 0.0 ], [ 123.30169726, 0.31618107, 0.0 ], [ 123.30171505, 0.31616317, 0.0 ], [ 123.30173321, 0.31614488, 0.0 ], [ 123.30174049, 0.31613755, 0.0 ], [ 123.30175819, 0.31612503, 0.0 ], [ 123.30176837, 0.31612246, 0.0 ], [ 123.30179131, 0.31611669, 0.0 ], [ 123.30181223, 0.31611142, 0.0 ], [ 123.30184244, 0.31610382, 0.0 ], [ 123.30185902, 0.31609965, 0.0 ], [ 123.3018865, 0.31609503, 0.0 ], [ 123.30192969, 0.31608779, 0.0 ], [ 123.3019593, 0.31608282, 0.0 ], [ 123.30198644, 0.31607826, 0.0 ], [ 123.30202647, 0.31607154, 0.0 ], [ 123.30205384, 0.31606695, 0.0 ], [ 123.30206811, 0.31606456, 0.0 ], [ 123.30208268, 0.31606098, 0.0 ], [ 123.3021057, 0.31605385, 0.0 ], [ 123.30212739, 0.31604713, 0.0 ], [ 123.30215419, 0.31603882, 0.0 ], [ 123.30216812, 0.31603451, 0.0 ], [ 123.30218082, 0.31603057, 0.0 ], [ 123.30219153, 0.31602726, 0.0 ], [ 123.30220891, 0.31602726, 0.0 ], [ 123.30222555, 0.31602726, 0.0 ], [ 123.30223839, 0.31602726, 0.0 ], [ 123.30224545, 0.31602726, 0.0 ], [ 123.30226517, 0.31603718, 0.0 ], [ 123.3022949, 0.31604862, 0.0 ], [ 123.30239116, 0.31606461, 0.0 ], [ 123.30246874, 0.31610601, 0.0 ], [ 123.30254538, 0.3161681, 0.0 ], [ 123.3026323, 0.3161888, 0.0 ], [ 123.3027323, 0.31620197, 0.0 ], [ 123.30283605, 0.3161935, 0.0 ], [ 123.30298372, 0.31617844, 0.0 ], [ 123.30310709, 0.31616244, 0.0 ], [ 123.30322765, 0.31615115, 0.0 ], [ 123.30334168, 0.31613233, 0.0 ], [ 123.30346972, 0.31609374, 0.0 ], [ 123.30354542, 0.31606175, 0.0 ], [ 123.30362486, 0.31603634, 0.0 ], [ 123.30373141, 0.31599494, 0.0 ], [ 123.30387347, 0.31592531, 0.0 ], [ 123.30391413, 0.31591492, 0.0 ], [ 123.30399871, 0.31589332, 0.0 ], [ 123.30412675, 0.31587543, 0.0 ], [ 123.30425853, 0.31582368, 0.0 ], [ 123.30441741, 0.31575969, 0.0 ], [ 123.30453518, 0.31570324, 0.0 ], [ 123.30462552, 0.31566021, 0.0 ], [ 123.30469126, 0.3156289, 0.0 ], [ 123.30482584, 0.31556962, 0.0 ], [ 123.30496042, 0.31551504, 0.0 ], [ 123.30511463, 0.31546893, 0.0 ], [ 123.30525483, 0.31546422, 0.0 ], [ 123.30539876, 0.31548304, 0.0 ], [ 123.30556512, 0.31548868, 0.0 ], [ 123.30574083, 0.31549808, 0.0 ], [ 123.30591654, 0.31551313, 0.0 ], [ 123.30607636, 0.31551407, 0.0 ], [ 123.30619319, 0.31550748, 0.0 ], [ 123.30630908, 0.31548772, 0.0 ], [ 123.30639226, 0.31546984, 0.0 ], [ 123.30652591, 0.31544066, 0.0 ], [ 123.30664274, 0.31541996, 0.0 ], [ 123.30677452, 0.31539926, 0.0 ], [ 123.30694275, 0.3153842, 0.0 ], [ 123.30712781, 0.31535879, 0.0 ], [ 123.30728015, 0.31535031, 0.0 ], [ 123.30749138, 0.31534184, 0.0 ], [ 123.30769325, 0.31530702, 0.0 ], [ 123.30788859, 0.31531831, 0.0 ], [ 123.3080428, 0.31532207, 0.0 ], [ 123.30817832, 0.31530512, 0.0 ], [ 123.30831758, 0.31525431, 0.0 ], [ 123.30841945, 0.31517433, 0.0 ], [ 123.30857553, 0.31512728, 0.0 ], [ 123.3086989, 0.31510376, 0.0 ], [ 123.30883255, 0.31506329, 0.0 ], [ 123.30896527, 0.31503788, 0.0 ], [ 123.30903716, 0.31501057, 0.0 ], [ 123.30906433, 0.31500024, 0.0 ], [ 123.30911709, 0.31498105, 0.0 ], [ 123.30914191, 0.31497202, 0.0 ], [ 123.30924098, 0.31493814, 0.0 ], [ 123.30934098, 0.31489297, 0.0 ], [ 123.30944098, 0.31486098, 0.0 ], [ 123.30956248, 0.31481675, 0.0 ], [ 123.30966155, 0.31475841, 0.0 ], [ 123.30969146, 0.31470855, 0.0 ], [ 123.30972697, 0.31465774, 0.0 ], [ 123.30981856, 0.31462951, 0.0 ], [ 123.30992137, 0.31461539, 0.0 ], [ 123.30997184, 0.31461633, 0.0 ], [ 123.31003166, 0.31460692, 0.0 ], [ 123.31008306, 0.31460409, 0.0 ], [ 123.31017465, 0.31457586, 0.0 ], [ 123.31022979, 0.3145354, 0.0 ], [ 123.31030737, 0.3144733, 0.0 ], [ 123.3103541, 0.31442249, 0.0 ], [ 123.31040456, 0.31434533, 0.0 ], [ 123.3104541, 0.31430205, 0.0 ], [ 123.31050924, 0.31427194, 0.0 ], [ 123.31056905, 0.3142503, 0.0 ], [ 123.31067186, 0.31423148, 0.0 ], [ 123.3107999, 0.31421265, 0.0 ], [ 123.31092047, 0.31421077, 0.0 ], [ 123.31104478, 0.31420324, 0.0 ], [ 123.31117749, 0.31418536, 0.0 ], [ 123.31129151, 0.31418441, 0.0 ], [ 123.31139245, 0.3141703, 0.0 ], [ 123.31149433, 0.314159, 0.0 ], [ 123.31161115, 0.31412324, 0.0 ], [ 123.31164363, 0.31410621, 0.0 ], [ 123.31170088, 0.3140762, 0.0 ], [ 123.31172985, 0.31404609, 0.0 ], [ 123.31177284, 0.3139774, 0.0 ], [ 123.31182518, 0.31393412, 0.0 ], [ 123.31190929, 0.31387766, 0.0 ], [ 123.31201864, 0.31382591, 0.0 ], [ 123.31216631, 0.31378074, 0.0 ], [ 123.3123065, 0.3137685, 0.0 ], [ 123.31247473, 0.31376661, 0.0 ], [ 123.31263175, 0.31376661, 0.0 ], [ 123.31271035, 0.31376322, 0.0 ], [ 123.3127626, 0.31376096, 0.0 ], [ 123.312957, 0.31374308, 0.0 ], [ 123.31314673, 0.31372331, 0.0 ], [ 123.31327757, 0.31369884, 0.0 ], [ 123.31335514, 0.31365556, 0.0 ], [ 123.31343365, 0.31360757, 0.0 ], [ 123.31353179, 0.31357934, 0.0 ], [ 123.31360282, 0.31354453, 0.0 ], [ 123.31372618, 0.31350595, 0.0 ], [ 123.31387011, 0.31346925, 0.0 ], [ 123.31399722, 0.31343913, 0.0 ], [ 123.31415798, 0.31340431, 0.0 ], [ 123.31431312, 0.31340525, 0.0 ], [ 123.31447762, 0.31340619, 0.0 ], [ 123.31464118, 0.31341371, 0.0 ], [ 123.31479539, 0.31341935, 0.0 ], [ 123.31495241, 0.31343628, 0.0 ], [ 123.31511783, 0.31346733, 0.0 ], [ 123.31531224, 0.31347955, 0.0 ], [ 123.31544215, 0.31348708, 0.0 ], [ 123.31549623, 0.31344991, 0.0 ], [ 123.31550335, 0.31345071, 0.0 ], [ 123.31552583, 0.31345322, 0.0 ], [ 123.31553869, 0.31345466, 0.0 ], [ 123.31555333, 0.3134563, 0.0 ], [ 123.31555907, 0.31345694, 0.0 ], [ 123.3155608, 0.31345713, 0.0 ], [ 123.31556817, 0.31345643, 0.0 ], [ 123.31558104, 0.31345344, 0.0 ], [ 123.31559048, 0.31345125, 0.0 ], [ 123.31560736, 0.31344733, 0.0 ], [ 123.31562165, 0.313444, 0.0 ], [ 123.31564052, 0.31343962, 0.0 ], [ 123.3156573, 0.31343572, 0.0 ], [ 123.31566462, 0.31343402, 0.0 ], [ 123.3156753, 0.31343154, 0.0 ], [ 123.3156839, 0.31343032, 0.0 ], [ 123.3156955, 0.31343031, 0.0 ], [ 123.31570634, 0.31343031, 0.0 ], [ 123.31571395, 0.31343031, 0.0 ], [ 123.3157202, 0.31343155, 0.0 ], [ 123.3157319, 0.31343548, 0.0 ], [ 123.31574347, 0.31343936, 0.0 ], [ 123.31575413, 0.31344115, 0.0 ], [ 123.31577036, 0.31344387, 0.0 ], [ 123.3157851, 0.31344634, 0.0 ], [ 123.31579519, 0.31344804, 0.0 ], [ 123.3158064, 0.31344841, 0.0 ], [ 123.31582504, 0.31344841, 0.0 ], [ 123.31585357, 0.3134484, 0.0 ], [ 123.31586632, 0.3134484, 0.0 ], [ 123.31587963, 0.3134484, 0.0 ], [ 123.31589257, 0.3134484, 0.0 ], [ 123.31590638, 0.31344933, 0.0 ], [ 123.31591773, 0.31345037, 0.0 ], [ 123.31593223, 0.31345169, 0.0 ], [ 123.31595006, 0.31345333, 0.0 ], [ 123.31596075, 0.3134543, 0.0 ], [ 123.31597344, 0.31345547, 0.0 ], [ 123.31598167, 0.31345622, 0.0 ], [ 123.31599032, 0.31345701, 0.0 ], [ 123.31599286, 0.31345724, 0.0 ], [ 123.31599903, 0.31345666, 0.0 ], [ 123.31600847, 0.31345476, 0.0 ], [ 123.31602003, 0.31345243, 0.0 ], [ 123.31603258, 0.3134499, 0.0 ], [ 123.31604004, 0.3134484, 0.0 ], [ 123.31604567, 0.31344799, 0.0 ], [ 123.31606081, 0.3134469, 0.0 ], [ 123.31609919, 0.31344414, 0.0 ], [ 123.31611149, 0.31344326, 0.0 ], [ 123.31612675, 0.31344216, 0.0 ], [ 123.31614004, 0.3134412, 0.0 ], [ 123.31615315, 0.31344026, 0.0 ], [ 123.31615921, 0.31343983, 0.0 ], [ 123.31616585, 0.31343935, 0.0 ], [ 123.31617666, 0.31344516, 0.0 ], [ 123.31619281, 0.31344839, 0.0 ], [ 123.3162018, 0.31345744, 0.0 ], [ 123.31620591, 0.31346383, 0.0 ], [ 123.31621554, 0.31346922, 0.0 ], [ 123.31622695, 0.31347101, 0.0 ], [ 123.31623943, 0.31347101, 0.0 ], [ 123.31625949, 0.31346681, 0.0 ], [ 123.31627147, 0.31346145, 0.0 ], [ 123.31628567, 0.3134551, 0.0 ], [ 123.31629325, 0.3134517, 0.0 ], [ 123.31631245, 0.31344988, 0.0 ], [ 123.31634195, 0.31345359, 0.0 ], [ 123.31637268, 0.31345745, 0.0 ], [ 123.3163963, 0.31346042, 0.0 ], [ 123.31642325, 0.31346381, 0.0 ], [ 123.316434, 0.31346517, 0.0 ], [ 123.31645486, 0.31346648, 0.0 ], [ 123.31649052, 0.31346648, 0.0 ], [ 123.31651121, 0.31346648, 0.0 ], [ 123.31656435, 0.31346648, 0.0 ], [ 123.31658823, 0.31346648, 0.0 ], [ 123.3166062, 0.31346648, 0.0 ], [ 123.31661996, 0.31346725, 0.0 ], [ 123.31665078, 0.31346897, 0.0 ], [ 123.31669074, 0.3134712, 0.0 ], [ 123.31671456, 0.31347253, 0.0 ], [ 123.31673803, 0.31347384, 0.0 ], [ 123.3167595, 0.31347505, 0.0 ], [ 123.31678071, 0.31347453, 0.0 ], [ 123.31682312, 0.31347125, 0.0 ], [ 123.31686062, 0.31346834, 0.0 ], [ 123.31687586, 0.31346716, 0.0 ], [ 123.31689862, 0.31346754, 0.0 ], [ 123.31692273, 0.3134694, 0.0 ], [ 123.31695019, 0.31347153, 0.0 ], [ 123.31697398, 0.31347337, 0.0 ], [ 123.31699307, 0.31347485, 0.0 ], [ 123.31700454, 0.31347846, 0.0 ], [ 123.31701576, 0.31348404, 0.0 ], [ 123.3170349, 0.31348211, 0.0 ], [ 123.31704757, 0.31348084, 0.0 ], [ 123.31707487, 0.31347809, 0.0 ], [ 123.31708942, 0.31347662, 0.0 ], [ 123.31709578, 0.31347598, 0.0 ], [ 123.31710938, 0.31347679, 0.0 ], [ 123.3171291, 0.31347962, 0.0 ], [ 123.31715197, 0.31348291, 0.0 ], [ 123.31717211, 0.31348455, 0.0 ], [ 123.3172042, 0.31348455, 0.0 ], [ 123.31722168, 0.31348455, 0.0 ], [ 123.31722846, 0.31348455, 0.0 ], [ 123.31723968, 0.31348366, 0.0 ], [ 123.3172676, 0.31347804, 0.0 ], [ 123.31728296, 0.31347495, 0.0 ], [ 123.31730333, 0.31347085, 0.0 ], [ 123.31731869, 0.31346775, 0.0 ], [ 123.31733123, 0.31346733, 0.0 ], [ 123.31735221, 0.31347035, 0.0 ], [ 123.31737093, 0.31347304, 0.0 ], [ 123.31738805, 0.3134755, 0.0 ], [ 123.31739787, 0.3134755, 0.0 ], [ 123.31741321, 0.3134755, 0.0 ], [ 123.31744317, 0.3134755, 0.0 ], [ 123.31745066, 0.3134755, 0.0 ], [ 123.31746544, 0.31347273, 0.0 ], [ 123.31747671, 0.31346706, 0.0 ], [ 123.31748884, 0.31346095, 0.0 ], [ 123.31749589, 0.3134574, 0.0 ], [ 123.31750948, 0.31345398, 0.0 ], [ 123.31752173, 0.3134509, 0.0 ], [ 123.31753697, 0.31344835, 0.0 ], [ 123.31754874, 0.31344835, 0.0 ], [ 123.31756645, 0.31344739, 0.0 ], [ 123.31758252, 0.31344537, 0.0 ], [ 123.31760311, 0.31344278, 0.0 ], [ 123.31762606, 0.31343989, 0.0 ], [ 123.31764361, 0.3134393, 0.0 ], [ 123.31765895, 0.3134393, 0.0 ], [ 123.31767825, 0.3134432, 0.0 ], [ 123.31770714, 0.31345289, 0.0 ], [ 123.3177432, 0.31346499, 0.0 ], [ 123.31776941, 0.31347379, 0.0 ], [ 123.31778279, 0.31347827, 0.0 ], [ 123.31779648, 0.31348287, 0.0 ], [ 123.31781042, 0.31348453, 0.0 ], [ 123.31783764, 0.31348453, 0.0 ], [ 123.31786403, 0.31348453, 0.0 ], [ 123.31787473, 0.31348453, 0.0 ], [ 123.31789011, 0.31348574, 0.0 ], [ 123.31792986, 0.31349189, 0.0 ], [ 123.31796722, 0.31349768, 0.0 ], [ 123.31799137, 0.31350142, 0.0 ], [ 123.31800883, 0.31350262, 0.0 ], [ 123.31804408, 0.31350262, 0.0 ], [ 123.31806733, 0.31350262, 0.0 ], [ 123.31810157, 0.31350262, 0.0 ], [ 123.31811597, 0.31350262, 0.0 ], [ 123.31814437, 0.31350262, 0.0 ], [ 123.31816077, 0.31350262, 0.0 ], [ 123.31818431, 0.31350262, 0.0 ], [ 123.3181918, 0.31350262, 0.0 ], [ 123.31820035, 0.31350437, 0.0 ], [ 123.31820648, 0.31350746, 0.0 ], [ 123.31821873, 0.31350942, 0.0 ], [ 123.31822403, 0.31350637, 0.0 ], [ 123.31823244, 0.31350153, 0.0 ], [ 123.31823959, 0.31349742, 0.0 ], [ 123.3182505, 0.31349114, 0.0 ], [ 123.31825987, 0.31348575, 0.0 ], [ 123.31827143, 0.3134791, 0.0 ], [ 123.31828382, 0.31347547, 0.0 ], [ 123.31830986, 0.31347547, 0.0 ], [ 123.31833126, 0.31347547, 0.0 ], [ 123.31834064, 0.31347547, 0.0 ], [ 123.31835553, 0.31347844, 0.0 ], [ 123.31837494, 0.31348821, 0.0 ], [ 123.31838558, 0.31349356, 0.0 ], [ 123.3183926, 0.31349356, 0.0 ], [ 123.31840687, 0.31349356, 0.0 ], [ 123.31841656, 0.31349154, 0.0 ], [ 123.31842398, 0.3134878, 0.0 ], [ 123.31844396, 0.31348495, 0.0 ], [ 123.31846608, 0.31348531, 0.0 ], [ 123.31847891, 0.31348602, 0.0 ], [ 123.31849342, 0.31348451, 0.0 ], [ 123.31850716, 0.31348433, 0.0 ], [ 123.31851424, 0.31347958, 0.0 ], [ 123.31852934, 0.31348088, 0.0 ], [ 123.3185465, 0.31349124, 0.0 ], [ 123.31856244, 0.31350087, 0.0 ], [ 123.3185745, 0.31350816, 0.0 ], [ 123.31858924, 0.31351706, 0.0 ], [ 123.31860556, 0.31352691, 0.0 ], [ 123.31862099, 0.31353215, 0.0 ], [ 123.31865547, 0.31353986, 0.0 ], [ 123.31868859, 0.31354727, 0.0 ], [ 123.31872299, 0.31355496, 0.0 ], [ 123.31874372, 0.3135596, 0.0 ], [ 123.31875743, 0.31356267, 0.0 ], [ 123.31876684, 0.31356477, 0.0 ], [ 123.31877906, 0.31356451, 0.0 ], [ 123.31879662, 0.31356097, 0.0 ], [ 123.31881191, 0.31355789, 0.0 ], [ 123.31882666, 0.31355688, 0.0 ], [ 123.31886839, 0.31355688, 0.0 ], [ 123.31891262, 0.31355688, 0.0 ], [ 123.31894115, 0.31355688, 0.0 ], [ 123.31897182, 0.31355688, 0.0 ], [ 123.31899108, 0.31355687, 0.0 ], [ 123.31900606, 0.31355687, 0.0 ], [ 123.31902088, 0.31355436, 0.0 ], [ 123.31906104, 0.31353819, 0.0 ], [ 123.31909357, 0.31352509, 0.0 ], [ 123.31910452, 0.31352068, 0.0 ], [ 123.31912233, 0.31352068, 0.0 ], [ 123.31914945, 0.31352068, 0.0 ], [ 123.31916213, 0.31351643, 0.0 ], [ 123.31917058, 0.31351359, 0.0 ], [ 123.31918185, 0.31350889, 0.0 ], [ 123.31919184, 0.31350387, 0.0 ], [ 123.31920154, 0.31349898, 0.0 ], [ 123.31921039, 0.31349453, 0.0 ], [ 123.31921863, 0.31349749, 0.0 ], [ 123.31922612, 0.31350036, 0.0 ], [ 123.31923033, 0.31350258, 0.0 ], [ 123.31924354, 0.31352474, 0.0 ], [ 123.31924983, 0.3135353, 0.0 ], [ 123.31925487, 0.31354375, 0.0 ], [ 123.3192638, 0.31354913, 0.0 ], [ 123.31928643, 0.31355369, 0.0 ], [ 123.31929604, 0.31355562, 0.0 ], [ 123.3193099, 0.31355377, 0.0 ], [ 123.31931833, 0.31355038, 0.0 ], [ 123.31933247, 0.31354468, 0.0 ], [ 123.31934053, 0.31354144, 0.0 ], [ 123.31934716, 0.31353877, 0.0 ], [ 123.31936513, 0.31353877, 0.0 ], [ 123.31937021, 0.31353877, 0.0 ], [ 123.31938045, 0.31353665, 0.0 ], [ 123.31940891, 0.31352709, 0.0 ], [ 123.31942068, 0.31352314, 0.0 ], [ 123.31942804, 0.31352067, 0.0 ], [ 123.31944185, 0.3135114, 0.0 ], [ 123.319455, 0.31350258, 0.0 ], [ 123.31945961, 0.31349097, 0.0 ], [ 123.31946517, 0.31347698, 0.0 ], [ 123.31946874, 0.313468, 0.0 ], [ 123.31947088, 0.31346262, 0.0 ], [ 123.31948185, 0.31345734, 0.0 ], [ 123.31949005, 0.31345734, 0.0 ], [ 123.31950467, 0.31345734, 0.0 ], [ 123.31952179, 0.31345734, 0.0 ], [ 123.31953428, 0.31345734, 0.0 ], [ 123.3195407, 0.31345734, 0.0 ], [ 123.31955395, 0.31345581, 0.0 ], [ 123.31956442, 0.31345406, 0.0 ], [ 123.3195772, 0.31345191, 0.0 ], [ 123.31958686, 0.31345029, 0.0 ], [ 123.31959276, 0.3134493, 0.0 ], [ 123.3196063, 0.31345018, 0.0 ], [ 123.31962787, 0.31345561, 0.0 ], [ 123.3196427, 0.31345734, 0.0 ], [ 123.31966517, 0.31345734, 0.0 ], [ 123.31968336, 0.31345733, 0.0 ], [ 123.31969335, 0.31345733, 0.0 ], [ 123.31970749, 0.3134545, 0.0 ], [ 123.31973015, 0.31344798, 0.0 ], [ 123.31975012, 0.31344224, 0.0 ], [ 123.31975573, 0.31344062, 0.0 ], [ 123.31976896, 0.31343924, 0.0 ], [ 123.3198032, 0.31343924, 0.0 ], [ 123.31982246, 0.31343924, 0.0 ], [ 123.31984422, 0.31343924, 0.0 ], [ 123.31985848, 0.31343923, 0.0 ], [ 123.31987846, 0.31343923, 0.0 ], [ 123.31989327, 0.31343763, 0.0 ], [ 123.3199407, 0.31342661, 0.0 ], [ 123.31997428, 0.31341881, 0.0 ], [ 123.31998684, 0.31341589, 0.0 ], [ 123.31999332, 0.31341438, 0.0 ], [ 123.31999916, 0.31341303, 0.0 ], [ 123.32001006, 0.31341209, 0.0 ], [ 123.32002112, 0.31341209, 0.0 ], [ 123.32003422, 0.31341141, 0.0 ], [ 123.32005463, 0.31340798, 0.0 ], [ 123.3200784, 0.31340399, 0.0 ], [ 123.32009518, 0.31340118, 0.0 ], [ 123.32012074, 0.31339689, 0.0 ], [ 123.32013317, 0.3133948, 0.0 ], [ 123.32014541, 0.31339195, 0.0 ], [ 123.32020164, 0.31337651, 0.0 ], [ 123.32022113, 0.31337116, 0.0 ], [ 123.32023684, 0.31336685, 0.0 ], [ 123.32025845, 0.31336249, 0.0 ], [ 123.32028122, 0.31335791, 0.0 ], [ 123.32030173, 0.31335378, 0.0 ], [ 123.32031181, 0.31335175, 0.0 ], [ 123.32032251, 0.31334959, 0.0 ], [ 123.32033277, 0.31334631, 0.0 ], [ 123.32036192, 0.31333457, 0.0 ], [ 123.32038055, 0.31332706, 0.0 ], [ 123.32039531, 0.31332112, 0.0 ], [ 123.32040417, 0.31331755, 0.0 ], [ 123.3204121, 0.31331436, 0.0 ], [ 123.32042427, 0.3133132, 0.0 ], [ 123.32046828, 0.31331689, 0.0 ], [ 123.32048802, 0.31331855, 0.0 ], [ 123.32050302, 0.31331981, 0.0 ], [ 123.32051798, 0.31332106, 0.0 ], [ 123.32052442, 0.3133216, 0.0 ], [ 123.32056859, 0.3133216, 0.0 ], [ 123.3205825, 0.3133216, 0.0 ], [ 123.32061032, 0.3133216, 0.0 ], [ 123.32062326, 0.31331798, 0.0 ], [ 123.32063611, 0.31331281, 0.0 ], [ 123.3206449, 0.31330927, 0.0 ], [ 123.32065382, 0.31330568, 0.0 ], [ 123.32066739, 0.3133035, 0.0 ], [ 123.3206895, 0.3133035, 0.0 ], [ 123.32070448, 0.3133035, 0.0 ], [ 123.32071949, 0.3133027, 0.0 ], [ 123.32073753, 0.31330043, 0.0 ], [ 123.32074842, 0.31329906, 0.0 ], [ 123.32076935, 0.31329642, 0.0 ], [ 123.32078152, 0.31329924, 0.0 ], [ 123.32079614, 0.31330606, 0.0 ], [ 123.32081291, 0.31331612, 0.0 ], [ 123.32082867, 0.31332073, 0.0 ], [ 123.32084648, 0.31331874, 0.0 ], [ 123.32087275, 0.3133158, 0.0 ], [ 123.32090186, 0.31331254, 0.0 ], [ 123.32093845, 0.31331254, 0.0 ], [ 123.3209891, 0.31331254, 0.0 ], [ 123.32101121, 0.31331254, 0.0 ], [ 123.32101869, 0.31331254, 0.0 ], [ 123.32103118, 0.31331254, 0.0 ], [ 123.32104884, 0.31330808, 0.0 ], [ 123.32106645, 0.31330163, 0.0 ], [ 123.32109096, 0.31329266, 0.0 ], [ 123.32110414, 0.31328783, 0.0 ], [ 123.32112266, 0.31328105, 0.0 ], [ 123.32113551, 0.31327635, 0.0 ], [ 123.32115276, 0.31327345, 0.0 ], [ 123.32117485, 0.31326975, 0.0 ], [ 123.32118943, 0.3132673, 0.0 ], [ 123.32120697, 0.31326594, 0.0 ], [ 123.32124376, 0.31326309, 0.0 ], [ 123.32127019, 0.31326104, 0.0 ], [ 123.32128781, 0.31325968, 0.0 ], [ 123.32130626, 0.31325825, 0.0 ], [ 123.32132186, 0.31325825, 0.0 ], [ 123.3213372, 0.31325825, 0.0 ], [ 123.32134968, 0.31325756, 0.0 ], [ 123.32137312, 0.31325542, 0.0 ], [ 123.32140907, 0.31325212, 0.0 ], [ 123.32142728, 0.31325046, 0.0 ], [ 123.32144527, 0.3132492, 0.0 ], [ 123.32146738, 0.31324919, 0.0 ], [ 123.32150397, 0.31324919, 0.0 ], [ 123.32152222, 0.31324736, 0.0 ], [ 123.32153864, 0.3132457, 0.0 ], [ 123.32156473, 0.31324307, 0.0 ], [ 123.32158147, 0.31324139, 0.0 ], [ 123.32159384, 0.31324014, 0.0 ], [ 123.32163323, 0.31324014, 0.0 ], [ 123.32165819, 0.31324014, 0.0 ], [ 123.32168994, 0.31324014, 0.0 ], [ 123.32171918, 0.31324014, 0.0 ], [ 123.32173238, 0.31324014, 0.0 ], [ 123.32175877, 0.31324014, 0.0 ], [ 123.32177732, 0.31324014, 0.0 ], [ 123.32178623, 0.31324014, 0.0 ], [ 123.3217973, 0.31323821, 0.0 ], [ 123.32180929, 0.31323418, 0.0 ], [ 123.3218185, 0.31323109, 0.0 ], [ 123.321834, 0.31322797, 0.0 ], [ 123.32184881, 0.31322499, 0.0 ], [ 123.32186344, 0.31322204, 0.0 ], [ 123.32187061, 0.31322138, 0.0 ], [ 123.32189441, 0.31321921, 0.0 ], [ 123.32191277, 0.31321752, 0.0 ], [ 123.32193705, 0.3132153, 0.0 ], [ 123.32194853, 0.31321425, 0.0 ], [ 123.3219667, 0.31321299, 0.0 ], [ 123.3219824, 0.31321299, 0.0 ], [ 123.32200308, 0.31321299, 0.0 ], [ 123.32201093, 0.31321299, 0.0 ], [ 123.32202371, 0.31321083, 0.0 ], [ 123.32204194, 0.31320559, 0.0 ], [ 123.3220549, 0.31320186, 0.0 ], [ 123.32205616, 0.3132015, 0.0 ], [ 123.3220734, 0.31319654, 0.0 ], [ 123.3220958, 0.31319069, 0.0 ], [ 123.3221172, 0.31318531, 0.0 ], [ 123.32213163, 0.31318167, 0.0 ], [ 123.32214732, 0.31317772, 0.0 ], [ 123.32216545, 0.31317316, 0.0 ], [ 123.32218106, 0.31316923, 0.0 ], [ 123.3221939, 0.31316775, 0.0 ], [ 123.32220638, 0.31316775, 0.0 ], [ 123.32221392, 0.31316775, 0.0 ], [ 123.32223476, 0.31316512, 0.0 ], [ 123.32225008, 0.3131632, 0.0 ], [ 123.32228028, 0.31315939, 0.0 ], [ 123.32230521, 0.31315544, 0.0 ], [ 123.32232291, 0.31315247, 0.0 ], [ 123.32233973, 0.31314965, 0.0 ], [ 123.32236597, 0.31314745, 0.0 ], [ 123.3223964, 0.31314489, 0.0 ], [ 123.3224304, 0.31314204, 0.0 ], [ 123.32244085, 0.31314116, 0.0 ], [ 123.32245699, 0.31313801, 0.0 ], [ 123.32250133, 0.31312584, 0.0 ], [ 123.32252453, 0.31311947, 0.0 ], [ 123.3225427, 0.31311448, 0.0 ], [ 123.32255189, 0.31311235, 0.0 ], [ 123.32257335, 0.31310803, 0.0 ], [ 123.32258954, 0.31310477, 0.0 ], [ 123.32260703, 0.31310125, 0.0 ], [ 123.32262493, 0.31309764, 0.0 ], [ 123.32263022, 0.31309658, 0.0 ], [ 123.32264003, 0.3130916, 0.0 ], [ 123.32264528, 0.31308631, 0.0 ], [ 123.32266326, 0.31308631, 0.0 ], [ 123.32268074, 0.31308631, 0.0 ], [ 123.3226975, 0.31308631, 0.0 ], [ 123.32270819, 0.31308631, 0.0 ], [ 123.32272001, 0.31308432, 0.0 ], [ 123.32273574, 0.31308168, 0.0 ], [ 123.32274985, 0.31307932, 0.0 ], [ 123.32275754, 0.31307802, 0.0 ], [ 123.32276669, 0.31307726, 0.0 ], [ 123.32277561, 0.31307726, 0.0 ], [ 123.32279031, 0.31307108, 0.0 ], [ 123.32280122, 0.31306449, 0.0 ], [ 123.32281145, 0.31305831, 0.0 ], [ 123.3228179, 0.31305441, 0.0 ], [ 123.32283053, 0.31305012, 0.0 ], [ 123.32284016, 0.31305011, 0.0 ], [ 123.32285407, 0.31305011, 0.0 ], [ 123.32286096, 0.31305011, 0.0 ], [ 123.32287171, 0.31304651, 0.0 ], [ 123.32288792, 0.31304107, 0.0 ], [ 123.3229114, 0.31303319, 0.0 ], [ 123.32293194, 0.31302629, 0.0 ], [ 123.32294864, 0.31302069, 0.0 ], [ 123.32296297, 0.31301588, 0.0 ], [ 123.32297748, 0.31301659, 0.0 ], [ 123.32299174, 0.31302162, 0.0 ], [ 123.32299672, 0.3130278, 0.0 ], [ 123.32300851, 0.31304747, 0.0 ], [ 123.32301457, 0.31305357, 0.0 ], [ 123.32302598, 0.31305916, 0.0 ], [ 123.32303989, 0.31305916, 0.0 ], [ 123.32306058, 0.31305916, 0.0 ], [ 123.32307627, 0.31305915, 0.0 ], [ 123.32309125, 0.31305915, 0.0 ], [ 123.3230991, 0.31305915, 0.0 ], [ 123.3231117, 0.31305405, 0.0 ], [ 123.3231245, 0.31304601, 0.0 ], [ 123.32313742, 0.31303788, 0.0 ], [ 123.32315482, 0.31302692, 0.0 ], [ 123.32316851, 0.31301831, 0.0 ], [ 123.32317549, 0.31301391, 0.0 ], [ 123.32318715, 0.31300218, 0.0 ], [ 123.32319625, 0.31299302, 0.0 ], [ 123.32320516, 0.31298405, 0.0 ], [ 123.32320908, 0.3129801, 0.0 ], [ 123.32322215, 0.31297773, 0.0 ], [ 123.32323713, 0.31297772, 0.0 ], [ 123.32325318, 0.31297772, 0.0 ], [ 123.32326352, 0.31297772, 0.0 ], [ 123.323281, 0.31297772, 0.0 ], [ 123.32329241, 0.31297772, 0.0 ], [ 123.32330768, 0.31297536, 0.0 ], [ 123.32333584, 0.31296491, 0.0 ], [ 123.3233819, 0.31294783, 0.0 ], [ 123.32343499, 0.31292813, 0.0 ], [ 123.32351401, 0.31289903, 0.0 ], [ 123.3235531, 0.31288472, 0.0 ], [ 123.32356232, 0.31288134, 0.0 ], [ 123.32357091, 0.31287819, 0.0 ], [ 123.32360922, 0.31286768, 0.0 ], [ 123.32363236, 0.31286132, 0.0 ], [ 123.32365539, 0.312855, 0.0 ], [ 123.32367751, 0.31284949, 0.0 ], [ 123.32369369, 0.31284623, 0.0 ], [ 123.32370768, 0.31284341, 0.0 ], [ 123.32372189, 0.31284304, 0.0 ], [ 123.32374446, 0.31284628, 0.0 ], [ 123.32379884, 0.3128541, 0.0 ], [ 123.32383384, 0.31285913, 0.0 ], [ 123.32386545, 0.31286368, 0.0 ], [ 123.32387858, 0.31286557, 0.0 ], [ 123.32389111, 0.31286737, 0.0 ], [ 123.32389666, 0.31286817, 0.0 ], [ 123.32390792, 0.3128646, 0.0 ], [ 123.32391977, 0.31286009, 0.0 ], [ 123.32393832, 0.31286009, 0.0 ], [ 123.32395544, 0.31286009, 0.0 ], [ 123.32396971, 0.31286009, 0.0 ], [ 123.3239804, 0.31286077, 0.0 ], [ 123.32401119, 0.3128649, 0.0 ], [ 123.32403677, 0.31286834, 0.0 ], [ 123.32407983, 0.31287412, 0.0 ], [ 123.32410483, 0.31287747, 0.0 ], [ 123.3241195, 0.31287818, 0.0 ], [ 123.32414804, 0.31287818, 0.0 ], [ 123.32417835, 0.31287818, 0.0 ], [ 123.32423078, 0.31287818, 0.0 ], [ 123.32431603, 0.31287817, 0.0 ], [ 123.32432994, 0.31287817, 0.0 ], [ 123.32434271, 0.31287657, 0.0 ], [ 123.32435678, 0.31287374, 0.0 ], [ 123.3243742, 0.31287023, 0.0 ], [ 123.32438766, 0.31287158, 0.0 ], [ 123.32442528, 0.31288324, 0.0 ], [ 123.32445137, 0.31289132, 0.0 ], [ 123.3244736, 0.3128982, 0.0 ], [ 123.32448934, 0.31290308, 0.0 ], [ 123.32449943, 0.31291112, 0.0 ], [ 123.32450314, 0.31291859, 0.0 ], [ 123.32451123, 0.31292473, 0.0 ], [ 123.32453577, 0.31293043, 0.0 ], [ 123.32455984, 0.31293602, 0.0 ], [ 123.32459928, 0.31294518, 0.0 ], [ 123.32461733, 0.31294937, 0.0 ], [ 123.32463593, 0.31295215, 0.0 ], [ 123.32467876, 0.31295722, 0.0 ], [ 123.3247611, 0.31296697, 0.0 ], [ 123.32480916, 0.3129732, 0.0 ], [ 123.32483834, 0.31297711, 0.0 ], [ 123.32485509, 0.31297936, 0.0 ], [ 123.32487394, 0.31298189, 0.0 ], [ 123.32488948, 0.31298398, 0.0 ], [ 123.32490186, 0.31298564, 0.0 ], [ 123.32490993, 0.31299577, 0.0 ], [ 123.32492577, 0.31300067, 0.0 ], [ 123.32497217, 0.31301504, 0.0 ], [ 123.32499806, 0.31302306, 0.0 ], [ 123.32501713, 0.31302897, 0.0 ], [ 123.32502676, 0.31303195, 0.0 ], [ 123.32503575, 0.313041, 0.0 ], [ 123.32504491, 0.31304588, 0.0 ], [ 123.32510444, 0.31307761, 0.0 ], [ 123.32515036, 0.31310208, 0.0 ], [ 123.32518418, 0.3131201, 0.0 ], [ 123.32521956, 0.31313804, 0.0 ], [ 123.32523268, 0.31314465, 0.0 ], [ 123.32524885, 0.31315036, 0.0 ], [ 123.32528212, 0.31315455, 0.0 ], [ 123.32530548, 0.31315749, 0.0 ], [ 123.32531434, 0.3131586, 0.0 ], [ 123.32532609, 0.31315582, 0.0 ], [ 123.32533643, 0.31314541, 0.0 ], [ 123.32534435, 0.3131336, 0.0 ], [ 123.32535442, 0.31311078, 0.0 ], [ 123.32535834, 0.31310192, 0.0 ], [ 123.32536818, 0.31309659, 0.0 ], [ 123.32537725, 0.31309527, 0.0 ], [ 123.32539403, 0.31309256, 0.0 ], [ 123.32540579, 0.313097, 0.0 ], [ 123.32541877, 0.3131019, 0.0 ], [ 123.32543374, 0.31310755, 0.0 ], [ 123.32544914, 0.31311336, 0.0 ], [ 123.32545547, 0.31311814, 0.0 ], [ 123.32546808, 0.31312766, 0.0 ], [ 123.32548075, 0.31313723, 0.0 ], [ 123.32548509, 0.3131405, 0.0 ], [ 123.32551307, 0.31315459, 0.0 ], [ 123.32553509, 0.31316449, 0.0 ], [ 123.32556104, 0.31317538, 0.0 ], [ 123.32558505, 0.31318545, 0.0 ], [ 123.3255982, 0.31319096, 0.0 ], [ 123.32562418, 0.31320186, 0.0 ], [ 123.3256258, 0.31320254, 0.0 ], [ 123.32568587, 0.31323251, 0.0 ], [ 123.32573226, 0.31325692, 0.0 ], [ 123.32578431, 0.31328487, 0.0 ], [ 123.3258216, 0.31330488, 0.0 ], [ 123.32583558, 0.31331239, 0.0 ], [ 123.32585019, 0.31331729, 0.0 ], [ 123.32586254, 0.31332144, 0.0 ], [ 123.32590511, 0.31335572, 0.0 ], [ 123.32592108, 0.31336858, 0.0 ], [ 123.32593704, 0.31338143, 0.0 ], [ 123.32594978, 0.3133917, 0.0 ], [ 123.32596379, 0.31339798, 0.0 ], [ 123.32599644, 0.31340993, 0.0 ], [ 123.32602557, 0.31342059, 0.0 ], [ 123.32604507, 0.31342773, 0.0 ], [ 123.32606404, 0.31343, 0.0 ], [ 123.32608865, 0.31342999, 0.0 ], [ 123.3261072, 0.31342999, 0.0 ], [ 123.32611992, 0.31343289, 0.0 ], [ 123.32613965, 0.31343904, 0.0 ], [ 123.3261582, 0.31343904, 0.0 ], [ 123.32621302, 0.31343904, 0.0 ], [ 123.3262939, 0.31343904, 0.0 ], [ 123.32630984, 0.31343758, 0.0 ], [ 123.32635782, 0.31343318, 0.0 ], [ 123.32638329, 0.31343085, 0.0 ], [ 123.32640417, 0.31342711, 0.0 ], [ 123.32643254, 0.31341997, 0.0 ], [ 123.32646048, 0.31341294, 0.0 ], [ 123.32647274, 0.31340985, 0.0 ], [ 123.32649111, 0.31340523, 0.0 ], [ 123.3265006, 0.31340284, 0.0 ], [ 123.32650958, 0.31340284, 0.0 ], [ 123.32652047, 0.31339846, 0.0 ], [ 123.32653867, 0.31339113, 0.0 ], [ 123.32654956, 0.31338674, 0.0 ], [ 123.32656051, 0.31338474, 0.0 ], [ 123.32659047, 0.31338474, 0.0 ], [ 123.32661615, 0.31338474, 0.0 ], [ 123.32662828, 0.31338474, 0.0 ], [ 123.32664226, 0.31338301, 0.0 ], [ 123.32665392, 0.31338008, 0.0 ], [ 123.32667281, 0.31337532, 0.0 ], [ 123.3267047, 0.3133673, 0.0 ], [ 123.32672534, 0.3133621, 0.0 ], [ 123.32673558, 0.31335952, 0.0 ], [ 123.32675168, 0.3133576, 0.0 ], [ 123.3267702, 0.3133576, 0.0 ], [ 123.32680332, 0.31335456, 0.0 ], [ 123.32683422, 0.31335173, 0.0 ], [ 123.32685095, 0.3133502, 0.0 ], [ 123.32686178, 0.31334921, 0.0 ], [ 123.32687276, 0.31334482, 0.0 ], [ 123.32689201, 0.31332543, 0.0 ], [ 123.32691794, 0.31330209, 0.0 ], [ 123.3269544, 0.31326997, 0.0 ], [ 123.32696102, 0.31326414, 0.0 ], [ 123.3269798, 0.31325208, 0.0 ], [ 123.32701618, 0.31323377, 0.0 ], [ 123.32707574, 0.31320378, 0.0 ], [ 123.32708021, 0.31320186, 0.0 ], [ 123.3271329, 0.31317912, 0.0 ], [ 123.3271877, 0.31315548, 0.0 ], [ 123.32720156, 0.3131495, 0.0 ], [ 123.32722965, 0.31313921, 0.0 ], [ 123.32727859, 0.31312129, 0.0 ], [ 123.32729574, 0.31311501, 0.0 ], [ 123.3273303, 0.31310041, 0.0 ], [ 123.32738634, 0.31307563, 0.0 ], [ 123.32742713, 0.31305696, 0.0 ], [ 123.32746217, 0.31304092, 0.0 ], [ 123.32749451, 0.31302316, 0.0 ], [ 123.32752089, 0.31300867, 0.0 ], [ 123.32754096, 0.31299765, 0.0 ], [ 123.3275565, 0.31298912, 0.0 ], [ 123.32756102, 0.31298664, 0.0 ], [ 123.32757307, 0.31298311, 0.0 ], [ 123.32758867, 0.31296516, 0.0 ], [ 123.32759607, 0.31295665, 0.0 ], [ 123.32760224, 0.31294955, 0.0 ], [ 123.32761265, 0.31294787, 0.0 ], [ 123.3276262, 0.31294356, 0.0 ], [ 123.3276394, 0.31293925, 0.0 ], [ 123.32765089, 0.31293235, 0.0 ], [ 123.3276905, 0.31291362, 0.0 ], [ 123.32773435, 0.312894, 0.0 ], [ 123.32774974, 0.31288711, 0.0 ], [ 123.32776415, 0.31287595, 0.0 ], [ 123.32782674, 0.31282748, 0.0 ], [ 123.32785812, 0.31280317, 0.0 ], [ 123.32787638, 0.31278855, 0.0 ], [ 123.32791889, 0.31275353, 0.0 ], [ 123.32793965, 0.31273643, 0.0 ], [ 123.32795711, 0.31272205, 0.0 ], [ 123.32796541, 0.31271521, 0.0 ], [ 123.32798171, 0.3126988, 0.0 ], [ 123.32798271, 0.3126978, 0.0 ], [ 123.32799751, 0.3126829, 0.0 ], [ 123.32800136, 0.31267902, 0.0 ], [ 123.32802397, 0.31266081, 0.0 ], [ 123.32803701, 0.3126503, 0.0 ], [ 123.32804629, 0.31264283, 0.0 ], [ 123.32805273, 0.31262663, 0.0 ], [ 123.32806134, 0.31260496, 0.0 ], [ 123.32806658, 0.31259468, 0.0 ], [ 123.32807768, 0.31258071, 0.0 ], [ 123.32808728, 0.31256863, 0.0 ], [ 123.32809626, 0.31255733, 0.0 ], [ 123.32810296, 0.31254128, 0.0 ], [ 123.32810581, 0.31252979, 0.0 ], [ 123.32810789, 0.31252143, 0.0 ], [ 123.32811408, 0.3125096, 0.0 ], [ 123.32813616, 0.31247998, 0.0 ], [ 123.32814994, 0.31245916, 0.0 ], [ 123.32816091, 0.31244259, 0.0 ], [ 123.32816777, 0.31243223, 0.0 ], [ 123.3281721, 0.31242569, 0.0 ], [ 123.32818305, 0.31241743, 0.0 ], [ 123.32819714, 0.31240678, 0.0 ], [ 123.32820805, 0.31239855, 0.0 ], [ 123.3282194, 0.31239169, 0.0 ], [ 123.32823272, 0.31238364, 0.0 ], [ 123.328245, 0.31237623, 0.0 ], [ 123.3282574, 0.31236548, 0.0 ], [ 123.3282758, 0.31234078, 0.0 ], [ 123.32828383, 0.3123313, 0.0 ], [ 123.3283069, 0.31230808, 0.0 ], [ 123.3283189, 0.3122975, 0.0 ], [ 123.32834159, 0.31227752, 0.0 ], [ 123.32837396, 0.312249, 0.0 ], [ 123.32838778, 0.3122357, 0.0 ], [ 123.32840237, 0.3122259, 0.0 ], [ 123.32841473, 0.3122176, 0.0 ], [ 123.32842549, 0.31220677, 0.0 ], [ 123.32843958, 0.31219259, 0.0 ], [ 123.32845068, 0.31218141, 0.0 ], [ 123.32849124, 0.31215419, 0.0 ], [ 123.32852762, 0.31212977, 0.0 ], [ 123.3285542, 0.31211193, 0.0 ], [ 123.32855852, 0.31210903, 0.0 ], [ 123.32856751, 0.31209998, 0.0 ], [ 123.32858121, 0.31208848, 0.0 ], [ 123.32859588, 0.31207618, 0.0 ], [ 123.32860977, 0.31206452, 0.0 ], [ 123.32862143, 0.31205475, 0.0 ], [ 123.32863154, 0.31204116, 0.0 ], [ 123.32863899, 0.31203117, 0.0 ], [ 123.32864434, 0.31202398, 0.0 ], [ 123.32864838, 0.31201856, 0.0 ], [ 123.32866147, 0.31201065, 0.0 ], [ 123.32868166, 0.31199845, 0.0 ], [ 123.32870411, 0.31198538, 0.0 ], [ 123.32872113, 0.31197586, 0.0 ], [ 123.32873905, 0.31196583, 0.0 ], [ 123.32875374, 0.31195762, 0.0 ], [ 123.32876367, 0.31195206, 0.0 ], [ 123.32877079, 0.31194808, 0.0 ], [ 123.32877804, 0.31194231, 0.0 ], [ 123.32878963, 0.31193064, 0.0 ], [ 123.32880116, 0.31191903, 0.0 ], [ 123.32881057, 0.3119143, 0.0 ], [ 123.32881913, 0.31190584, 0.0 ], [ 123.32881913, 0.31190094, 0.0 ], [ 123.3288269, 0.31189312, 0.0 ], [ 123.32884134, 0.31187857, 0.0 ], [ 123.32886149, 0.31185829, 0.0 ], [ 123.32887487, 0.31184482, 0.0 ], [ 123.32888003, 0.31183962, 0.0 ], [ 123.3289166, 0.31180281, 0.0 ], [ 123.32892697, 0.31179237, 0.0 ], [ 123.32894924, 0.31177555, 0.0 ], [ 123.32896882, 0.31176077, 0.0 ], [ 123.32899159, 0.31174358, 0.0 ], [ 123.32899886, 0.31173808, 0.0 ], [ 123.32902366, 0.31171311, 0.0 ], [ 123.32906503, 0.31167146, 0.0 ], [ 123.3290752, 0.31166123, 0.0 ], [ 123.32907974, 0.31165666, 0.0 ], [ 123.32910358, 0.31164225, 0.0 ], [ 123.32911948, 0.31163265, 0.0 ], [ 123.32913377, 0.3116193, 0.0 ], [ 123.32914519, 0.31161068, 0.0 ], [ 123.32915481, 0.31159883, 0.0 ], [ 123.32916061, 0.31159332, 0.0 ], [ 123.32919434, 0.31156616, 0.0 ], [ 123.32922844, 0.3115387, 0.0 ], [ 123.32925048, 0.31152094, 0.0 ], [ 123.32926472, 0.31150661, 0.0 ], [ 123.32928184, 0.31148937, 0.0 ], [ 123.32929541, 0.31147571, 0.0 ], [ 123.32930686, 0.31145649, 0.0 ], [ 123.32932074, 0.31143321, 0.0 ], [ 123.32933196, 0.31141599, 0.0 ], [ 123.32934034, 0.31140333, 0.0 ], [ 123.32935299, 0.31139314, 0.0 ], [ 123.32935344, 0.31139278, 0.0 ], [ 123.32937567, 0.31137488, 0.0 ], [ 123.32938894, 0.31136345, 0.0 ], [ 123.32939786, 0.31135447, 0.0 ], [ 123.32940839, 0.31134904, 0.0 ], [ 123.32942052, 0.31134904, 0.0 ], [ 123.3294355, 0.31134904, 0.0 ], [ 123.32944742, 0.3113449, 0.0 ], [ 123.32945717, 0.31133999, 0.0 ], [ 123.32946562, 0.31133149, 0.0 ], [ 123.32948274, 0.31131425, 0.0 ], [ 123.32949629, 0.3113006, 0.0 ], [ 123.32950753, 0.31128929, 0.0 ], [ 123.32951237, 0.31128121, 0.0 ], [ 123.32951576, 0.31126926, 0.0 ], [ 123.32951909, 0.3112575, 0.0 ], [ 123.32952254, 0.31124536, 0.0 ], [ 123.32952531, 0.31123559, 0.0 ], [ 123.3295276, 0.31122752, 0.0 ], [ 123.32953286, 0.31122252, 0.0 ], [ 123.3295375, 0.31122001, 0.0 ], [ 123.32954285, 0.31122001, 0.0 ], [ 123.32955177, 0.3112236, 0.0 ], [ 123.32955967, 0.31122606, 0.0 ], [ 123.32956698, 0.31123342, 0.0 ], [ 123.32957399, 0.31124047, 0.0 ], [ 123.32957959, 0.3112455, 0.0 ], [ 123.32958708, 0.31124945, 0.0 ], [ 123.32959992, 0.31125017, 0.0 ], [ 123.32960994, 0.31124952, 0.0 ], [ 123.32962791, 0.31124047, 0.0 ], [ 123.32965166, 0.31122453, 0.0 ], [ 123.32967642, 0.31120719, 0.0 ], [ 123.32969742, 0.31119239, 0.0 ], [ 123.32972047, 0.31117615, 0.0 ], [ 123.329732, 0.31116802, 0.0 ], [ 123.32974474, 0.31115904, 0.0 ], [ 123.32977478, 0.31115148, 0.0 ], [ 123.32981129, 0.31114229, 0.0 ], [ 123.32985258, 0.3111319, 0.0 ], [ 123.32989053, 0.31112043, 0.0 ], [ 123.3299382, 0.31110603, 0.0 ], [ 123.32998395, 0.31109082, 0.0 ], [ 123.33003691, 0.31107305, 0.0 ], [ 123.33008244, 0.31105642, 0.0 ], [ 123.33012617, 0.3110394, 0.0 ], [ 123.33014258, 0.31103115, 0.0 ], [ 123.33016683, 0.31101894, 0.0 ], [ 123.33017984, 0.31101427, 0.0 ], [ 123.33019232, 0.31101427, 0.0 ], [ 123.33020409, 0.31101427, 0.0 ], [ 123.33022053, 0.31101, 0.0 ], [ 123.33023908, 0.31100066, 0.0 ], [ 123.3302619, 0.31098917, 0.0 ], [ 123.33027498, 0.31098383, 0.0 ], [ 123.3303082, 0.31097167, 0.0 ], [ 123.33033013, 0.31096364, 0.0 ], [ 123.3303476, 0.31095724, 0.0 ], [ 123.33036482, 0.31095094, 0.0 ], [ 123.33038058, 0.31094838, 0.0 ], [ 123.3304047, 0.31093927, 0.0 ], [ 123.3304457, 0.31092379, 0.0 ], [ 123.33049063, 0.3109057, 0.0 ], [ 123.33051867, 0.3108936, 0.0 ], [ 123.33053223, 0.31088775, 0.0 ], [ 123.33054777, 0.31088104, 0.0 ], [ 123.33056182, 0.31087855, 0.0 ], [ 123.33058822, 0.31087855, 0.0 ], [ 123.33061425, 0.31087855, 0.0 ], [ 123.33062543, 0.31087855, 0.0 ], [ 123.33064522, 0.31087674, 0.0 ], [ 123.330673, 0.3108742, 0.0 ], [ 123.33067666, 0.31087386, 0.0 ], [ 123.33069638, 0.31087206, 0.0 ], [ 123.33071696, 0.31087017, 0.0 ], [ 123.3307318, 0.31087166, 0.0 ], [ 123.33076624, 0.31088157, 0.0 ], [ 123.33078244, 0.31088623, 0.0 ], [ 123.33079604, 0.31088611, 0.0 ], [ 123.33082421, 0.31088138, 0.0 ], [ 123.33083398, 0.31087974, 0.0 ], [ 123.33085083, 0.31087202, 0.0 ], [ 123.33086202, 0.31086451, 0.0 ], [ 123.33088184, 0.31085698, 0.0 ], [ 123.33090534, 0.31085107, 0.0 ], [ 123.33093488, 0.31084363, 0.0 ], [ 123.33095494, 0.31083632, 0.0 ], [ 123.33098064, 0.31082597, 0.0 ], [ 123.33101016, 0.31081408, 0.0 ], [ 123.33102983, 0.31080616, 0.0 ], [ 123.33105893, 0.3107964, 0.0 ], [ 123.33108236, 0.31078853, 0.0 ], [ 123.33110173, 0.31078203, 0.0 ], [ 123.33111703, 0.3107769, 0.0 ], [ 123.33113222, 0.3107718, 0.0 ], [ 123.33113767, 0.31076997, 0.0 ], [ 123.33116517, 0.31076443, 0.0 ], [ 123.3311826, 0.31076092, 0.0 ], [ 123.33119665, 0.31075527, 0.0 ], [ 123.3312095, 0.31075009, 0.0 ], [ 123.33122045, 0.31074568, 0.0 ], [ 123.33123388, 0.31074362, 0.0 ], [ 123.33125473, 0.31074625, 0.0 ], [ 123.33127699, 0.31074905, 0.0 ], [ 123.331287, 0.31075031, 0.0 ], [ 123.33129943, 0.31075187, 0.0 ], [ 123.33130559, 0.31075807, 0.0 ], [ 123.33132079, 0.31076092, 0.0 ], [ 123.33133649, 0.31076092, 0.0 ], [ 123.33134861, 0.31076092, 0.0 ], [ 123.33136324, 0.31076092, 0.0 ], [ 123.33136966, 0.31076092, 0.0 ], [ 123.3314039, 0.31076091, 0.0 ], [ 123.33142023, 0.31076624, 0.0 ], [ 123.33142798, 0.31077664, 0.0 ], [ 123.33143611, 0.31078756, 0.0 ], [ 123.33144, 0.31079279, 0.0 ], [ 123.33144894, 0.31079825, 0.0 ], [ 123.33146677, 0.31080184, 0.0 ], [ 123.33148262, 0.31080503, 0.0 ], [ 123.33150448, 0.31080615, 0.0 ], [ 123.33152873, 0.31080615, 0.0 ], [ 123.33154478, 0.31080615, 0.0 ], [ 123.3315539, 0.31080329, 0.0 ], [ 123.33156368, 0.3107971, 0.0 ], [ 123.33157497, 0.3107971, 0.0 ], [ 123.33159328, 0.3107971, 0.0 ], [ 123.33160755, 0.3107971, 0.0 ], [ 123.33162538, 0.3107971, 0.0 ], [ 123.33163953, 0.31080015, 0.0 ], [ 123.33165724, 0.31080728, 0.0 ], [ 123.33167175, 0.31081313, 0.0 ], [ 123.33168281, 0.31081519, 0.0 ], [ 123.33172382, 0.31081519, 0.0 ], [ 123.3317495, 0.31081519, 0.0 ], [ 123.33177233, 0.31081519, 0.0 ], [ 123.33179444, 0.31081518, 0.0 ], [ 123.331803, 0.31081518, 0.0 ], [ 123.33181755, 0.3108211, 0.0 ], [ 123.33182936, 0.31082264, 0.0 ], [ 123.33185271, 0.31081836, 0.0 ], [ 123.33185921, 0.31081717, 0.0 ], [ 123.33188815, 0.31081188, 0.0 ], [ 123.33190466, 0.31080885, 0.0 ], [ 123.33191363, 0.31080721, 0.0 ], [ 123.33192679, 0.31081345, 0.0 ], [ 123.33193446, 0.31082117, 0.0 ], [ 123.33193749, 0.31083328, 0.0 ], [ 123.33193749, 0.31084939, 0.0 ], [ 123.33193749, 0.31085872, 0.0 ], [ 123.33194246, 0.31086626, 0.0 ], [ 123.33195061, 0.31087191, 0.0 ], [ 123.33196506, 0.31087268, 0.0 ], [ 123.33197951, 0.31087753, 0.0 ], [ 123.33199844, 0.31088388, 0.0 ], [ 123.33200939, 0.31088756, 0.0 ], [ 123.33204135, 0.31090134, 0.0 ], [ 123.33206795, 0.31091282, 0.0 ], [ 123.33207483, 0.31091853, 0.0 ], [ 123.33208454, 0.31093319, 0.0 ], [ 123.33208844, 0.31093908, 0.0 ], [ 123.33209735, 0.3109454, 0.0 ], [ 123.33212632, 0.31095998, 0.0 ], [ 123.33213987, 0.3109668, 0.0 ], [ 123.33215092, 0.31097002, 0.0 ], [ 123.33219771, 0.31097726, 0.0 ], [ 123.33224287, 0.31098426, 0.0 ], [ 123.33226102, 0.31098707, 0.0 ], [ 123.33228562, 0.31099202, 0.0 ], [ 123.33229948, 0.31099481, 0.0 ], [ 123.33231223, 0.31099927, 0.0 ], [ 123.33232392, 0.31100516, 0.0 ], [ 123.33236628, 0.31101463, 0.0 ], [ 123.33241469, 0.31102546, 0.0 ], [ 123.33244041, 0.31103121, 0.0 ], [ 123.33246597, 0.31103693, 0.0 ], [ 123.3324818, 0.31104047, 0.0 ], [ 123.33249493, 0.31104134, 0.0 ], [ 123.33251631, 0.31104168, 0.0 ], [ 123.33253532, 0.31104342, 0.0 ], [ 123.33256539, 0.31104617, 0.0 ], [ 123.3325859, 0.31104804, 0.0 ], [ 123.33260041, 0.31104937, 0.0 ], [ 123.33262052, 0.31105318, 0.0 ], [ 123.33264651, 0.31106123, 0.0 ], [ 123.33267573, 0.31107028, 0.0 ], [ 123.33270403, 0.31107904, 0.0 ], [ 123.33271834, 0.31108348, 0.0 ], [ 123.33272833, 0.31108657, 0.0 ], [ 123.33273654, 0.3110907, 0.0 ], [ 123.33274182, 0.31109336, 0.0 ], [ 123.33275535, 0.31109492, 0.0 ], [ 123.33279891, 0.31109154, 0.0 ], [ 123.33282798, 0.31108929, 0.0 ], [ 123.33284181, 0.31108822, 0.0 ], [ 123.33285654, 0.31108708, 0.0 ], [ 123.33286979, 0.31108992, 0.0 ], [ 123.33287678, 0.31109344, 0.0 ], [ 123.33288833, 0.31109561, 0.0 ], [ 123.33290973, 0.31109561, 0.0 ], [ 123.33294183, 0.31109561, 0.0 ], [ 123.3329832, 0.31109561, 0.0 ], [ 123.3330046, 0.31109561, 0.0 ], [ 123.33301067, 0.31109561, 0.0 ], [ 123.33302177, 0.31109364, 0.0 ], [ 123.33303386, 0.31108958, 0.0 ], [ 123.33304974, 0.31108557, 0.0 ], [ 123.33307635, 0.31108174, 0.0 ], [ 123.33309248, 0.31107942, 0.0 ], [ 123.33309867, 0.31107853, 0.0 ], [ 123.33311272, 0.31107891, 0.0 ], [ 123.33312993, 0.31108238, 0.0 ], [ 123.33314701, 0.31108581, 0.0 ], [ 123.3331612, 0.31108505, 0.0 ], [ 123.3331951, 0.31108017, 0.0 ], [ 123.33323545, 0.31107437, 0.0 ], [ 123.33326481, 0.31107014, 0.0 ], [ 123.3332716, 0.31106917, 0.0 ], [ 123.33328529, 0.31106405, 0.0 ], [ 123.33329042, 0.31106146, 0.0 ], [ 123.33330206, 0.31105941, 0.0 ], [ 123.33331247, 0.31105941, 0.0 ], [ 123.33332828, 0.31105304, 0.0 ], [ 123.33334027, 0.31104821, 0.0 ], [ 123.33335239, 0.31104333, 0.0 ], [ 123.33336722, 0.31104049, 0.0 ], [ 123.33337161, 0.31104012, 0.0 ], [ 123.33339405, 0.31103824, 0.0 ], [ 123.33342097, 0.31103598, 0.0 ], [ 123.33344494, 0.31103397, 0.0 ], [ 123.3334607, 0.31103265, 0.0 ], [ 123.33347504, 0.31103226, 0.0 ], [ 123.33348783, 0.31102838, 0.0 ], [ 123.33350127, 0.31101711, 0.0 ], [ 123.33351955, 0.31100178, 0.0 ], [ 123.33353127, 0.31099195, 0.0 ], [ 123.33354392, 0.31098566, 0.0 ], [ 123.33356175, 0.31098207, 0.0 ], [ 123.33358207, 0.31097798, 0.0 ], [ 123.33360832, 0.31097269, 0.0 ], [ 123.33361978, 0.31097038, 0.0 ], [ 123.33363121, 0.31096711, 0.0 ], [ 123.33365484, 0.31095692, 0.0 ], [ 123.33367512, 0.31095453, 0.0 ], [ 123.3336926, 0.31095202, 0.0 ], [ 123.33370352, 0.31094967, 0.0 ], [ 123.33372466, 0.31094435, 0.0 ], [ 123.33373484, 0.31094178, 0.0 ], [ 123.33375073, 0.31094178, 0.0 ], [ 123.33376643, 0.31094178, 0.0 ], [ 123.33377977, 0.31094178, 0.0 ], [ 123.33379009, 0.31093971, 0.0 ], [ 123.3338084, 0.31093602, 0.0 ], [ 123.33382471, 0.31093273, 0.0 ], [ 123.33383809, 0.31092824, 0.0 ], [ 123.33385821, 0.31092149, 0.0 ], [ 123.33387863, 0.31091464, 0.0 ], [ 123.33389839, 0.31090966, 0.0 ], [ 123.33391457, 0.31090559, 0.0 ], [ 123.33393103, 0.31089896, 0.0 ], [ 123.33394474, 0.31089344, 0.0 ], [ 123.33395951, 0.31088749, 0.0 ], [ 123.33397779, 0.31088289, 0.0 ], [ 123.33399545, 0.31087845, 0.0 ], [ 123.33401352, 0.31087481, 0.0 ], [ 123.3340319, 0.31087111, 0.0 ], [ 123.33404642, 0.31086696, 0.0 ], [ 123.33408178, 0.31085273, 0.0 ], [ 123.33411032, 0.31084162, 0.0 ], [ 123.33413726, 0.31083119, 0.0 ], [ 123.33416266, 0.31082135, 0.0 ], [ 123.33418673, 0.31081203, 0.0 ], [ 123.33420539, 0.31080476, 0.0 ], [ 123.33424327, 0.3107895, 0.0 ], [ 123.33426159, 0.31078212, 0.0 ], [ 123.33427254, 0.31077771, 0.0 ], [ 123.33428336, 0.31077335, 0.0 ], [ 123.33429201, 0.31076987, 0.0 ], [ 123.334301, 0.31076987, 0.0 ], [ 123.33431442, 0.31076311, 0.0 ], [ 123.3343324, 0.31075406, 0.0 ], [ 123.3343538, 0.31074329, 0.0 ], [ 123.33437106, 0.3107346, 0.0 ], [ 123.33438547, 0.31072735, 0.0 ], [ 123.33439664, 0.31072076, 0.0 ], [ 123.33441782, 0.31070654, 0.0 ], [ 123.33443266, 0.31070137, 0.0 ], [ 123.33444372, 0.31069706, 0.0 ], [ 123.33445813, 0.31068639, 0.0 ], [ 123.33446769, 0.3106784, 0.0 ], [ 123.33448237, 0.31067544, 0.0 ], [ 123.33449204, 0.3106735, 0.0 ], [ 123.33450425, 0.31067104, 0.0 ], [ 123.33451914, 0.31065881, 0.0 ], [ 123.33452566, 0.31065225, 0.0 ], [ 123.33454038, 0.31064417, 0.0 ], [ 123.33455447, 0.31063643, 0.0 ], [ 123.33457296, 0.31062627, 0.0 ], [ 123.33458923, 0.31061734, 0.0 ], [ 123.33460212, 0.31061026, 0.0 ], [ 123.33461427, 0.31060359, 0.0 ], [ 123.33462451, 0.31059796, 0.0 ], [ 123.33463946, 0.31059496, 0.0 ], [ 123.33465147, 0.31058892, 0.0 ], [ 123.33467005, 0.3105819, 0.0 ], [ 123.33468909, 0.31057471, 0.0 ], [ 123.33471078, 0.31056652, 0.0 ], [ 123.33473717, 0.31055714, 0.0 ], [ 123.33475953, 0.31054964, 0.0 ], [ 123.33478885, 0.3105398, 0.0 ], [ 123.33480425, 0.31053463, 0.0 ], [ 123.33485688, 0.31050813, 0.0 ], [ 123.33488127, 0.31049585, 0.0 ], [ 123.33489399, 0.31048879, 0.0 ], [ 123.33489746, 0.31048686, 0.0 ], [ 123.33491304, 0.3104751, 0.0 ], [ 123.33492451, 0.31046644, 0.0 ], [ 123.33494238, 0.31045759, 0.0 ], [ 123.33495579, 0.31045253, 0.0 ], [ 123.3349731, 0.31044599, 0.0 ], [ 123.33499663, 0.31043711, 0.0 ], [ 123.33501035, 0.31042906, 0.0 ], [ 123.33502439, 0.31041897, 0.0 ], [ 123.33506486, 0.31038986, 0.0 ], [ 123.33509981, 0.31035859, 0.0 ], [ 123.33512403, 0.31033691, 0.0 ], [ 123.33514131, 0.31032144, 0.0 ], [ 123.33516232, 0.31030914, 0.0 ], [ 123.33516824, 0.31030616, 0.0 ], [ 123.33518168, 0.31029939, 0.0 ], [ 123.33520669, 0.3102868, 0.0 ], [ 123.33521763, 0.31028129, 0.0 ], [ 123.33522956, 0.31027128, 0.0 ], [ 123.33524738, 0.31025633, 0.0 ], [ 123.33526005, 0.3102457, 0.0 ], [ 123.33527155, 0.31023606, 0.0 ], [ 123.33529066, 0.31022644, 0.0 ], [ 123.33530749, 0.31021796, 0.0 ], [ 123.33531746, 0.31020793, 0.0 ], [ 123.33533939, 0.31018585, 0.0 ], [ 123.3353558, 0.31016933, 0.0 ], [ 123.33536436, 0.31016071, 0.0 ], [ 123.3353834, 0.31015245, 0.0 ], [ 123.33539815, 0.31014997, 0.0 ], [ 123.33541429, 0.31014726, 0.0 ], [ 123.33543462, 0.31013521, 0.0 ], [ 123.33543491, 0.31013492, 0.0 ], [ 123.33544835, 0.31012139, 0.0 ], [ 123.33545601, 0.31011367, 0.0 ], [ 123.33546548, 0.31010764, 0.0 ], [ 123.33547768, 0.31010355, 0.0 ], [ 123.33548722, 0.31010034, 0.0 ], [ 123.3355055, 0.3100893, 0.0 ], [ 123.33551736, 0.31008214, 0.0 ], [ 123.33553216, 0.3100732, 0.0 ], [ 123.3355448, 0.31006365, 0.0 ], [ 123.33555313, 0.31005736, 0.0 ], [ 123.33556443, 0.31004883, 0.0 ], [ 123.33557282, 0.31004131, 0.0 ], [ 123.33557888, 0.31003521, 0.0 ], [ 123.33558608, 0.31002796, 0.0 ], [ 123.3355993, 0.31002131, 0.0 ], [ 123.33560643, 0.31001572, 0.0 ], [ 123.3356191, 0.30999872, 0.0 ], [ 123.33562423, 0.30999182, 0.0 ], [ 123.33563101, 0.30998272, 0.0 ], [ 123.33563781, 0.3099793, 0.0 ], [ 123.3356605, 0.30996788, 0.0 ], [ 123.33567751, 0.30995755, 0.0 ], [ 123.33569298, 0.30994716, 0.0 ], [ 123.33570401, 0.30993976, 0.0 ], [ 123.33571529, 0.30993219, 0.0 ], [ 123.33572662, 0.30992651, 0.0 ], [ 123.33574331, 0.30992091, 0.0 ], [ 123.33575636, 0.30991653, 0.0 ], [ 123.33576931, 0.30991218, 0.0 ], [ 123.33577686, 0.30990618, 0.0 ], [ 123.33578093, 0.30989799, 0.0 ], [ 123.33578902, 0.30989225, 0.0 ], [ 123.33579636, 0.30988863, 0.0 ], [ 123.33580629, 0.30988124, 0.0 ], [ 123.33581822, 0.3098761, 0.0 ], [ 123.33584202, 0.30986583, 0.0 ], [ 123.33585924, 0.3098584, 0.0 ], [ 123.33587265, 0.30984801, 0.0 ], [ 123.33588477, 0.30983581, 0.0 ], [ 123.33589726, 0.30982324, 0.0 ], [ 123.33590879, 0.30981712, 0.0 ], [ 123.33592751, 0.30981084, 0.0 ], [ 123.33594517, 0.30980491, 0.0 ], [ 123.33595452, 0.30980177, 0.0 ], [ 123.33596819, 0.30979194, 0.0 ], [ 123.33598327, 0.3097811, 0.0 ], [ 123.33599684, 0.30977134, 0.0 ], [ 123.33600949, 0.30976224, 0.0 ], [ 123.33601743, 0.30975653, 0.0 ], [ 123.3360331, 0.30974864, 0.0 ], [ 123.33604323, 0.30974354, 0.0 ], [ 123.33605338, 0.30973844, 0.0 ], [ 123.33607497, 0.30971669, 0.0 ], [ 123.33609191, 0.30969964, 0.0 ], [ 123.33610333, 0.30968815, 0.0 ], [ 123.33611206, 0.30967935, 0.0 ], [ 123.33611987, 0.30966788, 0.0 ], [ 123.33612714, 0.30965399, 0.0 ], [ 123.33613387, 0.30964315, 0.0 ], [ 123.33614147, 0.30963092, 0.0 ], [ 123.33614762, 0.30962101, 0.0 ], [ 123.3361578, 0.3096148, 0.0 ], [ 123.33617278, 0.30960906, 0.0 ], [ 123.33618384, 0.30960798, 0.0 ], [ 123.33619632, 0.30960798, 0.0 ], [ 123.33621522, 0.30960798, 0.0 ], [ 123.33623311, 0.30961177, 0.0 ], [ 123.33625195, 0.30960545, 0.0 ], [ 123.33626199, 0.30959885, 0.0 ], [ 123.3362672, 0.30958836, 0.0 ], [ 123.33626905, 0.30958033, 0.0 ], [ 123.33626905, 0.30956561, 0.0 ], [ 123.33627514, 0.3095534, 0.0 ], [ 123.33627804, 0.30954478, 0.0 ], [ 123.33627804, 0.30953653, 0.0 ], [ 123.33627804, 0.30953035, 0.0 ], [ 123.33628743, 0.30952089, 0.0 ], [ 123.33629741, 0.30951084, 0.0 ], [ 123.33631137, 0.30949496, 0.0 ], [ 123.33632518, 0.30947708, 0.0 ], [ 123.33633474, 0.3094647, 0.0 ], [ 123.336355, 0.30943848, 0.0 ], [ 123.3363679, 0.30942178, 0.0 ], [ 123.33637689, 0.30941273, 0.0 ], [ 123.33639061, 0.30940237, 0.0 ], [ 123.33640648, 0.30939039, 0.0 ], [ 123.33642251, 0.30937828, 0.0 ], [ 123.3364394, 0.30936553, 0.0 ], [ 123.33644878, 0.30935845, 0.0 ], [ 123.33645702, 0.30935015, 0.0 ], [ 123.33646675, 0.30934035, 0.0 ], [ 123.33648473, 0.30931321, 0.0 ], [ 123.33650618, 0.30927541, 0.0 ], [ 123.33652067, 0.30924988, 0.0 ], [ 123.33652995, 0.30924365, 0.0 ], [ 123.33654763, 0.30923178, 0.0 ], [ 123.33658358, 0.30922273, 0.0 ], [ 123.33660155, 0.30920464, 0.0 ], [ 123.3366375, 0.30918654, 0.0 ], [ 123.33666876, 0.30917305, 0.0 ], [ 123.3367004, 0.3091594, 0.0 ], [ 123.33673635, 0.30915035, 0.0 ], [ 123.33675788, 0.30914168, 0.0 ], [ 123.33678128, 0.30913226, 0.0 ], [ 123.33682679, 0.30913225, 0.0 ], [ 123.33684419, 0.30913225, 0.0 ], [ 123.33688014, 0.30913225, 0.0 ], [ 123.33689811, 0.30913225, 0.0 ], [ 123.33692619, 0.30911969, 0.0 ], [ 123.33695566, 0.3091065, 0.0 ], [ 123.33699159, 0.30909183, 0.0 ], [ 123.33702459, 0.3090795, 0.0 ], [ 123.33705088, 0.30906892, 0.0 ], [ 123.33707784, 0.30905082, 0.0 ], [ 123.33710556, 0.30903129, 0.0 ], [ 123.33714596, 0.30900281, 0.0 ], [ 123.33717654, 0.30897958, 0.0 ], [ 123.33721273, 0.3089472, 0.0 ], [ 123.33723475, 0.30892749, 0.0 ], [ 123.33724858, 0.30891511, 0.0 ], [ 123.33728163, 0.30889514, 0.0 ], [ 123.33729352, 0.30888797, 0.0 ], [ 123.33732322, 0.30885379, 0.0 ], [ 123.33733783, 0.30883698, 0.0 ], [ 123.33735642, 0.30881559, 0.0 ], [ 123.3373731, 0.30880439, 0.0 ], [ 123.33739053, 0.30878309, 0.0 ], [ 123.33740135, 0.3087613, 0.0 ], [ 123.33741539, 0.30874434, 0.0 ], [ 123.33743909, 0.30871571, 0.0 ], [ 123.33746613, 0.30868926, 0.0 ], [ 123.33747639, 0.30868008, 0.0 ], [ 123.33748726, 0.30867035, 0.0 ], [ 123.33752716, 0.30863464, 0.0 ], [ 123.33754853, 0.30861851, 0.0 ], [ 123.33758283, 0.30859558, 0.0 ], [ 123.33760804, 0.30858035, 0.0 ], [ 123.33762954, 0.30855871, 0.0 ], [ 123.33764399, 0.30854416, 0.0 ], [ 123.33769231, 0.30851637, 0.0 ], [ 123.33772299, 0.30849987, 0.0 ], [ 123.33775425, 0.30848298, 0.0 ], [ 123.33777915, 0.30846794, 0.0 ], [ 123.33780676, 0.30845636, 0.0 ], [ 123.33783102, 0.30844822, 0.0 ], [ 123.33786318, 0.30843743, 0.0 ], [ 123.33786865, 0.30843559, 0.0 ], [ 123.33789649, 0.30842998, 0.0 ], [ 123.33795852, 0.30841749, 0.0 ], [ 123.33799554, 0.30840507, 0.0 ], [ 123.33802368, 0.30839751, 0.0 ], [ 123.33805375, 0.30839246, 0.0 ], [ 123.33808558, 0.30838551, 0.0 ], [ 123.33812184, 0.30837638, 0.0 ], [ 123.33815496, 0.30836805, 0.0 ], [ 123.33817875, 0.30835557, 0.0 ], [ 123.33821537, 0.30836045, 0.0 ], [ 123.33823711, 0.3083632, 0.0 ], [ 123.33828204, 0.30835415, 0.0 ], [ 123.33829986, 0.30835017, 0.0 ], [ 123.33832322, 0.30834494, 0.0 ], [ 123.33836292, 0.30833606, 0.0 ], [ 123.33838508, 0.3083249, 0.0 ], [ 123.33840774, 0.308312, 0.0 ], [ 123.33842582, 0.30829987, 0.0 ], [ 123.33845675, 0.30829641, 0.0 ], [ 123.33849349, 0.30829229, 0.0 ], [ 123.33850671, 0.30829082, 0.0 ], [ 123.33853982, 0.30827748, 0.0 ], [ 123.33855491, 0.3082714, 0.0 ], [ 123.33856803, 0.30826612, 0.0 ], [ 123.33859657, 0.30825462, 0.0 ], [ 123.33860556, 0.30825462, 0.0 ], [ 123.33863941, 0.30823758, 0.0 ], [ 123.33865948, 0.30822748, 0.0 ], [ 123.33867641, 0.30821443, 0.0 ], [ 123.33870441, 0.30820034, 0.0 ], [ 123.3387134, 0.30818224, 0.0 ], [ 123.33872723, 0.30817428, 0.0 ], [ 123.33874761, 0.30816256, 0.0 ], [ 123.33876687, 0.30815148, 0.0 ], [ 123.3387763, 0.30814605, 0.0 ], [ 123.33879838, 0.30814605, 0.0 ], [ 123.33881225, 0.30814605, 0.0 ], [ 123.3388482, 0.308137, 0.0 ], [ 123.3388583, 0.308137, 0.0 ], [ 123.33889825, 0.308137, 0.0 ], [ 123.33892773, 0.308137, 0.0 ], [ 123.33895471, 0.30814035, 0.0 ], [ 123.338983, 0.30814605, 0.0 ], [ 123.33899473, 0.30815392, 0.0 ], [ 123.33901625, 0.30816836, 0.0 ], [ 123.33903692, 0.30818223, 0.0 ], [ 123.33905332, 0.30818373, 0.0 ], [ 123.3390884, 0.30818694, 0.0 ], [ 123.33913577, 0.30819128, 0.0 ], [ 123.33915473, 0.30819605, 0.0 ], [ 123.33918301, 0.30819708, 0.0 ], [ 123.33920286, 0.30819137, 0.0 ], [ 123.33923463, 0.30818223, 0.0 ], [ 123.33925948, 0.30818501, 0.0 ], [ 123.33929079, 0.30818851, 0.0 ], [ 123.33931551, 0.30819127, 0.0 ], [ 123.33935145, 0.30819127, 0.0 ], [ 123.33937841, 0.30819127, 0.0 ], [ 123.33940858, 0.30819464, 0.0 ], [ 123.33943436, 0.30819753, 0.0 ], [ 123.33945929, 0.30820031, 0.0 ], [ 123.33948887, 0.30818708, 0.0 ], [ 123.33951234, 0.30817658, 0.0 ], [ 123.33956236, 0.30816691, 0.0 ], [ 123.33959139, 0.30817057, 0.0 ], [ 123.33962132, 0.30817084, 0.0 ], [ 123.33965802, 0.3081616, 0.0 ], [ 123.33971991, 0.30814602, 0.0 ], [ 123.33974207, 0.30813805, 0.0 ], [ 123.33978039, 0.30812428, 0.0 ], [ 123.33983485, 0.30810469, 0.0 ], [ 123.33986785, 0.3080941, 0.0 ], [ 123.33990843, 0.30808184, 0.0 ], [ 123.33993559, 0.30807364, 0.0 ], [ 123.33997333, 0.30805939, 0.0 ], [ 123.3399874, 0.30805408, 0.0 ], [ 123.34002801, 0.30805166, 0.0 ], [ 123.34006091, 0.30805994, 0.0 ], [ 123.34009685, 0.30807162, 0.0 ], [ 123.34011948, 0.30808074, 0.0 ], [ 123.34014736, 0.30809196, 0.0 ], [ 123.34018985, 0.3080904, 0.0 ], [ 123.34020849, 0.30808102, 0.0 ], [ 123.34023245, 0.30806895, 0.0 ], [ 123.34025911, 0.30805553, 0.0 ], [ 123.34030397, 0.30805553, 0.0 ], [ 123.34032869, 0.30805553, 0.0 ], [ 123.34036695, 0.30805553, 0.0 ], [ 123.34042469, 0.30805219, 0.0 ], [ 123.34047325, 0.30804812, 0.0 ], [ 123.34053803, 0.30804141, 0.0 ], [ 123.3405969, 0.30803483, 0.0 ], [ 123.34064429, 0.30802952, 0.0 ], [ 123.34067249, 0.30801933, 0.0 ], [ 123.34069391, 0.30799844, 0.0 ], [ 123.34070628, 0.30798408, 0.0 ], [ 123.34073291, 0.30797163, 0.0 ], [ 123.34076715, 0.30796397, 0.0 ], [ 123.34080519, 0.30796397, 0.0 ], [ 123.34083987, 0.30796414, 0.0 ], [ 123.34086891, 0.30797409, 0.0 ], [ 123.3408965, 0.30797409, 0.0 ], [ 123.34092412, 0.30798313, 0.0 ], [ 123.34095108, 0.30798313, 0.0 ], [ 123.34101633, 0.30798313, 0.0 ], [ 123.3410734, 0.30798313, 0.0 ], [ 123.34111191, 0.3079797, 0.0 ], [ 123.34116769, 0.30796846, 0.0 ], [ 123.34120275, 0.30796503, 0.0 ], [ 123.34126267, 0.30796503, 0.0 ], [ 123.34132725, 0.30796373, 0.0 ], [ 123.34136536, 0.30796078, 0.0 ], [ 123.34140238, 0.30795791, 0.0 ], [ 123.34142738, 0.30795598, 0.0 ], [ 123.34146835, 0.30795127, 0.0 ], [ 123.34149773, 0.30794141, 0.0 ], [ 123.34153522, 0.30793788, 0.0 ], [ 123.3415678, 0.30791913, 0.0 ], [ 123.34159812, 0.30790169, 0.0 ], [ 123.34167694, 0.30789602, 0.0 ], [ 123.34173469, 0.30789173, 0.0 ], [ 123.34177531, 0.30788833, 0.0 ], [ 123.34181781, 0.30788476, 0.0 ], [ 123.34185303, 0.30787775, 0.0 ], [ 123.34187911, 0.30787059, 0.0 ], [ 123.34191275, 0.30786135, 0.0 ], [ 123.34195088, 0.30785134, 0.0 ], [ 123.34198646, 0.30784239, 0.0 ], [ 123.34202272, 0.30783326, 0.0 ], [ 123.34206444, 0.3078293, 0.0 ], [ 123.34210343, 0.3078293, 0.0 ], [ 123.34213672, 0.30782929, 0.0 ], [ 123.34217327, 0.30782929, 0.0 ], [ 123.34221787, 0.30781931, 0.0 ], [ 123.34225415, 0.3078112, 0.0 ], [ 123.34229098, 0.30779883, 0.0 ], [ 123.34231638, 0.30779031, 0.0 ], [ 123.34233503, 0.30778405, 0.0 ], [ 123.34240001, 0.30777751, 0.0 ], [ 123.3424431, 0.30777167, 0.0 ], [ 123.34250185, 0.30776091, 0.0 ], [ 123.34253274, 0.30774786, 0.0 ], [ 123.34258512, 0.30773279, 0.0 ], [ 123.34262295, 0.30772632, 0.0 ], [ 123.34266754, 0.30772071, 0.0 ], [ 123.34273044, 0.30771166, 0.0 ], [ 123.34275485, 0.30770675, 0.0 ], [ 123.34276122, 0.30770546, 0.0 ], [ 123.34278631, 0.30770538, 0.0 ], [ 123.34282151, 0.30770634, 0.0 ], [ 123.34284727, 0.30772071, 0.0 ], [ 123.3428922, 0.30771166, 0.0 ], [ 123.34292369, 0.30770788, 0.0 ], [ 123.34296988, 0.30769963, 0.0 ], [ 123.34300004, 0.30769356, 0.0 ], [ 123.34301543, 0.30768194, 0.0 ], [ 123.34303599, 0.30766642, 0.0 ], [ 123.34306626, 0.3076588, 0.0 ], [ 123.34310788, 0.30764832, 0.0 ], [ 123.34313698, 0.30762553, 0.0 ], [ 123.34315549, 0.30761104, 0.0 ], [ 123.34317649, 0.3075946, 0.0 ], [ 123.34319718, 0.30758499, 0.0 ], [ 123.34323238, 0.30758499, 0.0 ], [ 123.34326566, 0.30758498, 0.0 ], [ 123.34330559, 0.30758498, 0.0 ], [ 123.34333255, 0.30757594, 0.0 ], [ 123.34336838, 0.30757593, 0.0 ], [ 123.34341118, 0.30757593, 0.0 ], [ 123.34346159, 0.30757593, 0.0 ], [ 123.34349431, 0.30757593, 0.0 ], [ 123.34351531, 0.30756888, 0.0 ], [ 123.34355412, 0.30755586, 0.0 ], [ 123.34358665, 0.30754494, 0.0 ], [ 123.34362349, 0.30753115, 0.0 ], [ 123.34364708, 0.30752164, 0.0 ], [ 123.34367282, 0.30751516, 0.0 ], [ 123.34370392, 0.30750733, 0.0 ], [ 123.34375492, 0.3074945, 0.0 ], [ 123.34382931, 0.30747721, 0.0 ], [ 123.34387175, 0.30746735, 0.0 ], [ 123.34392567, 0.3074583, 0.0 ], [ 123.34396505, 0.30745109, 0.0 ], [ 123.34402452, 0.30744021, 0.0 ], [ 123.34405412, 0.3074402, 0.0 ], [ 123.34406946, 0.3074402, 0.0 ], [ 123.34412643, 0.30742299, 0.0 ], [ 123.34418237, 0.3074061, 0.0 ], [ 123.34424919, 0.30738592, 0.0 ], [ 123.34430947, 0.30736424, 0.0 ], [ 123.3443608, 0.30734578, 0.0 ], [ 123.3444177, 0.30732348, 0.0 ], [ 123.3444523, 0.30730955, 0.0 ], [ 123.34446487, 0.30730448, 0.0 ], [ 123.3444986, 0.30727957, 0.0 ], [ 123.34451878, 0.30725925, 0.0 ], [ 123.34455416, 0.30724144, 0.0 ], [ 123.34460865, 0.30721401, 0.0 ], [ 123.34468779, 0.3071711, 0.0 ], [ 123.34472548, 0.30715067, 0.0 ], [ 123.34475835, 0.30712861, 0.0 ], [ 123.34477939, 0.30711448, 0.0 ], [ 123.34479407, 0.30708985, 0.0 ], [ 123.34481297, 0.30705926, 0.0 ], [ 123.34482433, 0.30704211, 0.0 ], [ 123.34484692, 0.30701935, 0.0 ], [ 123.34487213, 0.30699398, 0.0 ], [ 123.34489622, 0.30696973, 0.0 ], [ 123.34492111, 0.30694467, 0.0 ], [ 123.34493216, 0.30693354, 0.0 ], [ 123.34494344, 0.30689568, 0.0 ], [ 123.34495098, 0.30687038, 0.0 ], [ 123.34495912, 0.30684306, 0.0 ], [ 123.34498181, 0.30681309, 0.0 ], [ 123.34499218, 0.306787, 0.0 ], [ 123.34497473, 0.3067631, 0.0 ], [ 123.34492045, 0.3067187, 0.0 ], [ 123.34489427, 0.30669729, 0.0 ], [ 123.34486638, 0.30667448, 0.0 ], [ 123.34484229, 0.30665308, 0.0 ], [ 123.34482431, 0.30663498, 0.0 ], [ 123.34480634, 0.30662594, 0.0 ], [ 123.34479735, 0.30662594, 0.0 ], [ 123.34485776, 0.3065451, 0.0 ], [ 123.34493696, 0.30643912, 0.0 ], [ 123.34498526, 0.30636821, 0.0 ], [ 123.34505255, 0.30628446, 0.0 ], [ 123.34516844, 0.3062233, 0.0 ], [ 123.34527405, 0.30620824, 0.0 ], [ 123.34537405, 0.30623176, 0.0 ], [ 123.34546378, 0.30625904, 0.0 ], [ 123.34556098, 0.30631456, 0.0 ], [ 123.34566379, 0.30637571, 0.0 ], [ 123.34577875, 0.30645568, 0.0 ], [ 123.34589558, 0.30655071, 0.0 ], [ 123.34594802, 0.30659323, 0.0 ], [ 123.34596287, 0.30660528, 0.0 ], [ 123.34600774, 0.30664856, 0.0 ], [ 123.34616476, 0.30678593, 0.0 ], [ 123.34629561, 0.30685837, 0.0 ], [ 123.3463218, 0.30687136, 0.0 ], [ 123.34642272, 0.30692141, 0.0 ], [ 123.34650216, 0.30698633, 0.0 ], [ 123.34663114, 0.30706536, 0.0 ], [ 123.34676199, 0.30715192, 0.0 ], [ 123.34684633, 0.3072158, 0.0 ], [ 123.34686013, 0.30722625, 0.0 ], [ 123.34693023, 0.3072667, 0.0 ], [ 123.34701247, 0.30732127, 0.0 ], [ 123.34713304, 0.30738525, 0.0 ], [ 123.34722931, 0.307437, 0.0 ], [ 123.34734614, 0.30749157, 0.0 ], [ 123.34748353, 0.30755366, 0.0 ], [ 123.34777233, 0.30764492, 0.0 ], [ 123.34793869, 0.3076468, 0.0 ], [ 123.34810599, 0.30767125, 0.0 ], [ 123.34823777, 0.30771641, 0.0 ], [ 123.34835086, 0.30775216, 0.0 ], [ 123.34840422, 0.30777572, 0.0 ], [ 123.34845741, 0.30779921, 0.0 ], [ 123.3485462, 0.30784248, 0.0 ], [ 123.34862751, 0.30790552, 0.0 ], [ 123.34864434, 0.30794033, 0.0 ], [ 123.34866023, 0.30797609, 0.0 ], [ 123.34869107, 0.3080062, 0.0 ], [ 123.34875182, 0.30803348, 0.0 ], [ 123.3488181, 0.30806554, 0.0 ], [ 123.34893145, 0.30816079, 0.0 ], [ 123.34902116, 0.30823619, 0.0 ], [ 123.34904767, 0.30822285, 0.0 ], [ 123.34906707, 0.30821308, 0.0 ], [ 123.34908324, 0.30820494, 0.0 ], [ 123.34909557, 0.30819409, 0.0 ], [ 123.34910287, 0.30817693, 0.0 ], [ 123.34911106, 0.30815769, 0.0 ], [ 123.34911812, 0.30814111, 0.0 ], [ 123.34912797, 0.30812966, 0.0 ], [ 123.34913847, 0.30812041, 0.0 ], [ 123.34916352, 0.30809834, 0.0 ], [ 123.3491919, 0.30807334, 0.0 ], [ 123.34920237, 0.30806016, 0.0 ], [ 123.34921541, 0.30804375, 0.0 ], [ 123.34922413, 0.30803277, 0.0 ], [ 123.34923444, 0.30803111, 0.0 ], [ 123.34924314, 0.30803176, 0.0 ], [ 123.34925507, 0.30803947, 0.0 ], [ 123.34927278, 0.30805524, 0.0 ], [ 123.34929436, 0.30807324, 0.0 ], [ 123.34931771, 0.30808238, 0.0 ], [ 123.34933569, 0.30809143, 0.0 ], [ 123.34934594, 0.30810174, 0.0 ], [ 123.34936369, 0.30811176, 0.0 ], [ 123.34938383, 0.30811627, 0.0 ], [ 123.34941937, 0.30812422, 0.0 ], [ 123.34943454, 0.30812761, 0.0 ], [ 123.34945747, 0.30812761, 0.0 ], [ 123.34947924, 0.30813348, 0.0 ], [ 123.34948604, 0.30813805, 0.0 ], [ 123.34949724, 0.30814556, 0.0 ], [ 123.3495126, 0.30815587, 0.0 ], [ 123.34953137, 0.30816846, 0.0 ], [ 123.34954128, 0.30817512, 0.0 ], [ 123.34955189, 0.30818224, 0.0 ], [ 123.34957833, 0.30819998, 0.0 ], [ 123.34958641, 0.30820436, 0.0 ], [ 123.34960666, 0.30821534, 0.0 ], [ 123.34963592, 0.3082312, 0.0 ], [ 123.34967146, 0.30825046, 0.0 ], [ 123.3496908, 0.30826094, 0.0 ], [ 123.34970424, 0.30826963, 0.0 ], [ 123.3497189, 0.30827985, 0.0 ], [ 123.34973886, 0.30829376, 0.0 ], [ 123.34976987, 0.30831537, 0.0 ], [ 123.34981199, 0.30834473, 0.0 ], [ 123.34982162, 0.30834836, 0.0 ], [ 123.349836, 0.30835379, 0.0 ], [ 123.34985586, 0.30836129, 0.0 ], [ 123.34988389, 0.30837187, 0.0 ], [ 123.3498909, 0.3083754, 0.0 ], [ 123.34991106, 0.30838555, 0.0 ], [ 123.34994682, 0.30840355, 0.0 ], [ 123.34997376, 0.3084171, 0.0 ], [ 123.34998328, 0.30842509, 0.0 ], [ 123.34999989, 0.30843902, 0.0 ], [ 123.35001939, 0.30845539, 0.0 ], [ 123.35003516, 0.30846861, 0.0 ], [ 123.35006477, 0.30849345, 0.0 ], [ 123.35009211, 0.30851664, 0.0 ], [ 123.35011397, 0.3085355, 0.0 ], [ 123.35013425, 0.308553, 0.0 ], [ 123.3501571, 0.30856607, 0.0 ], [ 123.35017721, 0.30857282, 0.0 ], [ 123.3501999, 0.30858044, 0.0 ], [ 123.35026036, 0.30860045, 0.0 ], [ 123.35030796, 0.30861483, 0.0 ], [ 123.35034222, 0.30862517, 0.0 ], [ 123.3503676, 0.30863679, 0.0 ], [ 123.35039924, 0.30865126, 0.0 ], [ 123.35044637, 0.30867263, 0.0 ], [ 123.35046413, 0.30868008, 0.0 ], [ 123.35049702, 0.30869387, 0.0 ], [ 123.35053755, 0.30871087, 0.0 ], [ 123.35055346, 0.30871793, 0.0 ], [ 123.35056849, 0.30872549, 0.0 ], [ 123.35059474, 0.3087387, 0.0 ], [ 123.350613, 0.30874789, 0.0 ], [ 123.35063943, 0.30876048, 0.0 ], [ 123.35066214, 0.30877103, 0.0 ], [ 123.35069076, 0.30878432, 0.0 ], [ 123.35071823, 0.30879709, 0.0 ], [ 123.35075459, 0.30881386, 0.0 ], [ 123.35106332, 0.30903416, 0.0 ], [ 123.35109961, 0.30905522, 0.0 ], [ 123.35125289, 0.30911449, 0.0 ], [ 123.35133791, 0.30914773, 0.0 ], [ 123.35144543, 0.30918976, 0.0 ], [ 123.35160805, 0.3092622, 0.0 ], [ 123.35174264, 0.30931865, 0.0 ], [ 123.35185012, 0.30934123, 0.0 ], [ 123.3519791, 0.30936663, 0.0 ], [ 123.3521277, 0.30939015, 0.0 ], [ 123.35227257, 0.30941367, 0.0 ], [ 123.35240248, 0.309456, 0.0 ], [ 123.35256698, 0.30948234, 0.0 ], [ 123.35274829, 0.30949551, 0.0 ], [ 123.35289596, 0.30950774, 0.0 ], [ 123.35305204, 0.3095162, 0.0 ], [ 123.35322588, 0.30950208, 0.0 ], [ 123.35339785, 0.30948608, 0.0 ], [ 123.35366889, 0.30946067, 0.0 ], [ 123.35391843, 0.30948324, 0.0 ], [ 123.35409321, 0.30951616, 0.0 ], [ 123.35421658, 0.30954815, 0.0 ], [ 123.3543211, 0.30958443, 0.0 ], [ 123.3543521, 0.30959519, 0.0 ], [ 123.35445958, 0.30966293, 0.0 ], [ 123.35456894, 0.3097175, 0.0 ], [ 123.35467081, 0.30976548, 0.0 ], [ 123.35475586, 0.30981535, 0.0 ], [ 123.35482783, 0.30987086, 0.0 ], [ 123.35490914, 0.30993296, 0.0 ], [ 123.35493117, 0.30994635, 0.0 ], [ 123.35509327, 0.31004492, 0.0 ], [ 123.35514654, 0.31009573, 0.0 ], [ 123.35519982, 0.310155, 0.0 ], [ 123.3553587, 0.31025473, 0.0 ], [ 123.35543534, 0.31029236, 0.0 ], [ 123.35547086, 0.31028389, 0.0 ], [ 123.35549796, 0.31026602, 0.0 ], [ 123.35551665, 0.3102519, 0.0 ], [ 123.35557273, 0.31025096, 0.0 ], [ 123.35562414, 0.31028859, 0.0 ], [ 123.35569611, 0.31036386, 0.0 ], [ 123.35575686, 0.31044007, 0.0 ], [ 123.35577239, 0.31048879, 0.0 ], [ 123.35578116, 0.31051629, 0.0 ], [ 123.35581201, 0.31059909, 0.0 ], [ 123.35582949, 0.31063956, 0.0 ], [ 123.35584939, 0.31068565, 0.0 ], [ 123.35593258, 0.31078256, 0.0 ], [ 123.35598866, 0.31082678, 0.0 ], [ 123.35607371, 0.31087194, 0.0 ], [ 123.35615969, 0.31093121, 0.0 ], [ 123.35624381, 0.31098014, 0.0 ], [ 123.35633447, 0.31104035, 0.0 ], [ 123.35645317, 0.31114573, 0.0 ], [ 123.35656346, 0.31125769, 0.0 ], [ 123.35663823, 0.31138659, 0.0 ], [ 123.35663949, 0.31139314, 0.0 ], [ 123.35665786, 0.31148915, 0.0 ], [ 123.35668871, 0.31159171, 0.0 ], [ 123.3567278, 0.31163746, 0.0 ], [ 123.35676348, 0.31167921, 0.0 ], [ 123.35683638, 0.31172531, 0.0 ], [ 123.35690181, 0.31179682, 0.0 ], [ 123.35696724, 0.31189937, 0.0 ], [ 123.35705883, 0.31201886, 0.0 ], [ 123.35711772, 0.3121186, 0.0 ], [ 123.35713548, 0.31216564, 0.0 ], [ 123.35718595, 0.31223715, 0.0 ], [ 123.3572467, 0.31227102, 0.0 ], [ 123.35733082, 0.31228889, 0.0 ], [ 123.35738715, 0.3122975, 0.0 ], [ 123.35743549, 0.31230489, 0.0 ], [ 123.3575383, 0.31234816, 0.0 ], [ 123.35762612, 0.31244523, 0.0 ], [ 123.35763364, 0.31245354, 0.0 ], [ 123.35774019, 0.31253163, 0.0 ], [ 123.35778225, 0.31259937, 0.0 ], [ 123.35778879, 0.31263983, 0.0 ], [ 123.35780842, 0.31271322, 0.0 ], [ 123.35783646, 0.31280637, 0.0 ], [ 123.3578832, 0.31293245, 0.0 ], [ 123.35791404, 0.31305006, 0.0 ], [ 123.35792994, 0.31318743, 0.0 ], [ 123.35794489, 0.31329564, 0.0 ], [ 123.35795611, 0.31347723, 0.0 ], [ 123.35800939, 0.31356662, 0.0 ], [ 123.35810566, 0.31365882, 0.0 ], [ 123.3582281, 0.31370398, 0.0 ], [ 123.35835147, 0.31376325, 0.0 ], [ 123.358444, 0.31380841, 0.0 ], [ 123.35853092, 0.31386298, 0.0 ], [ 123.35860849, 0.31390814, 0.0 ], [ 123.35870476, 0.313974, 0.0 ], [ 123.35876645, 0.31402104, 0.0 ], [ 123.35879916, 0.31406715, 0.0 ], [ 123.35881341, 0.31410621, 0.0 ], [ 123.35881598, 0.31411325, 0.0 ], [ 123.35878701, 0.31421393, 0.0 ], [ 123.35873935, 0.31424874, 0.0 ], [ 123.35867019, 0.31429109, 0.0 ], [ 123.35860477, 0.31432402, 0.0 ], [ 123.35854028, 0.3143466, 0.0 ], [ 123.35851318, 0.31439365, 0.0 ], [ 123.35853, 0.31443787, 0.0 ], [ 123.35856552, 0.31446139, 0.0 ], [ 123.35861505, 0.31446516, 0.0 ], [ 123.35865992, 0.31447268, 0.0 ], [ 123.35875992, 0.31445574, 0.0 ], [ 123.3588674, 0.31445762, 0.0 ], [ 123.35894965, 0.31446797, 0.0 ], [ 123.35903563, 0.31447643, 0.0 ], [ 123.35913937, 0.31448584, 0.0 ], [ 123.35924031, 0.31449148, 0.0 ], [ 123.35932349, 0.3144943, 0.0 ], [ 123.35938798, 0.31448959, 0.0 ], [ 123.3594534, 0.31446889, 0.0 ], [ 123.35950387, 0.31441902, 0.0 ], [ 123.35955154, 0.31434751, 0.0 ], [ 123.35958705, 0.31426659, 0.0 ], [ 123.35963191, 0.31416685, 0.0 ], [ 123.3596675, 0.31410621, 0.0 ], [ 123.3596805, 0.31408405, 0.0 ], [ 123.35973378, 0.31403701, 0.0 ], [ 123.35981228, 0.31398808, 0.0 ], [ 123.35990294, 0.31393727, 0.0 ], [ 123.35997958, 0.31390057, 0.0 ], [ 123.36009266, 0.31386199, 0.0 ], [ 123.36026089, 0.31381305, 0.0 ], [ 123.36032106, 0.31380016, 0.0 ], [ 123.36039267, 0.31378482, 0.0 ], [ 123.36053006, 0.31375377, 0.0 ], [ 123.36066184, 0.31372742, 0.0 ], [ 123.36077586, 0.31370013, 0.0 ], [ 123.36088334, 0.31364837, 0.0 ], [ 123.36098802, 0.31356463, 0.0 ], [ 123.36105157, 0.31350159, 0.0 ], [ 123.36110951, 0.31340185, 0.0 ], [ 123.36115811, 0.31331623, 0.0 ], [ 123.36121605, 0.31321178, 0.0 ], [ 123.36127773, 0.31314686, 0.0 ], [ 123.36137306, 0.31309981, 0.0 ], [ 123.36148895, 0.31308475, 0.0 ], [ 123.36164223, 0.31310357, 0.0 ], [ 123.36172728, 0.31312709, 0.0 ], [ 123.36183944, 0.31318259, 0.0 ], [ 123.36199272, 0.31317977, 0.0 ], [ 123.36218712, 0.31317506, 0.0 ], [ 123.36228244, 0.31312707, 0.0 ], [ 123.3623759, 0.31305932, 0.0 ], [ 123.36245534, 0.31300568, 0.0 ], [ 123.36253759, 0.31299533, 0.0 ], [ 123.36254023, 0.31297865, 0.0 ], [ 123.36255364, 0.31297432, 0.0 ], [ 123.36258077, 0.31296652, 0.0 ], [ 123.36259741, 0.31296173, 0.0 ], [ 123.36261593, 0.31296059, 0.0 ], [ 123.3626292, 0.31296504, 0.0 ], [ 123.36264045, 0.31296953, 0.0 ], [ 123.36265415, 0.31297643, 0.0 ], [ 123.36267567, 0.31298365, 0.0 ], [ 123.36269764, 0.31299102, 0.0 ], [ 123.36271433, 0.31299662, 0.0 ], [ 123.36272588, 0.3130005, 0.0 ], [ 123.36273867, 0.31299868, 0.0 ], [ 123.3627413, 0.31299515, 0.0 ], [ 123.3627575, 0.3129734, 0.0 ], [ 123.36276963, 0.31296738, 0.0 ], [ 123.36277391, 0.31296738, 0.0 ], [ 123.3627896, 0.31296738, 0.0 ], [ 123.36280234, 0.31296959, 0.0 ], [ 123.36281509, 0.31297601, 0.0 ], [ 123.36282612, 0.31298156, 0.0 ], [ 123.36283829, 0.31298769, 0.0 ], [ 123.36285185, 0.31299452, 0.0 ], [ 123.36286151, 0.31300424, 0.0 ], [ 123.36286983, 0.31301261, 0.0 ], [ 123.3628878, 0.31301261, 0.0 ], [ 123.36292258, 0.31300306, 0.0 ], [ 123.36295622, 0.31299382, 0.0 ], [ 123.36298182, 0.31298679, 0.0 ], [ 123.36299564, 0.31298546, 0.0 ], [ 123.36301639, 0.31298198, 0.0 ], [ 123.36304122, 0.31297781, 0.0 ], [ 123.36306304, 0.31297641, 0.0 ], [ 123.36309443, 0.31297641, 0.0 ], [ 123.36311456, 0.31296845, 0.0 ], [ 123.36313633, 0.31295279, 0.0 ], [ 123.36314856, 0.31294399, 0.0 ], [ 123.36316005, 0.31294257, 0.0 ], [ 123.36316956, 0.31294352, 0.0 ], [ 123.36317812, 0.31294687, 0.0 ], [ 123.36318714, 0.31295627, 0.0 ], [ 123.3631956, 0.31297756, 0.0 ], [ 123.36320007, 0.31298879, 0.0 ], [ 123.36320533, 0.31299752, 0.0 ], [ 123.36322031, 0.31300355, 0.0 ], [ 123.36323333, 0.31299918, 0.0 ], [ 123.36325416, 0.31299219, 0.0 ], [ 123.36329796, 0.31297749, 0.0 ], [ 123.36338207, 0.31294926, 0.0 ], [ 123.36339847, 0.31293826, 0.0 ], [ 123.36343029, 0.3129169, 0.0 ], [ 123.3634529, 0.31290172, 0.0 ], [ 123.36347662, 0.31288733, 0.0 ], [ 123.36350468, 0.31287163, 0.0 ], [ 123.36351974, 0.31286321, 0.0 ], [ 123.36353464, 0.31285488, 0.0 ], [ 123.36354619, 0.31284656, 0.0 ], [ 123.36356514, 0.31282113, 0.0 ], [ 123.36358067, 0.31279861, 0.0 ], [ 123.36365166, 0.31268688, 0.0 ], [ 123.36366653, 0.31266693, 0.0 ], [ 123.36368564, 0.31264127, 0.0 ], [ 123.36369711, 0.31262587, 0.0 ], [ 123.36370882, 0.31262179, 0.0 ], [ 123.36372179, 0.3126215, 0.0 ], [ 123.36375267, 0.31263482, 0.0 ], [ 123.36376849, 0.31264165, 0.0 ], [ 123.36377711, 0.31264309, 0.0 ], [ 123.36380502, 0.31264777, 0.0 ], [ 123.36382241, 0.31265069, 0.0 ], [ 123.36385529, 0.31265069, 0.0 ], [ 123.36386734, 0.31265069, 0.0 ], [ 123.36388631, 0.31264114, 0.0 ], [ 123.36390019, 0.31263415, 0.0 ], [ 123.3639175, 0.31262544, 0.0 ], [ 123.36393923, 0.3126145, 0.0 ], [ 123.36395966, 0.31260833, 0.0 ], [ 123.36398139, 0.31260176, 0.0 ], [ 123.36400717, 0.31259398, 0.0 ], [ 123.3640339, 0.31258574, 0.0 ], [ 123.36405692, 0.31258587, 0.0 ], [ 123.36407045, 0.31258658, 0.0 ], [ 123.36410112, 0.31260423, 0.0 ], [ 123.36411475, 0.31261206, 0.0 ], [ 123.36413344, 0.31261813, 0.0 ], [ 123.36415, 0.3126223, 0.0 ], [ 123.36415491, 0.31262895, 0.0 ], [ 123.36416367, 0.31264516, 0.0 ], [ 123.36417351, 0.31264912, 0.0 ], [ 123.36418622, 0.31265423, 0.0 ], [ 123.36419985, 0.31265972, 0.0 ], [ 123.36421311, 0.31266862, 0.0 ], [ 123.36422419, 0.31267606, 0.0 ], [ 123.36423714, 0.31268475, 0.0 ], [ 123.36425377, 0.31269591, 0.0 ], [ 123.36426211, 0.31269831, 0.0 ], [ 123.36426965, 0.31270048, 0.0 ], [ 123.36429458, 0.31270765, 0.0 ], [ 123.36432228, 0.312714, 0.0 ], [ 123.36434891, 0.312714, 0.0 ], [ 123.3643706, 0.312714, 0.0 ], [ 123.3643981, 0.31271227, 0.0 ], [ 123.36449435, 0.31270621, 0.0 ], [ 123.36451868, 0.31270495, 0.0 ], [ 123.36453923, 0.31269962, 0.0 ], [ 123.36455033, 0.3126959, 0.0 ], [ 123.36456668, 0.31269727, 0.0 ], [ 123.3645794, 0.31269834, 0.0 ], [ 123.36460065, 0.31270012, 0.0 ], [ 123.36462902, 0.3127025, 0.0 ], [ 123.36465323, 0.31270453, 0.0 ], [ 123.36466923, 0.31269938, 0.0 ], [ 123.36468318, 0.31269511, 0.0 ], [ 123.36469492, 0.31269379, 0.0 ], [ 123.36470735, 0.3126924, 0.0 ], [ 123.36471627, 0.31269141, 0.0 ], [ 123.36473459, 0.31268936, 0.0 ], [ 123.36475702, 0.31268685, 0.0 ], [ 123.36477391, 0.31268005, 0.0 ], [ 123.36478965, 0.31267371, 0.0 ], [ 123.36480863, 0.31267024, 0.0 ], [ 123.3648264, 0.31267422, 0.0 ], [ 123.36484106, 0.3126775, 0.0 ], [ 123.36487253, 0.31268454, 0.0 ], [ 123.36488284, 0.31268684, 0.0 ], [ 123.36490081, 0.31269589, 0.0 ], [ 123.36491311, 0.31269898, 0.0 ], [ 123.36493079, 0.31270343, 0.0 ], [ 123.36495473, 0.31270493, 0.0 ], [ 123.36495921, 0.31270043, 0.0 ], [ 123.36496372, 0.31269589, 0.0 ], [ 123.36497271, 0.31269589, 0.0 ], [ 123.36498128, 0.31269284, 0.0 ], [ 123.36499772, 0.312687, 0.0 ], [ 123.36502143, 0.31267857, 0.0 ], [ 123.36503859, 0.31267247, 0.0 ], [ 123.36506543, 0.31266294, 0.0 ], [ 123.36512548, 0.3126416, 0.0 ], [ 123.36513708, 0.31263965, 0.0 ], [ 123.36516029, 0.31263575, 0.0 ], [ 123.36519029, 0.31263072, 0.0 ], [ 123.36528044, 0.31261559, 0.0 ], [ 123.36529798, 0.31261084, 0.0 ], [ 123.36533151, 0.31259959, 0.0 ], [ 123.36535976, 0.31259011, 0.0 ], [ 123.36537864, 0.31258428, 0.0 ], [ 123.36539711, 0.31257897, 0.0 ], [ 123.36542269, 0.3125772, 0.0 ], [ 123.36544001, 0.3125873, 0.0 ], [ 123.36545323, 0.31259174, 0.0 ], [ 123.36547186, 0.31259424, 0.0 ], [ 123.36548862, 0.31258701, 0.0 ], [ 123.36551238, 0.31257676, 0.0 ], [ 123.36553831, 0.31256638, 0.0 ], [ 123.36557626, 0.31255364, 0.0 ], [ 123.36559359, 0.31255252, 0.0 ], [ 123.36560997, 0.31255487, 0.0 ], [ 123.36562242, 0.31255666, 0.0 ], [ 123.3656318, 0.31255801, 0.0 ], [ 123.36565782, 0.31255341, 0.0 ], [ 123.3656805, 0.3125458, 0.0 ], [ 123.36570395, 0.31254454, 0.0 ], [ 123.36572508, 0.31254879, 0.0 ], [ 123.36573657, 0.3125511, 0.0 ], [ 123.36575054, 0.31255814, 0.0 ], [ 123.36576865, 0.31255542, 0.0 ], [ 123.3657815, 0.3125511, 0.0 ], [ 123.36579505, 0.3125511, 0.0 ], [ 123.36580693, 0.3125511, 0.0 ], [ 123.36582215, 0.3125511, 0.0 ], [ 123.36583594, 0.3125511, 0.0 ], [ 123.36585116, 0.31254559, 0.0 ], [ 123.36586806, 0.31254003, 0.0 ], [ 123.36587582, 0.31253417, 0.0 ], [ 123.36588934, 0.31252396, 0.0 ], [ 123.36590965, 0.31252396, 0.0 ], [ 123.36592534, 0.31252396, 0.0 ], [ 123.36596006, 0.31252396, 0.0 ], [ 123.36597424, 0.3125191, 0.0 ], [ 123.36598936, 0.31250083, 0.0 ], [ 123.36599529, 0.31249368, 0.0 ], [ 123.36600608, 0.31248063, 0.0 ], [ 123.36601515, 0.31246967, 0.0 ], [ 123.36602968, 0.31246479, 0.0 ], [ 123.36605023, 0.3124579, 0.0 ], [ 123.36607106, 0.31245091, 0.0 ], [ 123.3660896, 0.31244469, 0.0 ], [ 123.36610509, 0.31244556, 0.0 ], [ 123.36612299, 0.31245157, 0.0 ], [ 123.36613994, 0.3124601, 0.0 ], [ 123.36615894, 0.31246967, 0.0 ], [ 123.36617604, 0.31247158, 0.0 ], [ 123.36620355, 0.31247465, 0.0 ], [ 123.36622923, 0.31247753, 0.0 ], [ 123.36625616, 0.31247254, 0.0 ], [ 123.36626987, 0.31246737, 0.0 ], [ 123.36628743, 0.31246073, 0.0 ], [ 123.3663051, 0.31245406, 0.0 ], [ 123.36633086, 0.31244193, 0.0 ], [ 123.36635197, 0.31243161, 0.0 ], [ 123.36637326, 0.31242243, 0.0 ], [ 123.36638944, 0.31241544, 0.0 ], [ 123.36641057, 0.31240633, 0.0 ], [ 123.36642846, 0.31240783, 0.0 ], [ 123.36645073, 0.3124097, 0.0 ], [ 123.36648202, 0.31241232, 0.0 ], [ 123.36650658, 0.31241438, 0.0 ], [ 123.36652833, 0.31241537, 0.0 ], [ 123.36654973, 0.31241537, 0.0 ], [ 123.36657494, 0.31241537, 0.0 ], [ 123.3665903, 0.31241537, 0.0 ], [ 123.36661071, 0.31242221, 0.0 ], [ 123.36662483, 0.31242695, 0.0 ], [ 123.36664422, 0.31243346, 0.0 ], [ 123.36668283, 0.31244901, 0.0 ], [ 123.36669754, 0.31245212, 0.0 ], [ 123.3667155, 0.31245332, 0.0 ], [ 123.36674072, 0.31245501, 0.0 ], [ 123.36677673, 0.31245743, 0.0 ], [ 123.36679614, 0.31245873, 0.0 ], [ 123.36681268, 0.31245984, 0.0 ], [ 123.36682979, 0.31245668, 0.0 ], [ 123.36684581, 0.31244593, 0.0 ], [ 123.36686468, 0.31243326, 0.0 ], [ 123.36688812, 0.31241925, 0.0 ], [ 123.36689878, 0.31241388, 0.0 ], [ 123.3669318, 0.31239726, 0.0 ], [ 123.36694078, 0.31238821, 0.0 ], [ 123.36694923, 0.31237546, 0.0 ], [ 123.36696251, 0.31237033, 0.0 ], [ 123.36697759, 0.31236739, 0.0 ], [ 123.36699482, 0.31236645, 0.0 ], [ 123.3670022, 0.31236348, 0.0 ], [ 123.3670236, 0.31235486, 0.0 ], [ 123.36703528, 0.31234736, 0.0 ], [ 123.36705691, 0.31232558, 0.0 ], [ 123.36708234, 0.31230679, 0.0 ], [ 123.36709661, 0.31230678, 0.0 ], [ 123.36712535, 0.31229913, 0.0 ], [ 123.3671302, 0.3122975, 0.0 ], [ 123.36715646, 0.31228869, 0.0 ], [ 123.36717227, 0.31227595, 0.0 ], [ 123.36720139, 0.3122525, 0.0 ], [ 123.36721936, 0.31224345, 0.0 ], [ 123.36725531, 0.3122344, 0.0 ], [ 123.36726649, 0.3122254, 0.0 ], [ 123.36727953, 0.31221489, 0.0 ], [ 123.36728823, 0.31220788, 0.0 ], [ 123.36730024, 0.31219821, 0.0 ], [ 123.36733913, 0.31219414, 0.0 ], [ 123.3673541, 0.31214385, 0.0 ], [ 123.36740691, 0.31211542, 0.0 ], [ 123.36749103, 0.31211918, 0.0 ], [ 123.36759757, 0.31215022, 0.0 ], [ 123.3676415, 0.31218692, 0.0 ], [ 123.36765552, 0.31220762, 0.0 ], [ 123.36767328, 0.31227913, 0.0 ], [ 123.36768263, 0.31236945, 0.0 ], [ 123.36770133, 0.31251247, 0.0 ], [ 123.36773124, 0.31257457, 0.0 ], [ 123.36776395, 0.31264419, 0.0 ], [ 123.36779386, 0.31274299, 0.0 ], [ 123.36783406, 0.3128192, 0.0 ], [ 123.36787144, 0.31288694, 0.0 ], [ 123.36793919, 0.31294675, 0.0 ], [ 123.36794731, 0.31296719, 0.0 ], [ 123.3679519, 0.31299954, 0.0 ], [ 123.3679563, 0.31303052, 0.0 ], [ 123.36796058, 0.31304345, 0.0 ], [ 123.36797066, 0.3130739, 0.0 ], [ 123.36798313, 0.31308659, 0.0 ], [ 123.36799402, 0.31308878, 0.0 ], [ 123.36800572, 0.31309114, 0.0 ], [ 123.36802318, 0.31309652, 0.0 ], [ 123.36802922, 0.31310057, 0.0 ], [ 123.36803734, 0.31310602, 0.0 ], [ 123.36804617, 0.31311194, 0.0 ], [ 123.36805516, 0.31312099, 0.0 ], [ 123.36807568, 0.31312663, 0.0 ], [ 123.36815401, 0.31314813, 0.0 ], [ 123.36817353, 0.31316385, 0.0 ], [ 123.36818322, 0.31317165, 0.0 ], [ 123.36819895, 0.31318432, 0.0 ], [ 123.36820323, 0.31318971, 0.0 ], [ 123.36821103, 0.31319952, 0.0 ], [ 123.36821288, 0.31320186, 0.0 ], [ 123.36822272, 0.31321423, 0.0 ], [ 123.36822815, 0.31322106, 0.0 ], [ 123.36823489, 0.31322955, 0.0 ], [ 123.36825203, 0.313233, 0.0 ], [ 123.36829293, 0.31324099, 0.0 ], [ 123.3683213, 0.31324619, 0.0 ], [ 123.3683503, 0.31325149, 0.0 ], [ 123.36837868, 0.31325669, 0.0 ], [ 123.36841514, 0.31326455, 0.0 ], [ 123.36844963, 0.31327199, 0.0 ], [ 123.36849993, 0.31328284, 0.0 ], [ 123.36851188, 0.31328754, 0.0 ], [ 123.36852247, 0.31329287, 0.0 ], [ 123.36853883, 0.31329736, 0.0 ], [ 123.36856257, 0.31330388, 0.0 ], [ 123.36859331, 0.31331232, 0.0 ], [ 123.36862133, 0.31332001, 0.0 ], [ 123.36862936, 0.31332338, 0.0 ], [ 123.36864976, 0.31333193, 0.0 ], [ 123.36867441, 0.31334227, 0.0 ], [ 123.36871756, 0.31336037, 0.0 ], [ 123.36872489, 0.31336345, 0.0 ], [ 123.36873514, 0.31336283, 0.0 ], [ 123.36874564, 0.31335861, 0.0 ], [ 123.3687741, 0.31334714, 0.0 ], [ 123.36879556, 0.31334234, 0.0 ], [ 123.36885498, 0.31332905, 0.0 ], [ 123.36887508, 0.31331893, 0.0 ], [ 123.36890647, 0.31330313, 0.0 ], [ 123.36893082, 0.31329087, 0.0 ], [ 123.36896087, 0.31327306, 0.0 ], [ 123.36897643, 0.31326438, 0.0 ], [ 123.36899201, 0.3132599, 0.0 ], [ 123.36903471, 0.31324762, 0.0 ], [ 123.36905224, 0.31323703, 0.0 ], [ 123.36907964, 0.31322047, 0.0 ], [ 123.36909735, 0.31321255, 0.0 ], [ 123.36912125, 0.31320186, 0.0 ], [ 123.36916052, 0.31318428, 0.0 ], [ 123.36916538, 0.31318251, 0.0 ], [ 123.36921646, 0.3131638, 0.0 ], [ 123.36925938, 0.31314809, 0.0 ], [ 123.36926821, 0.31314174, 0.0 ], [ 123.36929219, 0.31312449, 0.0 ], [ 123.36930422, 0.31311584, 0.0 ], [ 123.36932228, 0.31310285, 0.0 ], [ 123.36932878, 0.31309559, 0.0 ], [ 123.3693376, 0.31308571, 0.0 ], [ 123.36936297, 0.31305733, 0.0 ], [ 123.36939189, 0.31302498, 0.0 ], [ 123.36940316, 0.31301238, 0.0 ], [ 123.36941027, 0.31300761, 0.0 ], [ 123.36941683, 0.31299118, 0.0 ], [ 123.36942508, 0.31297402, 0.0 ], [ 123.36942257, 0.31296388, 0.0 ], [ 123.36942919, 0.31294953, 0.0 ], [ 123.3694365, 0.31293615, 0.0 ], [ 123.36944918, 0.31292551, 0.0 ], [ 123.3694626, 0.31291425, 0.0 ], [ 123.36947505, 0.31290381, 0.0 ], [ 123.36948307, 0.3128917, 0.0 ], [ 123.36949404, 0.31287512, 0.0 ], [ 123.36950333, 0.31286109, 0.0 ], [ 123.36951099, 0.31284953, 0.0 ], [ 123.36951804, 0.31284598, 0.0 ], [ 123.36952897, 0.31284048, 0.0 ], [ 123.36953988, 0.31283224, 0.0 ], [ 123.36956491, 0.31281334, 0.0 ], [ 123.36957419, 0.31280166, 0.0 ], [ 123.36959558, 0.31277474, 0.0 ], [ 123.36961958, 0.31274296, 0.0 ], [ 123.36962781, 0.31273191, 0.0 ], [ 123.36963582, 0.31272788, 0.0 ], [ 123.36964579, 0.31272286, 0.0 ], [ 123.36965531, 0.31271327, 0.0 ], [ 123.36966376, 0.31270477, 0.0 ], [ 123.36966978, 0.31268493, 0.0 ], [ 123.36968125, 0.31267668, 0.0 ], [ 123.36969691, 0.31266542, 0.0 ], [ 123.36971135, 0.31265504, 0.0 ], [ 123.36972952, 0.31264571, 0.0 ], [ 123.36975485, 0.31263551, 0.0 ], [ 123.36976261, 0.31263239, 0.0 ], [ 123.36976757, 0.31262365, 0.0 ], [ 123.36977711, 0.31260684, 0.0 ], [ 123.36978302, 0.31259643, 0.0 ], [ 123.36979045, 0.31258333, 0.0 ], [ 123.36979856, 0.31256906, 0.0 ], [ 123.36981532, 0.31256001, 0.0 ], [ 123.36982626, 0.31256001, 0.0 ], [ 123.36985431, 0.31256001, 0.0 ], [ 123.3698643, 0.31256001, 0.0 ], [ 123.36987488, 0.31255682, 0.0 ], [ 123.36988604, 0.3125488, 0.0 ], [ 123.36989656, 0.31254123, 0.0 ], [ 123.36991617, 0.31252712, 0.0 ], [ 123.36993335, 0.31251477, 0.0 ], [ 123.36994612, 0.31250191, 0.0 ], [ 123.3699573, 0.31249066, 0.0 ], [ 123.36997107, 0.31247324, 0.0 ], [ 123.3699763, 0.31245744, 0.0 ], [ 123.36998495, 0.3124313, 0.0 ], [ 123.369992, 0.31242271, 0.0 ], [ 123.37000398, 0.31241869, 0.0 ], [ 123.37001423, 0.31241525, 0.0 ], [ 123.37002297, 0.31240645, 0.0 ], [ 123.37003486, 0.31239448, 0.0 ], [ 123.37004119, 0.31238811, 0.0 ], [ 123.37005108, 0.3123715, 0.0 ], [ 123.37006422, 0.31234947, 0.0 ], [ 123.37007461, 0.31233636, 0.0 ], [ 123.37009731, 0.31232905, 0.0 ], [ 123.3701041, 0.31232477, 0.0 ], [ 123.37011778, 0.31232288, 0.0 ], [ 123.37013697, 0.31231515, 0.0 ], [ 123.37015801, 0.31230668, 0.0 ], [ 123.37017826, 0.31230101, 0.0 ], [ 123.37018523, 0.3122975, 0.0 ], [ 123.370191, 0.3122946, 0.0 ], [ 123.37020253, 0.31228879, 0.0 ], [ 123.37020983, 0.31228512, 0.0 ], [ 123.3702338, 0.31227305, 0.0 ], [ 123.37025757, 0.31226777, 0.0 ], [ 123.37027042, 0.31226485, 0.0 ], [ 123.37029597, 0.31227287, 0.0 ], [ 123.37030601, 0.31228045, 0.0 ], [ 123.37031842, 0.31228981, 0.0 ], [ 123.37032876, 0.31229762, 0.0 ], [ 123.37034539, 0.31231436, 0.0 ], [ 123.37035648, 0.31231803, 0.0 ], [ 123.37037672, 0.31231631, 0.0 ], [ 123.37039189, 0.3123102, 0.0 ], [ 123.37041042, 0.31230273, 0.0 ], [ 123.37043025, 0.31226489, 0.0 ], [ 123.37049866, 0.31223515, 0.0 ], [ 123.37058194, 0.31222027, 0.0 ], [ 123.37061466, 0.31222027, 0.0 ], [ 123.37065657, 0.3121727, 0.0 ], [ 123.37072184, 0.31216276, 0.0 ], [ 123.37085261, 0.31217566, 0.0 ], [ 123.37094184, 0.31216674, 0.0 ], [ 123.37099538, 0.31216376, 0.0 ], [ 123.37105981, 0.31217199, 0.0 ], [ 123.37107264, 0.31216725, 0.0 ], [ 123.37108364, 0.31217094, 0.0 ], [ 123.37109421, 0.31216561, 0.0 ], [ 123.37110085, 0.31216227, 0.0 ], [ 123.37110449, 0.31216044, 0.0 ], [ 123.37111457, 0.31215537, 0.0 ], [ 123.37112781, 0.31215284, 0.0 ], [ 123.37114271, 0.31215414, 0.0 ], [ 123.37115502, 0.31215723, 0.0 ], [ 123.37117351, 0.31216189, 0.0 ], [ 123.37118513, 0.31216969, 0.0 ], [ 123.37119545, 0.31217661, 0.0 ], [ 123.37120047, 0.31218903, 0.0 ], [ 123.37120531, 0.31219196, 0.0 ], [ 123.37122497, 0.31220382, 0.0 ], [ 123.37123853, 0.31221202, 0.0 ], [ 123.37124959, 0.31221785, 0.0 ], [ 123.37130633, 0.3122407, 0.0 ], [ 123.37133753, 0.31225235, 0.0 ], [ 123.37136084, 0.31225235, 0.0 ], [ 123.37138176, 0.31225959, 0.0 ], [ 123.37139389, 0.31226062, 0.0 ], [ 123.37140969, 0.31227016, 0.0 ], [ 123.37143704, 0.31228848, 0.0 ], [ 123.37144899, 0.3122975, 0.0 ], [ 123.37144929, 0.31229772, 0.0 ], [ 123.37145583, 0.31230266, 0.0 ], [ 123.37146108, 0.31230663, 0.0 ], [ 123.37148043, 0.31230988, 0.0 ], [ 123.37149871, 0.31231294, 0.0 ], [ 123.37151501, 0.31231568, 0.0 ], [ 123.371528, 0.31232876, 0.0 ], [ 123.37153774, 0.31233377, 0.0 ], [ 123.37155058, 0.31233377, 0.0 ], [ 123.37156885, 0.31233776, 0.0 ], [ 123.37158024, 0.31234285, 0.0 ], [ 123.37159511, 0.3123495, 0.0 ], [ 123.37161232, 0.3123572, 0.0 ], [ 123.37162855, 0.31236447, 0.0 ], [ 123.37167677, 0.31238805, 0.0 ], [ 123.37169299, 0.31239417, 0.0 ], [ 123.37171638, 0.312403, 0.0 ], [ 123.37174866, 0.31241519, 0.0 ], [ 123.3717565, 0.31241519, 0.0 ], [ 123.37177135, 0.31242468, 0.0 ], [ 123.37177562, 0.31243328, 0.0 ], [ 123.37178629, 0.31245475, 0.0 ], [ 123.37179399, 0.31247026, 0.0 ], [ 123.37181157, 0.31247851, 0.0 ], [ 123.37182022, 0.31247742, 0.0 ], [ 123.37183544, 0.31247551, 0.0 ], [ 123.37185452, 0.31247311, 0.0 ], [ 123.37187003, 0.31247115, 0.0 ], [ 123.37188347, 0.31246946, 0.0 ], [ 123.37189696, 0.31247286, 0.0 ], [ 123.37191811, 0.31247818, 0.0 ], [ 123.37194116, 0.31248398, 0.0 ], [ 123.37198625, 0.31249533, 0.0 ], [ 123.37202725, 0.31250565, 0.0 ], [ 123.37203948, 0.3125118, 0.0 ], [ 123.37205353, 0.31252306, 0.0 ], [ 123.37206893, 0.31252383, 0.0 ], [ 123.37208117, 0.31252374, 0.0 ], [ 123.37209269, 0.31252181, 0.0 ], [ 123.37211259, 0.31251847, 0.0 ], [ 123.37213509, 0.31251469, 0.0 ], [ 123.37214115, 0.31251774, 0.0 ], [ 123.37215675, 0.31252559, 0.0 ], [ 123.37216493, 0.31252971, 0.0 ], [ 123.37217831, 0.31253278, 0.0 ], [ 123.372198, 0.31253278, 0.0 ], [ 123.37220756, 0.31253663, 0.0 ], [ 123.37221592, 0.31254, 0.0 ], [ 123.37223092, 0.31254604, 0.0 ], [ 123.37224294, 0.31255087, 0.0 ], [ 123.37224722, 0.31255951, 0.0 ], [ 123.37226091, 0.31256897, 0.0 ], [ 123.37227849, 0.31256307, 0.0 ], [ 123.37229077, 0.31256284, 0.0 ], [ 123.37231384, 0.31255877, 0.0 ], [ 123.37233049, 0.31255973, 0.0 ], [ 123.3723438, 0.31256499, 0.0 ], [ 123.37236184, 0.31257315, 0.0 ], [ 123.37236564, 0.31258081, 0.0 ], [ 123.37237674, 0.31259108, 0.0 ], [ 123.37239043, 0.31259797, 0.0 ], [ 123.3724047, 0.31260515, 0.0 ], [ 123.37242267, 0.31260515, 0.0 ], [ 123.37243606, 0.31260515, 0.0 ], [ 123.37245223, 0.31260515, 0.0 ], [ 123.3724676, 0.31260515, 0.0 ], [ 123.37248142, 0.31260636, 0.0 ], [ 123.37251254, 0.31261419, 0.0 ], [ 123.37253164, 0.31261419, 0.0 ], [ 123.37253925, 0.31261419, 0.0 ], [ 123.37256646, 0.31261419, 0.0 ], [ 123.37257898, 0.31262591, 0.0 ], [ 123.3725942, 0.3126374, 0.0 ], [ 123.37260562, 0.31264602, 0.0 ], [ 123.37261475, 0.31265151, 0.0 ], [ 123.37263415, 0.31265802, 0.0 ], [ 123.37264863, 0.31265943, 0.0 ], [ 123.37268572, 0.31265942, 0.0 ], [ 123.37271209, 0.31265397, 0.0 ], [ 123.37272655, 0.3126467, 0.0 ], [ 123.37274043, 0.31263971, 0.0 ], [ 123.37275518, 0.31263228, 0.0 ], [ 123.37276942, 0.31263228, 0.0 ], [ 123.37278416, 0.31263228, 0.0 ], [ 123.37280223, 0.31263228, 0.0 ], [ 123.37281317, 0.31263228, 0.0 ], [ 123.37282707, 0.31263228, 0.0 ], [ 123.37283838, 0.31262772, 0.0 ], [ 123.37284847, 0.31262366, 0.0 ], [ 123.37286405, 0.3126229, 0.0 ], [ 123.37288099, 0.31262323, 0.0 ], [ 123.37289116, 0.31262323, 0.0 ], [ 123.37290733, 0.31263247, 0.0 ], [ 123.37291208, 0.31264061, 0.0 ], [ 123.3729132, 0.31264685, 0.0 ], [ 123.3729186, 0.31265573, 0.0 ], [ 123.37293496, 0.31266396, 0.0 ], [ 123.37295289, 0.31266846, 0.0 ], [ 123.37297041, 0.31267287, 0.0 ], [ 123.37298884, 0.31267751, 0.0 ], [ 123.37299571, 0.31268097, 0.0 ], [ 123.3730056, 0.31268595, 0.0 ], [ 123.37302478, 0.3126956, 0.0 ], [ 123.37303476, 0.31269937, 0.0 ], [ 123.37304711, 0.31270403, 0.0 ], [ 123.37306515, 0.31271084, 0.0 ], [ 123.37308281, 0.31271751, 0.0 ], [ 123.37309668, 0.31272274, 0.0 ], [ 123.37311372, 0.31272274, 0.0 ], [ 123.37312465, 0.31272274, 0.0 ], [ 123.3731451, 0.31272274, 0.0 ], [ 123.37316236, 0.31273063, 0.0 ], [ 123.37316895, 0.31273505, 0.0 ], [ 123.37318978, 0.31274575, 0.0 ], [ 123.37320232, 0.3127508, 0.0 ], [ 123.37321667, 0.31275658, 0.0 ], [ 123.37322249, 0.31275892, 0.0 ], [ 123.37324192, 0.31276193, 0.0 ], [ 123.3732624, 0.31276782, 0.0 ], [ 123.37327653, 0.31277188, 0.0 ], [ 123.37329022, 0.31277582, 0.0 ], [ 123.37330183, 0.31277327, 0.0 ], [ 123.37331236, 0.31276797, 0.0 ], [ 123.37334712, 0.31275216, 0.0 ], [ 123.37336942, 0.31274318, 0.0 ], [ 123.37337988, 0.31273386, 0.0 ], [ 123.37338976, 0.31271894, 0.0 ], [ 123.3734022, 0.31270691, 0.0 ], [ 123.37341217, 0.31269939, 0.0 ], [ 123.37342343, 0.31269088, 0.0 ], [ 123.37344003, 0.31267874, 0.0 ], [ 123.37345623, 0.31266709, 0.0 ], [ 123.37346846, 0.31265829, 0.0 ], [ 123.37348731, 0.31264474, 0.0 ], [ 123.37349209, 0.3126413, 0.0 ], [ 123.37350205, 0.31262626, 0.0 ], [ 123.37351745, 0.31262336, 0.0 ], [ 123.37352839, 0.31262431, 0.0 ], [ 123.37354601, 0.31262321, 0.0 ], [ 123.37355496, 0.3126196, 0.0 ], [ 123.3735698, 0.31261363, 0.0 ], [ 123.37358734, 0.31260656, 0.0 ], [ 123.37364826, 0.31258203, 0.0 ], [ 123.37372361, 0.31255168, 0.0 ], [ 123.3737605, 0.31253682, 0.0 ], [ 123.3737782, 0.31253188, 0.0 ], [ 123.37379261, 0.31253027, 0.0 ], [ 123.37381577, 0.31252768, 0.0 ], [ 123.37391464, 0.31235794, 0.0 ], [ 123.37398749, 0.3122975, 0.0 ], [ 123.37401558, 0.3122742, 0.0 ], [ 123.37409034, 0.31219704, 0.0 ], [ 123.37416605, 0.31214905, 0.0 ], [ 123.37424736, 0.31213211, 0.0 ], [ 123.37434643, 0.31212552, 0.0 ], [ 123.37448849, 0.31213587, 0.0 ], [ 123.37459645, 0.31223889, 0.0 ], [ 123.37460642, 0.31224319, 0.0 ], [ 123.37461029, 0.31224449, 0.0 ], [ 123.37462327, 0.31224884, 0.0 ], [ 123.37463797, 0.31225377, 0.0 ], [ 123.37464796, 0.31225712, 0.0 ], [ 123.37466018, 0.31225373, 0.0 ], [ 123.37468374, 0.31224715, 0.0 ], [ 123.3746964, 0.3122395, 0.0 ], [ 123.37470528, 0.31223414, 0.0 ], [ 123.37471912, 0.31223065, 0.0 ], [ 123.37474122, 0.31222509, 0.0 ], [ 123.3747507, 0.31221989, 0.0 ], [ 123.37478495, 0.31220107, 0.0 ], [ 123.3748196, 0.31218205, 0.0 ], [ 123.37482947, 0.3121843, 0.0 ], [ 123.37484326, 0.31218909, 0.0 ], [ 123.37485542, 0.31219144, 0.0 ], [ 123.37486174, 0.3121962, 0.0 ], [ 123.37487602, 0.31220699, 0.0 ], [ 123.37488986, 0.31220699, 0.0 ], [ 123.37489795, 0.31220699, 0.0 ], [ 123.37493742, 0.31220699, 0.0 ], [ 123.37496167, 0.31220699, 0.0 ], [ 123.37497897, 0.31220369, 0.0 ], [ 123.3749943, 0.31219984, 0.0 ], [ 123.3750236, 0.31220192, 0.0 ], [ 123.37505055, 0.31220685, 0.0 ], [ 123.37507854, 0.31221198, 0.0 ], [ 123.37510069, 0.31221603, 0.0 ], [ 123.37512542, 0.31222018, 0.0 ], [ 123.37515018, 0.31222433, 0.0 ], [ 123.37517044, 0.31222507, 0.0 ], [ 123.37520182, 0.31222507, 0.0 ], [ 123.37521276, 0.31223025, 0.0 ], [ 123.37522566, 0.31223464, 0.0 ], [ 123.37523473, 0.31224528, 0.0 ], [ 123.37525071, 0.31226405, 0.0 ], [ 123.37526494, 0.31228077, 0.0 ], [ 123.37527263, 0.3122956, 0.0 ], [ 123.37527295, 0.3122975, 0.0 ], [ 123.37527423, 0.31230523, 0.0 ], [ 123.37527736, 0.31232417, 0.0 ], [ 123.37528043, 0.31234268, 0.0 ], [ 123.37528043, 0.31234849, 0.0 ], [ 123.37528043, 0.31236525, 0.0 ], [ 123.37528695, 0.3123777, 0.0 ], [ 123.37529266, 0.31238792, 0.0 ], [ 123.3753036, 0.31238792, 0.0 ], [ 123.37531266, 0.31239587, 0.0 ], [ 123.37531946, 0.31240615, 0.0 ], [ 123.37532536, 0.31241506, 0.0 ], [ 123.37532536, 0.3124241, 0.0 ], [ 123.37532537, 0.31243132, 0.0 ], [ 123.37532537, 0.31244616, 0.0 ], [ 123.37532537, 0.31246579, 0.0 ], [ 123.37532537, 0.31249834, 0.0 ], [ 123.37532537, 0.31250553, 0.0 ], [ 123.37533308, 0.31252084, 0.0 ], [ 123.37534783, 0.31252419, 0.0 ], [ 123.37536257, 0.31253267, 0.0 ], [ 123.37537929, 0.31253267, 0.0 ], [ 123.37538597, 0.31253491, 0.0 ], [ 123.37540251, 0.31253041, 0.0 ], [ 123.37541524, 0.31252362, 0.0 ], [ 123.37542233, 0.31252005, 0.0 ], [ 123.37543734, 0.31251374, 0.0 ], [ 123.37545609, 0.31250996, 0.0 ], [ 123.37547622, 0.31251126, 0.0 ], [ 123.37549032, 0.31251012, 0.0 ], [ 123.37550767, 0.31251667, 0.0 ], [ 123.37552029, 0.31252143, 0.0 ], [ 123.37553342, 0.31252639, 0.0 ], [ 123.37553988, 0.31252883, 0.0 ], [ 123.37555004, 0.31253266, 0.0 ], [ 123.37555719, 0.31253986, 0.0 ], [ 123.37556801, 0.31255076, 0.0 ], [ 123.37557845, 0.31255171, 0.0 ], [ 123.37559624, 0.31255334, 0.0 ], [ 123.37561009, 0.31255461, 0.0 ], [ 123.3756299, 0.31255642, 0.0 ], [ 123.37564829, 0.3125581, 0.0 ], [ 123.3756606, 0.31255923, 0.0 ], [ 123.37567425, 0.31256352, 0.0 ], [ 123.37568484, 0.31256885, 0.0 ], [ 123.3757034, 0.3125704, 0.0 ], [ 123.37572544, 0.31257225, 0.0 ], [ 123.37576271, 0.31257538, 0.0 ], [ 123.37579268, 0.31257789, 0.0 ], [ 123.37580731, 0.31258525, 0.0 ], [ 123.37581777, 0.31259052, 0.0 ], [ 123.37583364, 0.31259461, 0.0 ], [ 123.37586253, 0.31258667, 0.0 ], [ 123.37587379, 0.31258358, 0.0 ], [ 123.37592748, 0.31256884, 0.0 ], [ 123.3759434, 0.31256683, 0.0 ], [ 123.37596798, 0.31256374, 0.0 ], [ 123.37598718, 0.31256132, 0.0 ], [ 123.37600773, 0.31256084, 0.0 ], [ 123.37602974, 0.31256361, 0.0 ], [ 123.37606029, 0.31256745, 0.0 ], [ 123.37609494, 0.3125728, 0.0 ], [ 123.37611576, 0.3125763, 0.0 ], [ 123.37613423, 0.31257622, 0.0 ], [ 123.37615448, 0.31257251, 0.0 ], [ 123.37617373, 0.31256899, 0.0 ], [ 123.37619642, 0.31256484, 0.0 ], [ 123.37620905, 0.31256252, 0.0 ], [ 123.37622404, 0.31255978, 0.0 ], [ 123.37624423, 0.31255978, 0.0 ], [ 123.3762604, 0.31255978, 0.0 ], [ 123.37627364, 0.31256213, 0.0 ], [ 123.37628695, 0.31256882, 0.0 ], [ 123.3762929, 0.31258081, 0.0 ], [ 123.37629965, 0.31258972, 0.0 ], [ 123.37631251, 0.31259943, 0.0 ], [ 123.37632484, 0.31260874, 0.0 ], [ 123.37634263, 0.31262179, 0.0 ], [ 123.37635486, 0.31263058, 0.0 ], [ 123.37636976, 0.31264129, 0.0 ], [ 123.37639479, 0.31265024, 0.0 ], [ 123.37641401, 0.31265024, 0.0 ], [ 123.37643018, 0.31265581, 0.0 ], [ 123.37644089, 0.31265608, 0.0 ], [ 123.37645154, 0.31266221, 0.0 ], [ 123.37646706, 0.31267114, 0.0 ], [ 123.37648765, 0.31268298, 0.0 ], [ 123.37649829, 0.31268487, 0.0 ], [ 123.37651625, 0.31268932, 0.0 ], [ 123.37652959, 0.31269547, 0.0 ], [ 123.37653972, 0.31269887, 0.0 ], [ 123.37655655, 0.31270452, 0.0 ], [ 123.376613, 0.31272648, 0.0 ], [ 123.37661981, 0.31273601, 0.0 ], [ 123.37662896, 0.31274724, 0.0 ], [ 123.37663419, 0.31275729, 0.0 ], [ 123.37664608, 0.31276974, 0.0 ], [ 123.37667686, 0.31279134, 0.0 ], [ 123.37669969, 0.31279918, 0.0 ], [ 123.37671872, 0.31280876, 0.0 ], [ 123.37674372, 0.31281859, 0.0 ], [ 123.37676241, 0.31282486, 0.0 ], [ 123.37678732, 0.31283054, 0.0 ], [ 123.37681717, 0.31283117, 0.0 ], [ 123.37684413, 0.31282212, 0.0 ], [ 123.3768621, 0.31282212, 0.0 ], [ 123.37688465, 0.31282536, 0.0 ], [ 123.37691035, 0.31282906, 0.0 ], [ 123.37693281, 0.31282855, 0.0 ], [ 123.37694765, 0.31282357, 0.0 ], [ 123.37695851, 0.31282212, 0.0 ], [ 123.37697326, 0.31282212, 0.0 ], [ 123.37698752, 0.31282212, 0.0 ], [ 123.37699561, 0.31282212, 0.0 ], [ 123.37701082, 0.31282212, 0.0 ], [ 123.37704173, 0.31282212, 0.0 ], [ 123.37706123, 0.31282212, 0.0 ], [ 123.3770789, 0.31282551, 0.0 ], [ 123.37709576, 0.31283116, 0.0 ], [ 123.37710737, 0.31283283, 0.0 ], [ 123.37712881, 0.31283591, 0.0 ], [ 123.37715866, 0.31284021, 0.0 ], [ 123.37721477, 0.31284397, 0.0 ], [ 123.37724191, 0.31284579, 0.0 ], [ 123.37726666, 0.31284745, 0.0 ], [ 123.37728875, 0.31284893, 0.0 ], [ 123.37730301, 0.31285405, 0.0 ], [ 123.37731144, 0.31285829, 0.0 ], [ 123.37733014, 0.31286098, 0.0 ], [ 123.37735098, 0.31286398, 0.0 ], [ 123.37737434, 0.31286734, 0.0 ], [ 123.37739296, 0.31286859, 0.0 ], [ 123.37747957, 0.3128744, 0.0 ], [ 123.37749708, 0.31287557, 0.0 ], [ 123.37752052, 0.31287447, 0.0 ], [ 123.37754095, 0.31287104, 0.0 ], [ 123.37756062, 0.31286774, 0.0 ], [ 123.37758082, 0.31286435, 0.0 ], [ 123.37760558, 0.3128602, 0.0 ], [ 123.37761699, 0.31285828, 0.0 ], [ 123.37763331, 0.31285828, 0.0 ], [ 123.37765043, 0.31285828, 0.0 ], [ 123.37767136, 0.31285828, 0.0 ], [ 123.37775458, 0.31285828, 0.0 ], [ 123.3777935, 0.31285695, 0.0 ], [ 123.37785692, 0.3128534, 0.0 ], [ 123.37793152, 0.31284923, 0.0 ], [ 123.37803037, 0.31284922, 0.0 ], [ 123.37807944, 0.3128451, 0.0 ], [ 123.37820039, 0.31283535, 0.0 ], [ 123.37825504, 0.31283112, 0.0 ], [ 123.37829337, 0.31283112, 0.0 ], [ 123.37836288, 0.31283112, 0.0 ], [ 123.37839306, 0.31282605, 0.0 ], [ 123.37842433, 0.3128209, 0.0 ], [ 123.37847436, 0.31281315, 0.0 ], [ 123.37852889, 0.3128047, 0.0 ], [ 123.3785398, 0.31279899, 0.0 ], [ 123.3785478, 0.31279255, 0.0 ], [ 123.37855957, 0.31278307, 0.0 ], [ 123.37857117, 0.31277373, 0.0 ], [ 123.37858137, 0.31276305, 0.0 ], [ 123.37858779, 0.31275228, 0.0 ], [ 123.37860189, 0.31272862, 0.0 ], [ 123.37861061, 0.31271998, 0.0 ], [ 123.37862754, 0.31271146, 0.0 ], [ 123.37864146, 0.31270445, 0.0 ], [ 123.37865427, 0.31270015, 0.0 ], [ 123.37867346, 0.31269286, 0.0 ], [ 123.37869705, 0.31268099, 0.0 ], [ 123.37871466, 0.31268075, 0.0 ], [ 123.37872635, 0.31268468, 0.0 ], [ 123.37874233, 0.31269004, 0.0 ], [ 123.37875798, 0.31268876, 0.0 ], [ 123.37877625, 0.31268937, 0.0 ], [ 123.37879522, 0.312683, 0.0 ], [ 123.37881221, 0.3126773, 0.0 ], [ 123.37883359, 0.3126773, 0.0 ], [ 123.37884815, 0.3126773, 0.0 ], [ 123.37886164, 0.3126773, 0.0 ], [ 123.37889826, 0.31267729, 0.0 ], [ 123.37893631, 0.31267729, 0.0 ], [ 123.37895342, 0.31267729, 0.0 ], [ 123.37896959, 0.31267729, 0.0 ], [ 123.37898909, 0.31267729, 0.0 ], [ 123.37900093, 0.31267729, 0.0 ], [ 123.37901497, 0.3126722, 0.0 ], [ 123.37902425, 0.31266286, 0.0 ], [ 123.37903637, 0.31265065, 0.0 ], [ 123.3790504, 0.31263653, 0.0 ], [ 123.37905485, 0.31263205, 0.0 ], [ 123.37906723, 0.31262693, 0.0 ], [ 123.37907396, 0.31261676, 0.0 ], [ 123.37908181, 0.31260491, 0.0 ], [ 123.37908523, 0.3125911, 0.0 ], [ 123.37910169, 0.31257969, 0.0 ], [ 123.37910988, 0.31257672, 0.0 ], [ 123.37912842, 0.31257767, 0.0 ], [ 123.37913793, 0.31257767, 0.0 ], [ 123.37915743, 0.31257624, 0.0 ], [ 123.37917543, 0.31257064, 0.0 ], [ 123.37918548, 0.31256502, 0.0 ], [ 123.379199, 0.31255745, 0.0 ], [ 123.37923058, 0.31253979, 0.0 ], [ 123.37924356, 0.31253253, 0.0 ], [ 123.3792644, 0.31252728, 0.0 ], [ 123.37930893, 0.31251607, 0.0 ], [ 123.37931888, 0.31251328, 0.0 ], [ 123.37935868, 0.31249992, 0.0 ], [ 123.37936938, 0.31249634, 0.0 ], [ 123.37937833, 0.31248882, 0.0 ], [ 123.37938801, 0.3124807, 0.0 ], [ 123.37939638, 0.31247368, 0.0 ], [ 123.37941089, 0.31246803, 0.0 ], [ 123.37942468, 0.31246085, 0.0 ], [ 123.37944127, 0.31246014, 0.0 ], [ 123.3794575, 0.31246014, 0.0 ], [ 123.37948066, 0.31245956, 0.0 ], [ 123.37949825, 0.31245661, 0.0 ], [ 123.37951359, 0.31245404, 0.0 ], [ 123.37952609, 0.31245194, 0.0 ], [ 123.37953646, 0.31244439, 0.0 ], [ 123.37954472, 0.312434, 0.0 ], [ 123.37955543, 0.31242051, 0.0 ], [ 123.37956337, 0.31241053, 0.0 ], [ 123.3795722, 0.31239555, 0.0 ], [ 123.37957752, 0.31238115, 0.0 ], [ 123.3795814, 0.31236361, 0.0 ], [ 123.3795864, 0.31234095, 0.0 ], [ 123.37959046, 0.31232255, 0.0 ], [ 123.37960502, 0.31230449, 0.0 ], [ 123.37962291, 0.31230149, 0.0 ], [ 123.37964088, 0.31229848, 0.0 ], [ 123.3796561, 0.31230002, 0.0 ], [ 123.37967624, 0.31229615, 0.0 ], [ 123.37969035, 0.31229503, 0.0 ], [ 123.37970245, 0.31228617, 0.0 ], [ 123.37972439, 0.31227011, 0.0 ], [ 123.37973946, 0.31225907, 0.0 ], [ 123.37975323, 0.31224899, 0.0 ], [ 123.37977377, 0.31223395, 0.0 ], [ 123.37978654, 0.31223138, 0.0 ], [ 123.37979989, 0.31222869, 0.0 ], [ 123.3798126, 0.31222613, 0.0 ], [ 123.37983727, 0.31221628, 0.0 ], [ 123.37985871, 0.31220631, 0.0 ], [ 123.37988265, 0.31219519, 0.0 ], [ 123.37990406, 0.31218524, 0.0 ], [ 123.37992523, 0.3121754, 0.0 ], [ 123.37994612, 0.31215995, 0.0 ], [ 123.37995848, 0.3121475, 0.0 ], [ 123.38001198, 0.31209364, 0.0 ], [ 123.38002194, 0.31208547, 0.0 ], [ 123.38002973, 0.31208024, 0.0 ], [ 123.38003796, 0.31207472, 0.0 ], [ 123.38004498, 0.3120646, 0.0 ], [ 123.3800466, 0.31205806, 0.0 ], [ 123.38004931, 0.31204714, 0.0 ], [ 123.38005141, 0.31203869, 0.0 ], [ 123.38006219, 0.31202747, 0.0 ], [ 123.38007368, 0.3120188, 0.0 ], [ 123.38008296, 0.31201179, 0.0 ], [ 123.38009728, 0.31200777, 0.0 ], [ 123.38010923, 0.31199574, 0.0 ], [ 123.38011525, 0.31198967, 0.0 ], [ 123.38012719, 0.31197164, 0.0 ], [ 123.3801512, 0.31193539, 0.0 ], [ 123.38016749, 0.31191352, 0.0 ], [ 123.38017816, 0.3118992, 0.0 ], [ 123.38019279, 0.31188938, 0.0 ], [ 123.38025483, 0.31184535, 0.0 ], [ 123.3803069, 0.31180651, 0.0 ], [ 123.38031838, 0.31179783, 0.0 ], [ 123.38032257, 0.31179467, 0.0 ], [ 123.38033991, 0.31178158, 0.0 ], [ 123.38035625, 0.31178158, 0.0 ], [ 123.38036687, 0.31178158, 0.0 ], [ 123.38038484, 0.31178158, 0.0 ], [ 123.38040336, 0.31177412, 0.0 ], [ 123.38041918, 0.31176775, 0.0 ], [ 123.38044024, 0.3117648, 0.0 ], [ 123.38045434, 0.31176657, 0.0 ], [ 123.38048232, 0.31177009, 0.0 ], [ 123.38049607, 0.31177182, 0.0 ], [ 123.38052352, 0.31177527, 0.0 ], [ 123.38054565, 0.31177806, 0.0 ], [ 123.38057357, 0.31178157, 0.0 ], [ 123.38058714, 0.31177815, 0.0 ], [ 123.38060951, 0.31177252, 0.0 ], [ 123.3806338, 0.31176641, 0.0 ], [ 123.38064546, 0.31176347, 0.0 ], [ 123.3806534, 0.31175903, 0.0 ], [ 123.38066511, 0.31175248, 0.0 ], [ 123.38067964, 0.31174435, 0.0 ], [ 123.38070128, 0.31173225, 0.0 ], [ 123.38072026, 0.31172163, 0.0 ], [ 123.38073002, 0.31171527, 0.0 ], [ 123.38075391, 0.31169602, 0.0 ], [ 123.38077127, 0.31168204, 0.0 ], [ 123.38077848, 0.31168023, 0.0 ], [ 123.38079359, 0.31167643, 0.0 ], [ 123.3808031, 0.31167403, 0.0 ], [ 123.38081396, 0.31167028, 0.0 ], [ 123.38082921, 0.31166414, 0.0 ], [ 123.38083971, 0.31165991, 0.0 ], [ 123.38086106, 0.31165849, 0.0 ], [ 123.38086984, 0.31166202, 0.0 ], [ 123.38087795, 0.31166529, 0.0 ], [ 123.38089708, 0.31167299, 0.0 ], [ 123.38091889, 0.31167665, 0.0 ], [ 123.38093817, 0.31167989, 0.0 ], [ 123.38096492, 0.31167773, 0.0 ], [ 123.38097903, 0.31167336, 0.0 ], [ 123.38098232, 0.31167234, 0.0 ], [ 123.38099527, 0.31166833, 0.0 ], [ 123.38102905, 0.31165786, 0.0 ], [ 123.38106783, 0.31164585, 0.0 ], [ 123.38108305, 0.31164073, 0.0 ], [ 123.38109479, 0.3116368, 0.0 ], [ 123.38110133, 0.31162691, 0.0 ], [ 123.38111745, 0.31160336, 0.0 ], [ 123.38112384, 0.31159478, 0.0 ], [ 123.3811296, 0.31158705, 0.0 ], [ 123.38114803, 0.31158899, 0.0 ], [ 123.38115769, 0.31159156, 0.0 ], [ 123.38116702, 0.31159625, 0.0 ], [ 123.38117567, 0.3116006, 0.0 ], [ 123.38119243, 0.31160354, 0.0 ], [ 123.38120228, 0.31160726, 0.0 ], [ 123.38122265, 0.31161495, 0.0 ], [ 123.38123844, 0.31162091, 0.0 ], [ 123.38126033, 0.31162927, 0.0 ], [ 123.38127698, 0.31163597, 0.0 ], [ 123.38129083, 0.31164155, 0.0 ], [ 123.38130148, 0.31164584, 0.0 ], [ 123.38130591, 0.31165553, 0.0 ], [ 123.38131381, 0.31166772, 0.0 ], [ 123.3813153, 0.31167746, 0.0 ], [ 123.38131863, 0.31169923, 0.0 ], [ 123.38132139, 0.31171729, 0.0 ], [ 123.38132366, 0.31173215, 0.0 ], [ 123.38132724, 0.31175553, 0.0 ], [ 123.38132986, 0.311772, 0.0 ], [ 123.38133491, 0.31180251, 0.0 ], [ 123.38133784, 0.31182021, 0.0 ], [ 123.38134053, 0.31183644, 0.0 ], [ 123.38134331, 0.3118532, 0.0 ], [ 123.38135062, 0.31187201, 0.0 ], [ 123.38135939, 0.31187602, 0.0 ], [ 123.3813644, 0.31188106, 0.0 ], [ 123.38138146, 0.31189136, 0.0 ], [ 123.38139258, 0.31189808, 0.0 ], [ 123.38140933, 0.3119082, 0.0 ], [ 123.38142686, 0.31191408, 0.0 ], [ 123.38145525, 0.31191724, 0.0 ], [ 123.38147902, 0.31191724, 0.0 ], [ 123.38149376, 0.31191724, 0.0 ], [ 123.38150198, 0.31192284, 0.0 ], [ 123.38150819, 0.31193534, 0.0 ], [ 123.38151345, 0.31194329, 0.0 ], [ 123.38152084, 0.31195444, 0.0 ], [ 123.38153401, 0.31197433, 0.0 ], [ 123.38154413, 0.31198962, 0.0 ], [ 123.38155965, 0.31200523, 0.0 ], [ 123.38157986, 0.31202558, 0.0 ], [ 123.38160054, 0.3120464, 0.0 ], [ 123.38161416, 0.31205909, 0.0 ], [ 123.38163797, 0.31207964, 0.0 ], [ 123.38166995, 0.31210723, 0.0 ], [ 123.38169691, 0.31213437, 0.0 ], [ 123.38171399, 0.31214613, 0.0 ], [ 123.38172383, 0.31214943, 0.0 ], [ 123.38174404, 0.31215527, 0.0 ], [ 123.38177023, 0.31216186, 0.0 ], [ 123.38178869, 0.31216651, 0.0 ], [ 123.38180475, 0.31217055, 0.0 ], [ 123.3818292, 0.31218778, 0.0 ], [ 123.3818539, 0.31220518, 0.0 ], [ 123.38186319, 0.31221173, 0.0 ], [ 123.38188547, 0.31222743, 0.0 ], [ 123.38189958, 0.31223637, 0.0 ], [ 123.3819126, 0.31224292, 0.0 ], [ 123.38194706, 0.3122699, 0.0 ], [ 123.3819823, 0.3122975, 0.0 ], [ 123.38199348, 0.31230625, 0.0 ], [ 123.38199902, 0.31230904, 0.0 ], [ 123.38200549, 0.3123123, 0.0 ], [ 123.38201649, 0.31231892, 0.0 ], [ 123.38203192, 0.31233002, 0.0 ], [ 123.38204771, 0.31234137, 0.0 ], [ 123.38207436, 0.31236053, 0.0 ], [ 123.38209287, 0.31236674, 0.0 ], [ 123.38211698, 0.31237483, 0.0 ], [ 123.38215524, 0.31238767, 0.0 ], [ 123.38220504, 0.3124059, 0.0 ], [ 123.38223837, 0.3124181, 0.0 ], [ 123.38227899, 0.31243325, 0.0 ], [ 123.3823089, 0.31244454, 0.0 ], [ 123.38233645, 0.31245099, 0.0 ], [ 123.38235295, 0.31245099, 0.0 ], [ 123.38236284, 0.31245597, 0.0 ], [ 123.38238395, 0.31246659, 0.0 ], [ 123.3824239, 0.3124867, 0.0 ], [ 123.38244282, 0.31249622, 0.0 ], [ 123.38246092, 0.3125023, 0.0 ], [ 123.38247659, 0.31251212, 0.0 ], [ 123.38249157, 0.3125272, 0.0 ], [ 123.38250417, 0.31253989, 0.0 ], [ 123.38251472, 0.3125505, 0.0 ], [ 123.38253408, 0.31256025, 0.0 ], [ 123.38254872, 0.31256762, 0.0 ], [ 123.38256864, 0.31257764, 0.0 ], [ 123.3825801, 0.31257668, 0.0 ], [ 123.38259769, 0.3125752, 0.0 ], [ 123.38262422, 0.31257298, 0.0 ], [ 123.38264661, 0.3125711, 0.0 ], [ 123.38267204, 0.31256896, 0.0 ], [ 123.38269303, 0.31257282, 0.0 ], [ 123.3827034, 0.31257862, 0.0 ], [ 123.38271455, 0.31258486, 0.0 ], [ 123.38274209, 0.31260026, 0.0 ], [ 123.38276634, 0.31261382, 0.0 ], [ 123.38278056, 0.31261919, 0.0 ], [ 123.38279833, 0.3126259, 0.0 ], [ 123.38282996, 0.31263784, 0.0 ], [ 123.38285143, 0.31264428, 0.0 ], [ 123.38288074, 0.31265166, 0.0 ], [ 123.38290726, 0.31265833, 0.0 ], [ 123.38294608, 0.3126681, 0.0 ], [ 123.38297496, 0.31267537, 0.0 ], [ 123.38301143, 0.31268455, 0.0 ], [ 123.38302259, 0.3126865, 0.0 ], [ 123.38305542, 0.3126887, 0.0 ], [ 123.38311384, 0.31269262, 0.0 ], [ 123.38313091, 0.31269377, 0.0 ], [ 123.38314231, 0.31269453, 0.0 ], [ 123.38315277, 0.31269523, 0.0 ], [ 123.38316671, 0.31269173, 0.0 ], [ 123.38317756, 0.31268899, 0.0 ], [ 123.38319339, 0.31269051, 0.0 ], [ 123.38320766, 0.3126929, 0.0 ], [ 123.38322467, 0.31269523, 0.0 ], [ 123.38323365, 0.31270428, 0.0 ], [ 123.38325664, 0.31271349, 0.0 ], [ 123.3832633, 0.31271349, 0.0 ], [ 123.38328668, 0.31271796, 0.0 ], [ 123.38330313, 0.31271589, 0.0 ], [ 123.38331858, 0.31271394, 0.0 ], [ 123.38333601, 0.31271446, 0.0 ], [ 123.38336101, 0.31271675, 0.0 ], [ 123.38338875, 0.31271929, 0.0 ], [ 123.38342477, 0.31272258, 0.0 ], [ 123.38345002, 0.31272489, 0.0 ], [ 123.38353022, 0.31273141, 0.0 ], [ 123.3835363, 0.31273447, 0.0 ], [ 123.38355719, 0.31273933, 0.0 ], [ 123.38357764, 0.31274124, 0.0 ], [ 123.38359476, 0.3127398, 0.0 ], [ 123.38361473, 0.31274045, 0.0 ], [ 123.38363233, 0.31274045, 0.0 ], [ 123.38365182, 0.31274045, 0.0 ], [ 123.38368036, 0.31274045, 0.0 ], [ 123.38372506, 0.31274045, 0.0 ], [ 123.3837592, 0.31274112, 0.0 ], [ 123.38377804, 0.31274403, 0.0 ], [ 123.38380813, 0.31274869, 0.0 ], [ 123.383845, 0.3127544, 0.0 ], [ 123.38387171, 0.31275854, 0.0 ], [ 123.38389206, 0.31275739, 0.0 ], [ 123.38392389, 0.31275419, 0.0 ], [ 123.38395581, 0.31275097, 0.0 ], [ 123.38397056, 0.31274949, 0.0 ], [ 123.38398423, 0.31274044, 0.0 ], [ 123.38399517, 0.31274044, 0.0 ], [ 123.38400943, 0.31274044, 0.0 ], [ 123.38403321, 0.31274044, 0.0 ], [ 123.38406412, 0.31274044, 0.0 ], [ 123.38409377, 0.31273927, 0.0 ], [ 123.3841093, 0.31273642, 0.0 ], [ 123.38413286, 0.31273211, 0.0 ], [ 123.38417387, 0.3127246, 0.0 ], [ 123.38419109, 0.31272234, 0.0 ], [ 123.38420393, 0.31272234, 0.0 ], [ 123.38422219, 0.31272234, 0.0 ], [ 123.38426242, 0.31272233, 0.0 ], [ 123.38433003, 0.31272233, 0.0 ], [ 123.38433744, 0.3127234, 0.0 ], [ 123.38435368, 0.31272573, 0.0 ], [ 123.38438178, 0.31272977, 0.0 ], [ 123.38440192, 0.31273138, 0.0 ], [ 123.38443586, 0.31273564, 0.0 ], [ 123.38446787, 0.31273967, 0.0 ], [ 123.38448127, 0.31274, 0.0 ], [ 123.38450408, 0.31273873, 0.0 ], [ 123.38453818, 0.31273682, 0.0 ], [ 123.38455433, 0.31273591, 0.0 ], [ 123.38458085, 0.31273443, 0.0 ], [ 123.38461401, 0.31273257, 0.0 ], [ 123.38463558, 0.31273137, 0.0 ], [ 123.38465617, 0.31274015, 0.0 ], [ 123.38467345, 0.31273841, 0.0 ], [ 123.38469025, 0.31273672, 0.0 ], [ 123.38471855, 0.31273387, 0.0 ], [ 123.38474342, 0.31273136, 0.0 ], [ 123.38476072, 0.31272788, 0.0 ], [ 123.38478239, 0.31272352, 0.0 ], [ 123.38479741, 0.31272231, 0.0 ], [ 123.38482642, 0.31272231, 0.0 ], [ 123.38486399, 0.31272231, 0.0 ], [ 123.3848743, 0.31272359, 0.0 ], [ 123.38488605, 0.31272654, 0.0 ], [ 123.38490787, 0.31273204, 0.0 ], [ 123.38491929, 0.31273491, 0.0 ], [ 123.38494436, 0.3127404, 0.0 ], [ 123.3849591, 0.3127404, 0.0 ], [ 123.38497336, 0.3127404, 0.0 ], [ 123.38499144, 0.3127404, 0.0 ], [ 123.38500665, 0.3127404, 0.0 ], [ 123.38502057, 0.31274268, 0.0 ], [ 123.38503405, 0.31274675, 0.0 ], [ 123.38505844, 0.31275412, 0.0 ], [ 123.38508946, 0.31276348, 0.0 ], [ 123.38510289, 0.31276754, 0.0 ], [ 123.38512577, 0.31277042, 0.0 ], [ 123.38515077, 0.31277356, 0.0 ], [ 123.38518132, 0.31277741, 0.0 ], [ 123.38522896, 0.3127834, 0.0 ], [ 123.38525698, 0.31278666, 0.0 ], [ 123.38530223, 0.31279122, 0.0 ], [ 123.38531136, 0.31279214, 0.0 ], [ 123.38532704, 0.31279372, 0.0 ], [ 123.38533859, 0.31280246, 0.0 ], [ 123.38535143, 0.31281347, 0.0 ], [ 123.3853635, 0.31283086, 0.0 ], [ 123.38536714, 0.31283452, 0.0 ], [ 123.38538188, 0.31284936, 0.0 ], [ 123.38540421, 0.31285128, 0.0 ], [ 123.3854156, 0.31285078, 0.0 ], [ 123.3854354, 0.31284895, 0.0 ], [ 123.38544712, 0.31284726, 0.0 ], [ 123.38547389, 0.31284341, 0.0 ], [ 123.38547708, 0.31284295, 0.0 ], [ 123.3854983, 0.3128399, 0.0 ], [ 123.38551977, 0.31283085, 0.0 ], [ 123.38553451, 0.31283085, 0.0 ], [ 123.38554497, 0.31283085, 0.0 ], [ 123.38556114, 0.31282749, 0.0 ], [ 123.38557495, 0.31282227, 0.0 ], [ 123.3855935, 0.31281527, 0.0 ], [ 123.38561278, 0.31280799, 0.0 ], [ 123.38562819, 0.31280371, 0.0 ], [ 123.38564151, 0.31280371, 0.0 ], [ 123.38566434, 0.31280371, 0.0 ], [ 123.38569352, 0.31280678, 0.0 ], [ 123.38573384, 0.31281186, 0.0 ], [ 123.38574953, 0.31281563, 0.0 ], [ 123.38577079, 0.31282276, 0.0 ], [ 123.38578591, 0.31282784, 0.0 ], [ 123.38580331, 0.31283368, 0.0 ], [ 123.38582671, 0.31284153, 0.0 ], [ 123.38585225, 0.3128501, 0.0 ], [ 123.38588435, 0.31286087, 0.0 ], [ 123.38590965, 0.31286877, 0.0 ], [ 123.38595016, 0.31287993, 0.0 ], [ 123.38598012, 0.31288999, 0.0 ], [ 123.38600566, 0.31289856, 0.0 ], [ 123.38602834, 0.31290617, 0.0 ], [ 123.38604649, 0.31291226, 0.0 ], [ 123.38606123, 0.31292116, 0.0 ], [ 123.38608095, 0.31293307, 0.0 ], [ 123.38609143, 0.3129394, 0.0 ], [ 123.38611158, 0.31294278, 0.0 ], [ 123.38613286, 0.31294635, 0.0 ], [ 123.38615291, 0.31294971, 0.0 ], [ 123.38618083, 0.31295439, 0.0 ], [ 123.38620884, 0.31295749, 0.0 ], [ 123.38622623, 0.31295749, 0.0 ], [ 123.38625117, 0.31295942, 0.0 ], [ 123.38628531, 0.31296206, 0.0 ], [ 123.38633095, 0.31296559, 0.0 ], [ 123.38635806, 0.31296955, 0.0 ], [ 123.38638348, 0.31297467, 0.0 ], [ 123.38640078, 0.31298523, 0.0 ], [ 123.38642236, 0.31299535, 0.0 ], [ 123.38643834, 0.31300513, 0.0 ], [ 123.38646517, 0.31300963, 0.0 ], [ 123.38649332, 0.31301435, 0.0 ], [ 123.38652725, 0.31302005, 0.0 ], [ 123.38653875, 0.31302431, 0.0 ], [ 123.38655492, 0.31303245, 0.0 ], [ 123.38657813, 0.31304413, 0.0 ], [ 123.38659144, 0.31305083, 0.0 ], [ 123.38660367, 0.31305699, 0.0 ], [ 123.38662899, 0.31306548, 0.0 ], [ 123.38664354, 0.31307037, 0.0 ], [ 123.38667153, 0.31308109, 0.0 ], [ 123.38670172, 0.31309412, 0.0 ], [ 123.3867205, 0.31310222, 0.0 ], [ 123.38674398, 0.31310437, 0.0 ], [ 123.38676936, 0.31310669, 0.0 ], [ 123.38679015, 0.31310859, 0.0 ], [ 123.38681022, 0.31311043, 0.0 ], [ 123.38683733, 0.31312031, 0.0 ], [ 123.38684514, 0.31312481, 0.0 ], [ 123.38686261, 0.31313485, 0.0 ], [ 123.38688028, 0.31314502, 0.0 ], [ 123.3868959, 0.313154, 0.0 ], [ 123.38690982, 0.31315746, 0.0 ], [ 123.38692131, 0.31315862, 0.0 ], [ 123.38693845, 0.31316034, 0.0 ], [ 123.38696331, 0.31316284, 0.0 ], [ 123.38703677, 0.31316915, 0.0 ], [ 123.38707575, 0.31317217, 0.0 ], [ 123.38712517, 0.313176, 0.0 ], [ 123.38715994, 0.31317869, 0.0 ], [ 123.38719652, 0.31318152, 0.0 ], [ 123.38722376, 0.31318363, 0.0 ], [ 123.38727094, 0.31318956, 0.0 ], [ 123.38729565, 0.31319267, 0.0 ], [ 123.38731493, 0.31319821, 0.0 ], [ 123.38732759, 0.31320186, 0.0 ], [ 123.38733565, 0.31320418, 0.0 ], [ 123.38735856, 0.31321076, 0.0 ], [ 123.38737594, 0.31321884, 0.0 ], [ 123.38738827, 0.31322457, 0.0 ], [ 123.38740983, 0.31323459, 0.0 ], [ 123.38742919, 0.31324358, 0.0 ], [ 123.38744931, 0.31325293, 0.0 ], [ 123.38747539, 0.31326504, 0.0 ], [ 123.38750118, 0.31327542, 0.0 ], [ 123.38751585, 0.31328133, 0.0 ], [ 123.3875323, 0.31328313, 0.0 ], [ 123.38754942, 0.31328313, 0.0 ], [ 123.38760363, 0.31328313, 0.0 ], [ 123.38763644, 0.31328313, 0.0 ], [ 123.38766117, 0.31328313, 0.0 ], [ 123.38769107, 0.31328313, 0.0 ], [ 123.38770349, 0.31328781, 0.0 ], [ 123.38772156, 0.31329212, 0.0 ], [ 123.38773975, 0.31329972, 0.0 ], [ 123.38775181, 0.31331136, 0.0 ], [ 123.38776436, 0.31332037, 0.0 ], [ 123.38777673, 0.31333808, 0.0 ], [ 123.38778992, 0.3133555, 0.0 ], [ 123.38779901, 0.31336191, 0.0 ], [ 123.38782659, 0.31338134, 0.0 ], [ 123.38784829, 0.31339663, 0.0 ], [ 123.38786119, 0.31340572, 0.0 ], [ 123.38787664, 0.3134166, 0.0 ], [ 123.38789527, 0.31341363, 0.0 ], [ 123.38791111, 0.31340832, 0.0 ], [ 123.38792965, 0.31340209, 0.0 ], [ 123.38795448, 0.31339376, 0.0 ], [ 123.38796989, 0.31339301, 0.0 ], [ 123.387983, 0.31339489, 0.0 ], [ 123.38801449, 0.31339942, 0.0 ], [ 123.38803287, 0.31340206, 0.0 ], [ 123.38805997, 0.31340596, 0.0 ], [ 123.38807594, 0.31340826, 0.0 ], [ 123.38809146, 0.31341177, 0.0 ], [ 123.38810728, 0.31341815, 0.0 ], [ 123.38812368, 0.31342475, 0.0 ], [ 123.38813741, 0.31342853, 0.0 ], [ 123.38816121, 0.31343119, 0.0 ], [ 123.38818407, 0.31343375, 0.0 ], [ 123.38820751, 0.31343637, 0.0 ], [ 123.38822335, 0.31343913, 0.0 ], [ 123.3882432, 0.31344313, 0.0 ], [ 123.38825723, 0.31344595, 0.0 ], [ 123.38827273, 0.31344595, 0.0 ], [ 123.38828557, 0.31344595, 0.0 ], [ 123.38830554, 0.31344051, 0.0 ], [ 123.38832293, 0.31343937, 0.0 ], [ 123.38834178, 0.31342882, 0.0 ], [ 123.38836104, 0.31341805, 0.0 ], [ 123.38838216, 0.31340624, 0.0 ], [ 123.38839203, 0.31340071, 0.0 ], [ 123.38840932, 0.31338828, 0.0 ], [ 123.38842969, 0.31337363, 0.0 ], [ 123.38843972, 0.31336642, 0.0 ], [ 123.38845494, 0.31335548, 0.0 ], [ 123.38846475, 0.31335301, 0.0 ], [ 123.38848109, 0.31334889, 0.0 ], [ 123.38849731, 0.31334481, 0.0 ], [ 123.38851152, 0.31334123, 0.0 ], [ 123.38852683, 0.31333738, 0.0 ], [ 123.388544, 0.31334314, 0.0 ], [ 123.38855884, 0.31334812, 0.0 ], [ 123.38857339, 0.313353, 0.0 ], [ 123.38858706, 0.31335547, 0.0 ], [ 123.38860466, 0.31335547, 0.0 ], [ 123.38862748, 0.31335547, 0.0 ], [ 123.38865264, 0.31335547, 0.0 ], [ 123.38866205, 0.31335357, 0.0 ], [ 123.38868363, 0.31334923, 0.0 ], [ 123.38869758, 0.31334642, 0.0 ], [ 123.38871641, 0.31334642, 0.0 ], [ 123.3887283, 0.31334642, 0.0 ], [ 123.38875296, 0.31335424, 0.0 ], [ 123.38876239, 0.31335804, 0.0 ], [ 123.38877674, 0.31336382, 0.0 ], [ 123.38879141, 0.31336973, 0.0 ], [ 123.38880855, 0.31337663, 0.0 ], [ 123.38882721, 0.31338879, 0.0 ], [ 123.38884143, 0.31339171, 0.0 ], [ 123.38884856, 0.31339889, 0.0 ], [ 123.38885934, 0.31340974, 0.0 ], [ 123.38887896, 0.31341633, 0.0 ], [ 123.38891326, 0.31342784, 0.0 ], [ 123.38892084, 0.31342838, 0.0 ], [ 123.38893946, 0.31342972, 0.0 ], [ 123.3889718, 0.31343204, 0.0 ], [ 123.38900212, 0.31343422, 0.0 ], [ 123.38902824, 0.3134361, 0.0 ], [ 123.38904407, 0.31343855, 0.0 ], [ 123.38906675, 0.31344616, 0.0 ], [ 123.389093, 0.31345497, 0.0 ], [ 123.38910923, 0.3134586, 0.0 ], [ 123.38913239, 0.31346378, 0.0 ], [ 123.3891548, 0.31346879, 0.0 ], [ 123.38917388, 0.31347306, 0.0 ], [ 123.38919658, 0.31347992, 0.0 ], [ 123.38920198, 0.31348155, 0.0 ], [ 123.38923653, 0.31349198, 0.0 ], [ 123.38926374, 0.3135002, 0.0 ], [ 123.38931285, 0.31351432, 0.0 ], [ 123.3893685, 0.31353033, 0.0 ], [ 123.38939756, 0.31353907, 0.0 ], [ 123.38942473, 0.3135537, 0.0 ], [ 123.38943377, 0.31356279, 0.0 ], [ 123.38944661, 0.31357572, 0.0 ], [ 123.38947205, 0.31360133, 0.0 ], [ 123.38947943, 0.31360876, 0.0 ], [ 123.38949299, 0.31361483, 0.0 ], [ 123.38949997, 0.31361794, 0.0 ], [ 123.38951828, 0.31362614, 0.0 ], [ 123.38953447, 0.31363338, 0.0 ], [ 123.38955009, 0.31364037, 0.0 ], [ 123.38956031, 0.31364494, 0.0 ], [ 123.38957059, 0.31366047, 0.0 ], [ 123.38957513, 0.31366731, 0.0 ], [ 123.38958457, 0.31367419, 0.0 ], [ 123.38960524, 0.31368113, 0.0 ], [ 123.38961642, 0.31368563, 0.0 ], [ 123.38963454, 0.31369292, 0.0 ], [ 123.38964569, 0.31369741, 0.0 ], [ 123.38965613, 0.31369822, 0.0 ], [ 123.38967603, 0.31369488, 0.0 ], [ 123.38969222, 0.31369217, 0.0 ], [ 123.3897041, 0.31369017, 0.0 ], [ 123.38971257, 0.31369444, 0.0 ], [ 123.38972931, 0.31370286, 0.0 ], [ 123.38974455, 0.31370826, 0.0 ], [ 123.38975834, 0.31370826, 0.0 ], [ 123.38977071, 0.31370826, 0.0 ], [ 123.3897845, 0.31370826, 0.0 ], [ 123.38979781, 0.31370826, 0.0 ], [ 123.38981382, 0.31371191, 0.0 ], [ 123.38982991, 0.31371731, 0.0 ], [ 123.38985822, 0.31372087, 0.0 ], [ 123.3898824, 0.31372391, 0.0 ], [ 123.3899089, 0.31373492, 0.0 ], [ 123.38991873, 0.3137495, 0.0 ], [ 123.38993382, 0.31376887, 0.0 ], [ 123.38994238, 0.31378514, 0.0 ], [ 123.38995573, 0.31379873, 0.0 ], [ 123.38996547, 0.31380325, 0.0 ], [ 123.38997376, 0.3138071, 0.0 ], [ 123.39000033, 0.31381945, 0.0 ], [ 123.39003314, 0.31383469, 0.0 ], [ 123.39007256, 0.31385301, 0.0 ], [ 123.39012482, 0.31387931, 0.0 ], [ 123.39015659, 0.3138953, 0.0 ], [ 123.39017267, 0.31390511, 0.0 ], [ 123.39018939, 0.31391633, 0.0 ], [ 123.39019577, 0.31391847, 0.0 ], [ 123.39021635, 0.31392538, 0.0 ], [ 123.39024598, 0.31394242, 0.0 ], [ 123.39027502, 0.31395912, 0.0 ], [ 123.39028985, 0.3139669, 0.0 ], [ 123.39032371, 0.31398394, 0.0 ], [ 123.39036912, 0.3140068, 0.0 ], [ 123.39039608, 0.31401584, 0.0 ], [ 123.39040715, 0.3140222, 0.0 ], [ 123.39043792, 0.31403991, 0.0 ], [ 123.39045899, 0.31405203, 0.0 ], [ 123.39048595, 0.31406107, 0.0 ], [ 123.3905231, 0.31407603, 0.0 ], [ 123.39057049, 0.31409511, 0.0 ], [ 123.39060034, 0.31410621, 0.0 ], [ 123.39060427, 0.31410767, 0.0 ], [ 123.39067467, 0.31413344, 0.0 ], [ 123.39072187, 0.31414928, 0.0 ], [ 123.39078179, 0.31416938, 0.0 ], [ 123.39080618, 0.31417757, 0.0 ], [ 123.39083101, 0.31418022, 0.0 ], [ 123.3908596, 0.31418228, 0.0 ], [ 123.39088437, 0.31418406, 0.0 ], [ 123.39091455, 0.31418623, 0.0 ], [ 123.39093529, 0.31419676, 0.0 ], [ 123.3909485, 0.31419833, 0.0 ], [ 123.39098087, 0.31420216, 0.0 ], [ 123.39101696, 0.31420643, 0.0 ], [ 123.39107716, 0.31421356, 0.0 ], [ 123.39108806, 0.31421485, 0.0 ], [ 123.39111502, 0.31421485, 0.0 ], [ 123.3911217, 0.31421709, 0.0 ], [ 123.39114198, 0.3142239, 0.0 ], [ 123.39115835, 0.31422573, 0.0 ], [ 123.39118434, 0.31422863, 0.0 ], [ 123.39122287, 0.31423294, 0.0 ], [ 123.39124907, 0.3142388, 0.0 ], [ 123.39128829, 0.31424758, 0.0 ], [ 123.39132627, 0.31425452, 0.0 ], [ 123.39137448, 0.31426198, 0.0 ], [ 123.39142057, 0.31426912, 0.0 ], [ 123.39144009, 0.31427567, 0.0 ], [ 123.39145279, 0.31427993, 0.0 ], [ 123.39146734, 0.31428481, 0.0 ], [ 123.39149277, 0.31428397, 0.0 ], [ 123.391504, 0.31428197, 0.0 ], [ 123.39153357, 0.31427672, 0.0 ], [ 123.39155297, 0.31427327, 0.0 ], [ 123.39157722, 0.31426896, 0.0 ], [ 123.39160247, 0.31426447, 0.0 ], [ 123.39162244, 0.31426092, 0.0 ], [ 123.39163625, 0.31426007, 0.0 ], [ 123.39167936, 0.31426278, 0.0 ], [ 123.39177005, 0.31426848, 0.0 ], [ 123.39178004, 0.31426911, 0.0 ], [ 123.39180189, 0.31426544, 0.0 ], [ 123.39182333, 0.31426184, 0.0 ], [ 123.39184125, 0.31426169, 0.0 ], [ 123.39185177, 0.31426404, 0.0 ], [ 123.39187171, 0.3142685, 0.0 ], [ 123.39190107, 0.31427507, 0.0 ], [ 123.39192241, 0.31427984, 0.0 ], [ 123.39195595, 0.31428735, 0.0 ], [ 123.39199572, 0.31429624, 0.0 ], [ 123.39200853, 0.31429302, 0.0 ], [ 123.39202529, 0.31429636, 0.0 ], [ 123.39204146, 0.31430019, 0.0 ], [ 123.39206217, 0.31430254, 0.0 ], [ 123.39207938, 0.31430636, 0.0 ], [ 123.39210107, 0.31430835, 0.0 ], [ 123.39213066, 0.31431105, 0.0 ], [ 123.39216647, 0.31431433, 0.0 ], [ 123.39218444, 0.31431433, 0.0 ], [ 123.39219161, 0.31431513, 0.0 ], [ 123.39223958, 0.31432049, 0.0 ], [ 123.39226532, 0.31432337, 0.0 ], [ 123.39228209, 0.31432337, 0.0 ], [ 123.39229228, 0.31432337, 0.0 ], [ 123.39231014, 0.31431598, 0.0 ], [ 123.39232823, 0.31431432, 0.0 ], [ 123.39236055, 0.31431432, 0.0 ], [ 123.39238713, 0.31431901, 0.0 ], [ 123.39240753, 0.31432585, 0.0 ], [ 123.39242713, 0.31432603, 0.0 ], [ 123.39244767, 0.31432412, 0.0 ], [ 123.39245661, 0.31432052, 0.0 ], [ 123.39247202, 0.31431432, 0.0 ], [ 123.39248134, 0.31431432, 0.0 ], [ 123.39249751, 0.31431432, 0.0 ], [ 123.39251695, 0.31431432, 0.0 ], [ 123.3925297, 0.31431752, 0.0 ], [ 123.3925598, 0.3143251, 0.0 ], [ 123.39257837, 0.31432977, 0.0 ], [ 123.39262479, 0.31434145, 0.0 ], [ 123.39263867, 0.314343, 0.0 ], [ 123.39267082, 0.3143466, 0.0 ], [ 123.39270567, 0.3143505, 0.0 ], [ 123.39271769, 0.3143505, 0.0 ], [ 123.3927543, 0.3143505, 0.0 ], [ 123.39278426, 0.31435049, 0.0 ], [ 123.39289439, 0.31435049, 0.0 ], [ 123.39291303, 0.31435166, 0.0 ], [ 123.39293956, 0.31435333, 0.0 ], [ 123.39297491, 0.31435555, 0.0 ], [ 123.39300673, 0.31435755, 0.0 ], [ 123.39302494, 0.3143587, 0.0 ], [ 123.39304793, 0.31436935, 0.0 ], [ 123.39306683, 0.31437958, 0.0 ], [ 123.39307491, 0.31438106, 0.0 ], [ 123.39309261, 0.3143843, 0.0 ], [ 123.39313751, 0.31439251, 0.0 ], [ 123.39315501, 0.31439572, 0.0 ], [ 123.39316644, 0.31439418, 0.0 ], [ 123.39318014, 0.31439234, 0.0 ], [ 123.3932898, 0.31437762, 0.0 ], [ 123.39333209, 0.31437761, 0.0 ], [ 123.39353244, 0.31437761, 0.0 ], [ 123.39355974, 0.3143799, 0.0 ], [ 123.39364029, 0.31438665, 0.0 ], [ 123.39367955, 0.31438335, 0.0 ], [ 123.39385596, 0.31436855, 0.0 ], [ 123.39389765, 0.31437236, 0.0 ], [ 123.39395482, 0.31437759, 0.0 ], [ 123.3939813, 0.31438486, 0.0 ], [ 123.3940314, 0.31439861, 0.0 ], [ 123.39404757, 0.31440305, 0.0 ], [ 123.39406266, 0.31440473, 0.0 ], [ 123.39406828, 0.31440803, 0.0 ], [ 123.39408141, 0.31441574, 0.0 ], [ 123.39410087, 0.31442716, 0.0 ], [ 123.39414253, 0.31445163, 0.0 ], [ 123.3941705, 0.31446805, 0.0 ], [ 123.39417949, 0.3144771, 0.0 ], [ 123.39418997, 0.31448062, 0.0 ], [ 123.39421423, 0.31448876, 0.0 ], [ 123.3942636, 0.31450569, 0.0 ], [ 123.394288, 0.3145166, 0.0 ], [ 123.39431986, 0.31453085, 0.0 ], [ 123.39434414, 0.31454167, 0.0 ], [ 123.39438667, 0.31456002, 0.0 ], [ 123.39440255, 0.31456102, 0.0 ], [ 123.3944129, 0.31456536, 0.0 ], [ 123.39442387, 0.3145626, 0.0 ], [ 123.39444011, 0.31455851, 0.0 ], [ 123.39445528, 0.31456268, 0.0 ], [ 123.39445704, 0.31456316, 0.0 ], [ 123.39449133, 0.31457258, 0.0 ], [ 123.39453896, 0.31458565, 0.0 ], [ 123.39457235, 0.31460006, 0.0 ], [ 123.39460187, 0.31461279, 0.0 ], [ 123.39463243, 0.31461894, 0.0 ], [ 123.39467331, 0.31462717, 0.0 ], [ 123.39468836, 0.31463761, 0.0 ], [ 123.39469882, 0.31465005, 0.0 ], [ 123.39471628, 0.31465968, 0.0 ], [ 123.39475464, 0.31466707, 0.0 ], [ 123.39477262, 0.31467611, 0.0 ], [ 123.39479324, 0.31468223, 0.0 ], [ 123.39480534, 0.314685, 0.0 ], [ 123.39481676, 0.31468979, 0.0 ], [ 123.39482654, 0.31469421, 0.0 ], [ 123.39483807, 0.31470001, 0.0 ], [ 123.39487478, 0.31471849, 0.0 ], [ 123.39491641, 0.31473944, 0.0 ], [ 123.39495516, 0.31475244, 0.0 ], [ 123.39498127, 0.3147612, 0.0 ], [ 123.39501836, 0.31477365, 0.0 ], [ 123.39503408, 0.31477562, 0.0 ], [ 123.39505786, 0.31477562, 0.0 ], [ 123.39507783, 0.31477562, 0.0 ], [ 123.39510513, 0.31477562, 0.0 ], [ 123.3951552, 0.31478192, 0.0 ], [ 123.39517387, 0.31478427, 0.0 ], [ 123.39518288, 0.31478909, 0.0 ], [ 123.39521297, 0.3148118, 0.0 ], [ 123.39523603, 0.31481895, 0.0 ], [ 123.39525475, 0.31482474, 0.0 ], [ 123.39527777, 0.31483187, 0.0 ], [ 123.3953298, 0.31484799, 0.0 ], [ 123.39534777, 0.31485703, 0.0 ], [ 123.39535371, 0.31486301, 0.0 ], [ 123.39536574, 0.31487513, 0.0 ], [ 123.39537639, 0.31488049, 0.0 ], [ 123.39540169, 0.31489322, 0.0 ], [ 123.39542191, 0.31489904, 0.0 ], [ 123.39544609, 0.31490599, 0.0 ], [ 123.39552751, 0.3149294, 0.0 ], [ 123.39554548, 0.3149294, 0.0 ], [ 123.39556345, 0.3149294, 0.0 ], [ 123.39557671, 0.31493385, 0.0 ], [ 123.39561223, 0.31494577, 0.0 ], [ 123.39574477, 0.31499024, 0.0 ], [ 123.39577913, 0.31500177, 0.0 ], [ 123.39579164, 0.31500177, 0.0 ], [ 123.39581508, 0.31500177, 0.0 ], [ 123.39583439, 0.31500501, 0.0 ], [ 123.39586754, 0.31501057, 0.0 ], [ 123.395869, 0.31501081, 0.0 ], [ 123.39591338, 0.31501081, 0.0 ], [ 123.3959305, 0.31501081, 0.0 ], [ 123.39594762, 0.31502343, 0.0 ], [ 123.39595887, 0.31502891, 0.0 ], [ 123.39601872, 0.31504397, 0.0 ], [ 123.39606671, 0.31505604, 0.0 ], [ 123.39608257, 0.31505817, 0.0 ], [ 123.39624278, 0.31507902, 0.0 ], [ 123.39635429, 0.31509222, 0.0 ], [ 123.39640902, 0.31510255, 0.0 ], [ 123.39649807, 0.31511936, 0.0 ], [ 123.39653259, 0.31512804, 0.0 ], [ 123.39657198, 0.31513795, 0.0 ], [ 123.3965872, 0.31514178, 0.0 ], [ 123.39661585, 0.31514449, 0.0 ], [ 123.39662545, 0.31514256, 0.0 ], [ 123.39664393, 0.31513884, 0.0 ], [ 123.39666838, 0.31513156, 0.0 ], [ 123.39668771, 0.31513039, 0.0 ], [ 123.3966985, 0.31513256, 0.0 ], [ 123.39672164, 0.31513722, 0.0 ], [ 123.39676298, 0.31514554, 0.0 ], [ 123.39678904, 0.31515079, 0.0 ], [ 123.39681261, 0.31515553, 0.0 ], [ 123.39682159, 0.31515553, 0.0 ], [ 123.39683466, 0.31515261, 0.0 ], [ 123.39685369, 0.31514835, 0.0 ], [ 123.3968692, 0.31514488, 0.0 ], [ 123.39690247, 0.31513743, 0.0 ], [ 123.39691583, 0.31513206, 0.0 ], [ 123.39693842, 0.31512839, 0.0 ], [ 123.39700264, 0.31511581, 0.0 ], [ 123.39702541, 0.31511164, 0.0 ], [ 123.39708221, 0.31510124, 0.0 ], [ 123.39709463, 0.31510124, 0.0 ], [ 123.39716663, 0.31510389, 0.0 ], [ 123.39726194, 0.31511028, 0.0 ], [ 123.39728628, 0.31511028, 0.0 ], [ 123.39737235, 0.31511028, 0.0 ], [ 123.39739674, 0.31511027, 0.0 ], [ 123.3974198, 0.31511838, 0.0 ], [ 123.39745114, 0.31511627, 0.0 ], [ 123.39748292, 0.31511414, 0.0 ], [ 123.39751076, 0.31511227, 0.0 ], [ 123.39755371, 0.31511059, 0.0 ], [ 123.39758571, 0.31511307, 0.0 ], [ 123.3976411, 0.31511736, 0.0 ], [ 123.39766634, 0.31511931, 0.0 ], [ 123.3976933, 0.31512836, 0.0 ], [ 123.39771063, 0.31513019, 0.0 ], [ 123.39775163, 0.31513453, 0.0 ], [ 123.39786405, 0.31514644, 0.0 ], [ 123.39787379, 0.31514903, 0.0 ], [ 123.3979148, 0.31515989, 0.0 ], [ 123.3980034, 0.31518336, 0.0 ], [ 123.3980919, 0.31520604, 0.0 ], [ 123.39810669, 0.31520976, 0.0 ], [ 123.39811849, 0.31520976, 0.0 ], [ 123.39814654, 0.31520976, 0.0 ], [ 123.39815754, 0.31521061, 0.0 ], [ 123.39818657, 0.31521479, 0.0 ], [ 123.39821433, 0.31521878, 0.0 ], [ 123.39825321, 0.31522437, 0.0 ], [ 123.39827744, 0.31522785, 0.0 ], [ 123.39830348, 0.31522785, 0.0 ], [ 123.39832963, 0.31522785, 0.0 ], [ 123.39837481, 0.31522785, 0.0 ], [ 123.39842122, 0.31522785, 0.0 ], [ 123.39848502, 0.31524711, 0.0 ], [ 123.39851109, 0.31525498, 0.0 ], [ 123.39851902, 0.31525612, 0.0 ], [ 123.39855663, 0.31526153, 0.0 ], [ 123.398574, 0.31526403, 0.0 ], [ 123.39858303, 0.31526858, 0.0 ], [ 123.39859197, 0.31527308, 0.0 ], [ 123.39862457, 0.31528245, 0.0 ], [ 123.3987044, 0.31530541, 0.0 ], [ 123.39877443, 0.31532555, 0.0 ], [ 123.3987947, 0.31532936, 0.0 ], [ 123.3988436, 0.3153364, 0.0 ], [ 123.3989002, 0.31533924, 0.0 ], [ 123.39895691, 0.31534209, 0.0 ], [ 123.39901435, 0.31534544, 0.0 ], [ 123.39903232, 0.31534544, 0.0 ], [ 123.3990441, 0.31534713, 0.0 ], [ 123.39905893, 0.31534926, 0.0 ], [ 123.39909523, 0.31535448, 0.0 ], [ 123.39909968, 0.31535586, 0.0 ], [ 123.39912434, 0.3153635, 0.0 ], [ 123.39915033, 0.31537155, 0.0 ], [ 123.3991773, 0.3153799, 0.0 ], [ 123.3991962, 0.31538575, 0.0 ], [ 123.39921913, 0.31538829, 0.0 ], [ 123.39923902, 0.31538162, 0.0 ], [ 123.39925585, 0.31537992, 0.0 ], [ 123.39929364, 0.31537611, 0.0 ], [ 123.39930886, 0.31537458, 0.0 ], [ 123.39932888, 0.31537257, 0.0 ], [ 123.39934804, 0.31537808, 0.0 ], [ 123.39939179, 0.31539066, 0.0 ], [ 123.39943674, 0.31540018, 0.0 ], [ 123.39949149, 0.31541178, 0.0 ], [ 123.39956254, 0.31542684, 0.0 ], [ 123.399641, 0.31543342, 0.0 ], [ 123.39966372, 0.31543532, 0.0 ], [ 123.39967658, 0.3154338, 0.0 ], [ 123.39968482, 0.31543104, 0.0 ], [ 123.39971638, 0.31542044, 0.0 ], [ 123.39973319, 0.3154186, 0.0 ], [ 123.39976216, 0.31542125, 0.0 ], [ 123.39978007, 0.31542289, 0.0 ], [ 123.39980294, 0.31542498, 0.0 ], [ 123.39981921, 0.31542647, 0.0 ], [ 123.39983031, 0.31542548, 0.0 ], [ 123.39983814, 0.315424, 0.0 ], [ 123.39984908, 0.31542193, 0.0 ], [ 123.39988474, 0.3154152, 0.0 ], [ 123.39995757, 0.31540145, 0.0 ], [ 123.39997289, 0.31539641, 0.0 ], [ 123.39997838, 0.3153934, 0.0 ], [ 123.39999917, 0.31538198, 0.0 ], [ 123.40004008, 0.31535951, 0.0 ], [ 123.40006062, 0.31534823, 0.0 ], [ 123.40007469, 0.31534411, 0.0 ], [ 123.40009032, 0.31534187, 0.0 ], [ 123.40011659, 0.31533809, 0.0 ], [ 123.40016158, 0.31533162, 0.0 ], [ 123.40023702, 0.31532076, 0.0 ], [ 123.40025451, 0.31531825, 0.0 ], [ 123.40027188, 0.31531825, 0.0 ], [ 123.40030148, 0.31531825, 0.0 ], [ 123.40032609, 0.31531824, 0.0 ], [ 123.40034437, 0.31531824, 0.0 ], [ 123.40035481, 0.31531509, 0.0 ], [ 123.40036329, 0.31531253, 0.0 ], [ 123.40041518, 0.31529685, 0.0 ], [ 123.40043424, 0.3152911, 0.0 ], [ 123.40044322, 0.3152911, 0.0 ], [ 123.40045863, 0.31528722, 0.0 ], [ 123.40049111, 0.31527904, 0.0 ], [ 123.40058233, 0.31525608, 0.0 ], [ 123.40066789, 0.31523681, 0.0 ], [ 123.40067644, 0.31523451, 0.0 ], [ 123.40070628, 0.3152265, 0.0 ], [ 123.40079887, 0.31520164, 0.0 ], [ 123.40080786, 0.31519901, 0.0 ], [ 123.40083019, 0.31519209, 0.0 ], [ 123.40091951, 0.31516442, 0.0 ], [ 123.40094418, 0.3151591, 0.0 ], [ 123.40099674, 0.31514776, 0.0 ], [ 123.40104533, 0.31513727, 0.0 ], [ 123.4010535, 0.3151361, 0.0 ], [ 123.40110128, 0.31512922, 0.0 ], [ 123.40115851, 0.31512099, 0.0 ], [ 123.40116764, 0.31511968, 0.0 ], [ 123.4011767, 0.31511357, 0.0 ], [ 123.40118748, 0.31510899, 0.0 ], [ 123.40120386, 0.31510645, 0.0 ], [ 123.40124065, 0.31510075, 0.0 ], [ 123.40128522, 0.31509385, 0.0 ], [ 123.40130485, 0.31509137, 0.0 ], [ 123.40136745, 0.31508611, 0.0 ], [ 123.40140479, 0.31508298, 0.0 ], [ 123.40142857, 0.31507745, 0.0 ], [ 123.40144376, 0.31507392, 0.0 ], [ 123.40146705, 0.31506851, 0.0 ], [ 123.40148815, 0.31506361, 0.0 ], [ 123.40150654, 0.31505934, 0.0 ], [ 123.4015216, 0.31506007, 0.0 ], [ 123.40153088, 0.31506366, 0.0 ], [ 123.40154051, 0.31507049, 0.0 ], [ 123.40154858, 0.31509023, 0.0 ], [ 123.4015562, 0.31509849, 0.0 ], [ 123.40156191, 0.3151089, 0.0 ], [ 123.40157047, 0.31511357, 0.0 ], [ 123.40157582, 0.31511357, 0.0 ], [ 123.40158976, 0.31511439, 0.0 ], [ 123.4016025, 0.31511011, 0.0 ], [ 123.40161493, 0.31510761, 0.0 ], [ 123.40162975, 0.31510462, 0.0 ], [ 123.40165509, 0.31509978, 0.0 ], [ 123.40167215, 0.31509691, 0.0 ], [ 123.40169343, 0.31509334, 0.0 ], [ 123.4017047, 0.31508189, 0.0 ], [ 123.40170962, 0.31506703, 0.0 ], [ 123.40171472, 0.31505162, 0.0 ], [ 123.40171736, 0.31504365, 0.0 ], [ 123.40172339, 0.315035, 0.0 ], [ 123.4017308, 0.31503002, 0.0 ], [ 123.40173771, 0.31502538, 0.0 ], [ 123.40175339, 0.31502053, 0.0 ], [ 123.4017641, 0.31502188, 0.0 ], [ 123.40178109, 0.31502401, 0.0 ], [ 123.40181817, 0.31502868, 0.0 ], [ 123.40182599, 0.31502711, 0.0 ], [ 123.40183744, 0.3150248, 0.0 ], [ 123.40185829, 0.31502703, 0.0 ], [ 123.40187652, 0.31502812, 0.0 ], [ 123.40189171, 0.31502621, 0.0 ], [ 123.40191818, 0.31502288, 0.0 ], [ 123.40194399, 0.31501963, 0.0 ], [ 123.40197478, 0.31501343, 0.0 ], [ 123.40198897, 0.31501057, 0.0 ], [ 123.40200139, 0.31500807, 0.0 ], [ 123.40202588, 0.31500314, 0.0 ], [ 123.40204263, 0.31499901, 0.0 ], [ 123.40206156, 0.31499356, 0.0 ], [ 123.40208705, 0.31498623, 0.0 ], [ 123.40210454, 0.31498441, 0.0 ], [ 123.40211332, 0.31498552, 0.0 ], [ 123.4021268, 0.31498721, 0.0 ], [ 123.40214058, 0.31498895, 0.0 ], [ 123.40215441, 0.31499069, 0.0 ], [ 123.40216336, 0.31499181, 0.0 ], [ 123.40217364, 0.3149975, 0.0 ], [ 123.40218662, 0.31501057, 0.0 ], [ 123.4021872, 0.31501115, 0.0 ], [ 123.40219362, 0.31501761, 0.0 ], [ 123.40220325, 0.3150273, 0.0 ], [ 123.40221359, 0.31503771, 0.0 ], [ 123.40221799, 0.31503992, 0.0 ], [ 123.40222583, 0.31504387, 0.0 ], [ 123.40223156, 0.31504676, 0.0 ], [ 123.40225275, 0.31504676, 0.0 ], [ 123.40226274, 0.31504676, 0.0 ], [ 123.40226751, 0.31504676, 0.0 ], [ 123.40227605, 0.31504389, 0.0 ], [ 123.40228825, 0.31503979, 0.0 ], [ 123.40229814, 0.31503824, 0.0 ], [ 123.40231132, 0.31504013, 0.0 ], [ 123.4023227, 0.31504177, 0.0 ], [ 123.40233399, 0.31504339, 0.0 ], [ 123.40234552, 0.31504505, 0.0 ], [ 123.40235725, 0.31504065, 0.0 ], [ 123.40236658, 0.31503748, 0.0 ], [ 123.40237535, 0.31502866, 0.0 ], [ 123.402391, 0.3150219, 0.0 ], [ 123.40241463, 0.31501171, 0.0 ], [ 123.40241727, 0.31501057, 0.0 ], [ 123.40243219, 0.31500413, 0.0 ], [ 123.40245076, 0.31499452, 0.0 ], [ 123.40246826, 0.31498473, 0.0 ], [ 123.40251913, 0.31495628, 0.0 ], [ 123.40252344, 0.31495194, 0.0 ], [ 123.40252812, 0.31494723, 0.0 ], [ 123.40254109, 0.31494505, 0.0 ], [ 123.40255578, 0.31494259, 0.0 ], [ 123.40258204, 0.31493818, 0.0 ], [ 123.40260634, 0.31493206, 0.0 ], [ 123.40262371, 0.31492769, 0.0 ], [ 123.40267775, 0.31491408, 0.0 ], [ 123.40268988, 0.31491641, 0.0 ], [ 123.40269886, 0.31492008, 0.0 ], [ 123.40271684, 0.31492008, 0.0 ], [ 123.40273923, 0.31492008, 0.0 ], [ 123.40275421, 0.31492008, 0.0 ], [ 123.40276724, 0.31492253, 0.0 ], [ 123.40277591, 0.3149264, 0.0 ], [ 123.40278382, 0.31492994, 0.0 ], [ 123.40279993, 0.31493715, 0.0 ], [ 123.40281122, 0.3149422, 0.0 ], [ 123.40282277, 0.31494737, 0.0 ], [ 123.4028372, 0.31495382, 0.0 ], [ 123.40284837, 0.31495338, 0.0 ], [ 123.40285593, 0.31494958, 0.0 ], [ 123.40286494, 0.31494613, 0.0 ], [ 123.40288239, 0.31494173, 0.0 ], [ 123.40289657, 0.31493817, 0.0 ], [ 123.40291506, 0.31493817, 0.0 ], [ 123.40292148, 0.31493817, 0.0 ], [ 123.40293252, 0.31493817, 0.0 ], [ 123.40294523, 0.3149339, 0.0 ], [ 123.40296288, 0.31492797, 0.0 ], [ 123.40301339, 0.31491102, 0.0 ], [ 123.40302026, 0.31490584, 0.0 ], [ 123.40303829, 0.31489222, 0.0 ], [ 123.40304934, 0.31488388, 0.0 ], [ 123.40306731, 0.31487483, 0.0 ], [ 123.40308529, 0.31487483, 0.0 ], [ 123.4030992, 0.31487249, 0.0 ], [ 123.40310672, 0.31487123, 0.0 ], [ 123.40313921, 0.31486578, 0.0 ], [ 123.40315295, 0.31486578, 0.0 ], [ 123.40319397, 0.31486578, 0.0 ], [ 123.40323249, 0.31486578, 0.0 ], [ 123.40327029, 0.31486578, 0.0 ], [ 123.40329383, 0.31486577, 0.0 ], [ 123.40330995, 0.31486577, 0.0 ], [ 123.40332244, 0.31487206, 0.0 ], [ 123.4033343, 0.31487589, 0.0 ], [ 123.40334934, 0.31487841, 0.0 ], [ 123.40338185, 0.31488387, 0.0 ], [ 123.40339296, 0.31488275, 0.0 ], [ 123.40340797, 0.31488123, 0.0 ], [ 123.40342983, 0.31487903, 0.0 ], [ 123.40347171, 0.31487481, 0.0 ], [ 123.4034807, 0.31487481, 0.0 ], [ 123.40353372, 0.31487071, 0.0 ], [ 123.40359394, 0.31486604, 0.0 ], [ 123.40362933, 0.31487377, 0.0 ], [ 123.40364443, 0.31487723, 0.0 ], [ 123.40365869, 0.31488298, 0.0 ], [ 123.40367439, 0.31489016, 0.0 ], [ 123.40368972, 0.31489734, 0.0 ], [ 123.40370363, 0.31490667, 0.0 ], [ 123.40371648, 0.31491872, 0.0 ], [ 123.40373332, 0.31491673, 0.0 ], [ 123.40375228, 0.31491448, 0.0 ], [ 123.40378741, 0.31491032, 0.0 ], [ 123.40385814, 0.31490194, 0.0 ], [ 123.40387483, 0.31489806, 0.0 ], [ 123.40391125, 0.3148896, 0.0 ], [ 123.40396347, 0.31487747, 0.0 ], [ 123.4040199, 0.31486575, 0.0 ], [ 123.40402767, 0.31486526, 0.0 ], [ 123.40406287, 0.31486304, 0.0 ], [ 123.40410834, 0.31486018, 0.0 ], [ 123.40413663, 0.3148584, 0.0 ], [ 123.40416963, 0.31485797, 0.0 ], [ 123.40418241, 0.31486073, 0.0 ], [ 123.40421739, 0.31486828, 0.0 ], [ 123.40424506, 0.31487425, 0.0 ], [ 123.40429364, 0.31488435, 0.0 ], [ 123.40431835, 0.31488746, 0.0 ], [ 123.40433851, 0.31489, 0.0 ], [ 123.40435198, 0.31489169, 0.0 ], [ 123.40437124, 0.31489089, 0.0 ], [ 123.40439168, 0.31488678, 0.0 ], [ 123.40440633, 0.31488383, 0.0 ], [ 123.40440809, 0.31488353, 0.0 ], [ 123.40443057, 0.31487976, 0.0 ], [ 123.40445324, 0.31487595, 0.0 ], [ 123.40451417, 0.31486573, 0.0 ], [ 123.40455931, 0.31485361, 0.0 ], [ 123.40462142, 0.31483693, 0.0 ], [ 123.40464011, 0.31483191, 0.0 ], [ 123.40467986, 0.31482176, 0.0 ], [ 123.40474414, 0.31480557, 0.0 ], [ 123.4047568, 0.31480239, 0.0 ], [ 123.40476719, 0.31480239, 0.0 ], [ 123.40477478, 0.31480239, 0.0 ], [ 123.40478728, 0.31480045, 0.0 ], [ 123.40480361, 0.31479792, 0.0 ], [ 123.40482079, 0.31479526, 0.0 ], [ 123.40484676, 0.31479124, 0.0 ], [ 123.4048916, 0.31478429, 0.0 ], [ 123.40490066, 0.31478201, 0.0 ], [ 123.40491736, 0.3147778, 0.0 ], [ 123.40497283, 0.31476384, 0.0 ], [ 123.40498978, 0.31475957, 0.0 ], [ 123.40500329, 0.31475688, 0.0 ], [ 123.40501615, 0.31475602, 0.0 ], [ 123.40503856, 0.31475452, 0.0 ], [ 123.40507698, 0.31475194, 0.0 ], [ 123.40510612, 0.31474998, 0.0 ], [ 123.40513424, 0.31474809, 0.0 ], [ 123.40515221, 0.31474809, 0.0 ], [ 123.40517319, 0.31474668, 0.0 ], [ 123.4052106, 0.31474417, 0.0 ], [ 123.40525763, 0.31474101, 0.0 ], [ 123.40528187, 0.31473938, 0.0 ], [ 123.4052924, 0.31474446, 0.0 ], [ 123.40530471, 0.31474624, 0.0 ], [ 123.40532008, 0.31474298, 0.0 ], [ 123.40533829, 0.31473912, 0.0 ], [ 123.40535698, 0.31473516, 0.0 ], [ 123.40538887, 0.3147284, 0.0 ], [ 123.40542755, 0.3147202, 0.0 ], [ 123.40546674, 0.31471189, 0.0 ], [ 123.40547962, 0.31471027, 0.0 ], [ 123.40550099, 0.31470758, 0.0 ], [ 123.40555613, 0.31470064, 0.0 ], [ 123.40561729, 0.31469266, 0.0 ], [ 123.40565777, 0.31468586, 0.0 ], [ 123.405686, 0.31468112, 0.0 ], [ 123.40570254, 0.31467835, 0.0 ], [ 123.40571677, 0.31467596, 0.0 ], [ 123.40572687, 0.31467783, 0.0 ], [ 123.40573661, 0.31468028, 0.0 ], [ 123.40574298, 0.31468189, 0.0 ], [ 123.40575841, 0.31468268, 0.0 ], [ 123.40576525, 0.31467923, 0.0 ], [ 123.40577595, 0.31467385, 0.0 ], [ 123.40579207, 0.31466573, 0.0 ], [ 123.40584418, 0.3146395, 0.0 ], [ 123.40584964, 0.3146337, 0.0 ], [ 123.40585856, 0.31462724, 0.0 ], [ 123.40586867, 0.31461972, 0.0 ], [ 123.40588013, 0.31461236, 0.0 ], [ 123.40589067, 0.3146044, 0.0 ], [ 123.40590094, 0.31459664, 0.0 ], [ 123.40591155, 0.31458863, 0.0 ], [ 123.40592558, 0.31458362, 0.0 ], [ 123.40594303, 0.31457616, 0.0 ], [ 123.40596999, 0.31456712, 0.0 ], [ 123.40598796, 0.31455807, 0.0 ], [ 123.40599358, 0.31455447, 0.0 ], [ 123.4060227, 0.31453581, 0.0 ], [ 123.40603918, 0.31452526, 0.0 ], [ 123.40605249, 0.31451672, 0.0 ], [ 123.4060565, 0.31450875, 0.0 ], [ 123.40606077, 0.31449761, 0.0 ], [ 123.40606884, 0.31448569, 0.0 ], [ 123.40607219, 0.31447428, 0.0 ], [ 123.40608059, 0.31446273, 0.0 ], [ 123.40609039, 0.31445783, 0.0 ], [ 123.40610335, 0.31445522, 0.0 ], [ 123.40611844, 0.31445218, 0.0 ], [ 123.40614585, 0.31444595, 0.0 ], [ 123.40616769, 0.31444045, 0.0 ], [ 123.40618294, 0.31443533, 0.0 ], [ 123.40619717, 0.31443056, 0.0 ], [ 123.40622285, 0.31442194, 0.0 ], [ 123.40624857, 0.31441331, 0.0 ], [ 123.4062676, 0.31440947, 0.0 ], [ 123.40629531, 0.31440389, 0.0 ], [ 123.40633207, 0.31439649, 0.0 ], [ 123.4063465, 0.31439683, 0.0 ], [ 123.40635686, 0.31439892, 0.0 ], [ 123.40637181, 0.31440193, 0.0 ], [ 123.40640535, 0.31440868, 0.0 ], [ 123.40642353, 0.31441234, 0.0 ], [ 123.40643988, 0.31441097, 0.0 ], [ 123.40646025, 0.31440686, 0.0 ], [ 123.40649276, 0.31440032, 0.0 ], [ 123.40655545, 0.31438769, 0.0 ], [ 123.40657757, 0.31438615, 0.0 ], [ 123.40659362, 0.31438615, 0.0 ], [ 123.40661414, 0.31438473, 0.0 ], [ 123.40662748, 0.31438163, 0.0 ], [ 123.40664569, 0.3143774, 0.0 ], [ 123.40667038, 0.31437166, 0.0 ], [ 123.40670578, 0.31436344, 0.0 ], [ 123.40673742, 0.31435647, 0.0 ], [ 123.40676445, 0.31435103, 0.0 ], [ 123.40677631, 0.31434743, 0.0 ], [ 123.4067857, 0.3143438, 0.0 ], [ 123.40681261, 0.31433337, 0.0 ], [ 123.40683604, 0.3143243, 0.0 ], [ 123.40685346, 0.31431756, 0.0 ], [ 123.40686622, 0.31431261, 0.0 ], [ 123.40688056, 0.31430706, 0.0 ], [ 123.40690141, 0.31430471, 0.0 ], [ 123.40691818, 0.31430471, 0.0 ], [ 123.40694278, 0.31430471, 0.0 ], [ 123.40697595, 0.31430471, 0.0 ], [ 123.40702838, 0.31430471, 0.0 ], [ 123.40706762, 0.31430471, 0.0 ], [ 123.40712027, 0.31430471, 0.0 ], [ 123.40713181, 0.31430799, 0.0 ], [ 123.40714144, 0.31431122, 0.0 ], [ 123.40715321, 0.31430943, 0.0 ], [ 123.40716202, 0.31430733, 0.0 ], [ 123.40716926, 0.31430224, 0.0 ], [ 123.40717746, 0.3142947, 0.0 ], [ 123.40718888, 0.31428752, 0.0 ], [ 123.40719637, 0.31428644, 0.0 ], [ 123.40720879, 0.31429011, 0.0 ], [ 123.40722597, 0.31430308, 0.0 ], [ 123.40723631, 0.3143047, 0.0 ], [ 123.40724915, 0.3143047, 0.0 ], [ 123.40726449, 0.3143047, 0.0 ], [ 123.40728265, 0.31429825, 0.0 ], [ 123.40729088, 0.31429273, 0.0 ], [ 123.40730001, 0.3142866, 0.0 ], [ 123.40730838, 0.31428363, 0.0 ], [ 123.40732413, 0.31427803, 0.0 ], [ 123.40734881, 0.31426926, 0.0 ], [ 123.40744016, 0.3142368, 0.0 ], [ 123.4074599, 0.31423152, 0.0 ], [ 123.40747016, 0.31423037, 0.0 ], [ 123.40748182, 0.31422907, 0.0 ], [ 123.40752042, 0.31422475, 0.0 ], [ 123.40753366, 0.31422327, 0.0 ], [ 123.40755163, 0.31422327, 0.0 ], [ 123.40756404, 0.31422118, 0.0 ], [ 123.40761343, 0.31421289, 0.0 ], [ 123.40765947, 0.31420517, 0.0 ], [ 123.40768543, 0.3141977, 0.0 ], [ 123.40771836, 0.31418822, 0.0 ], [ 123.40774822, 0.31417731, 0.0 ], [ 123.40782627, 0.31414784, 0.0 ], [ 123.40785781, 0.31413593, 0.0 ], [ 123.40787258, 0.31413179, 0.0 ], [ 123.40788684, 0.31412958, 0.0 ], [ 123.40792288, 0.31412399, 0.0 ], [ 123.40796973, 0.31411674, 0.0 ], [ 123.40798544, 0.31411715, 0.0 ], [ 123.40800312, 0.31411658, 0.0 ], [ 123.40801632, 0.31411586, 0.0 ], [ 123.40802991, 0.31411584, 0.0 ], [ 123.40804329, 0.31410621, 0.0 ], [ 123.40804978, 0.31410155, 0.0 ], [ 123.40807565, 0.31408294, 0.0 ], [ 123.40808184, 0.31407849, 0.0 ], [ 123.40809197, 0.31407478, 0.0 ], [ 123.4081054, 0.31406986, 0.0 ], [ 123.40815956, 0.31405003, 0.0 ], [ 123.40828853, 0.31400611, 0.0 ], [ 123.4083993, 0.31397516, 0.0 ], [ 123.40848623, 0.31395182, 0.0 ], [ 123.40850824, 0.31394395, 0.0 ], [ 123.40853915, 0.31392528, 0.0 ], [ 123.40859458, 0.3138937, 0.0 ], [ 123.40865502, 0.31387969, 0.0 ], [ 123.40870191, 0.31387038, 0.0 ], [ 123.40873169, 0.31386039, 0.0 ], [ 123.40878191, 0.31384353, 0.0 ], [ 123.40881986, 0.3138308, 0.0 ], [ 123.40883009, 0.31382736, 0.0 ], [ 123.40886366, 0.3138161, 0.0 ], [ 123.4088868, 0.31381318, 0.0 ], [ 123.40890412, 0.313811, 0.0 ], [ 123.40893556, 0.31380705, 0.0 ], [ 123.40895039, 0.31380331, 0.0 ], [ 123.4089715, 0.313798, 0.0 ], [ 123.40904212, 0.31378784, 0.0 ], [ 123.40909732, 0.3137799, 0.0 ], [ 123.40918979, 0.31376128, 0.0 ], [ 123.40926781, 0.31374505, 0.0 ], [ 123.40932055, 0.31373367, 0.0 ], [ 123.40935793, 0.3137256, 0.0 ], [ 123.40938489, 0.31373465, 0.0 ], [ 123.40941507, 0.31373741, 0.0 ], [ 123.40948374, 0.31374369, 0.0 ], [ 123.40950525, 0.31374468, 0.0 ], [ 123.40954347, 0.31374642, 0.0 ], [ 123.40964611, 0.31375112, 0.0 ], [ 123.40968145, 0.31375273, 0.0 ], [ 123.40970841, 0.31375273, 0.0 ], [ 123.40973233, 0.31374872, 0.0 ], [ 123.40977707, 0.31374183, 0.0 ], [ 123.40982553, 0.31373573, 0.0 ], [ 123.40988125, 0.31372871, 0.0 ], [ 123.40990611, 0.31372558, 0.0 ], [ 123.40994919, 0.31371463, 0.0 ], [ 123.40999438, 0.31370927, 0.0 ], [ 123.41003764, 0.31370415, 0.0 ], [ 123.41008584, 0.31369843, 0.0 ], [ 123.41011412, 0.31368705, 0.0 ], [ 123.41014453, 0.31367501, 0.0 ], [ 123.41018908, 0.31365776, 0.0 ], [ 123.4102476, 0.3136351, 0.0 ], [ 123.41029431, 0.31360151, 0.0 ], [ 123.41031603, 0.31358727, 0.0 ], [ 123.41034376, 0.31357424, 0.0 ], [ 123.41037418, 0.31355995, 0.0 ], [ 123.4104453, 0.31352653, 0.0 ], [ 123.41048706, 0.31350551, 0.0 ], [ 123.4105172, 0.31349034, 0.0 ], [ 123.41052888, 0.31348093, 0.0 ], [ 123.41056672, 0.31345045, 0.0 ], [ 123.4106159, 0.31341179, 0.0 ], [ 123.41068363, 0.31336458, 0.0 ], [ 123.41072388, 0.31333653, 0.0 ], [ 123.41079386, 0.31330835, 0.0 ], [ 123.41083383, 0.31329225, 0.0 ], [ 123.41085055, 0.31328551, 0.0 ], [ 123.41085868, 0.31328224, 0.0 ], [ 123.41087665, 0.31328224, 0.0 ], [ 123.41088472, 0.31327682, 0.0 ], [ 123.41090361, 0.31326414, 0.0 ], [ 123.41093112, 0.31324799, 0.0 ], [ 123.41098802, 0.31321457, 0.0 ], [ 123.41102991, 0.3131909, 0.0 ], [ 123.41113295, 0.31313557, 0.0 ], [ 123.41114625, 0.31312843, 0.0 ], [ 123.4111727, 0.31312082, 0.0 ], [ 123.41120116, 0.31311263, 0.0 ], [ 123.41123743, 0.3131022, 0.0 ], [ 123.41127206, 0.31309223, 0.0 ], [ 123.41128357, 0.31308605, 0.0 ], [ 123.41131652, 0.31306836, 0.0 ], [ 123.41136206, 0.31304391, 0.0 ], [ 123.41139549, 0.31302596, 0.0 ], [ 123.41144003, 0.31300501, 0.0 ], [ 123.41153267, 0.31296556, 0.0 ], [ 123.41154707, 0.3129588, 0.0 ], [ 123.41163922, 0.3129155, 0.0 ], [ 123.41166746, 0.31290223, 0.0 ], [ 123.41168059, 0.31289342, 0.0 ], [ 123.41169442, 0.31288413, 0.0 ], [ 123.41170584, 0.31288413, 0.0 ], [ 123.41173037, 0.31288413, 0.0 ], [ 123.41174169, 0.31287958, 0.0 ], [ 123.41176641, 0.31286962, 0.0 ], [ 123.41179531, 0.31285798, 0.0 ], [ 123.41185619, 0.31283346, 0.0 ], [ 123.41187577, 0.31282693, 0.0 ], [ 123.41195019, 0.3128065, 0.0 ], [ 123.41196402, 0.3128027, 0.0 ], [ 123.41199188, 0.3128027, 0.0 ], [ 123.41202255, 0.3128027, 0.0 ], [ 123.41208983, 0.3128027, 0.0 ], [ 123.41211921, 0.31279941, 0.0 ], [ 123.4122195, 0.31278819, 0.0 ], [ 123.41228932, 0.31278167, 0.0 ], [ 123.41234021, 0.31277773, 0.0 ], [ 123.41236842, 0.31277554, 0.0 ], [ 123.41239538, 0.31276649, 0.0 ], [ 123.41245523, 0.31275444, 0.0 ], [ 123.41248524, 0.3127484, 0.0 ], [ 123.41251973, 0.31274444, 0.0 ], [ 123.41254582, 0.31274898, 0.0 ], [ 123.41262772, 0.31272993, 0.0 ], [ 123.41270991, 0.3127122, 0.0 ], [ 123.41271784, 0.31271163, 0.0 ], [ 123.41274729, 0.31270951, 0.0 ], [ 123.41277913, 0.31270722, 0.0 ], [ 123.41283572, 0.31270315, 0.0 ], [ 123.4128932, 0.31269488, 0.0 ], [ 123.41295531, 0.31268594, 0.0 ], [ 123.41299656, 0.31268001, 0.0 ], [ 123.41302444, 0.312676, 0.0 ], [ 123.41303476, 0.31268119, 0.0 ], [ 123.41304241, 0.31268505, 0.0 ], [ 123.41308885, 0.31269673, 0.0 ], [ 123.41312053, 0.312702, 0.0 ], [ 123.41315241, 0.31269616, 0.0 ], [ 123.41318681, 0.31268986, 0.0 ], [ 123.41321316, 0.31268504, 0.0 ], [ 123.41322744, 0.31267785, 0.0 ], [ 123.41326168, 0.31266061, 0.0 ], [ 123.41333897, 0.3126217, 0.0 ], [ 123.41335953, 0.31261963, 0.0 ], [ 123.4133952, 0.31261604, 0.0 ], [ 123.41342884, 0.31261265, 0.0 ], [ 123.41348288, 0.31259711, 0.0 ], [ 123.41356718, 0.31256328, 0.0 ], [ 123.41364451, 0.31253122, 0.0 ], [ 123.4136582, 0.3125212, 0.0 ], [ 123.41368005, 0.3125052, 0.0 ], [ 123.41371126, 0.31248235, 0.0 ], [ 123.41374336, 0.31245884, 0.0 ], [ 123.41379438, 0.31242995, 0.0 ], [ 123.41380948, 0.3124214, 0.0 ], [ 123.41383545, 0.31240669, 0.0 ], [ 123.41388714, 0.31237741, 0.0 ], [ 123.4138988, 0.31236888, 0.0 ], [ 123.4139178, 0.31235497, 0.0 ], [ 123.41399207, 0.31230045, 0.0 ], [ 123.41399597, 0.3122975, 0.0 ], [ 123.41402194, 0.31227789, 0.0 ], [ 123.41405903, 0.31225477, 0.0 ], [ 123.41413106, 0.31220988, 0.0 ], [ 123.41419598, 0.31216941, 0.0 ], [ 123.41421066, 0.31216027, 0.0 ], [ 123.41421998, 0.31215088, 0.0 ], [ 123.41422958, 0.31214122, 0.0 ], [ 123.4142466, 0.31212408, 0.0 ], [ 123.4142561, 0.31212089, 0.0 ], [ 123.41427729, 0.31211378, 0.0 ], [ 123.41431773, 0.31210021, 0.0 ], [ 123.41437337, 0.31208153, 0.0 ], [ 123.4143894, 0.3120738, 0.0 ], [ 123.41442396, 0.31205206, 0.0 ], [ 123.41445329, 0.3120336, 0.0 ], [ 123.41447358, 0.31201503, 0.0 ], [ 123.41449307, 0.31199719, 0.0 ], [ 123.4145077, 0.3119838, 0.0 ], [ 123.41453417, 0.31197027, 0.0 ], [ 123.41454315, 0.31196122, 0.0 ], [ 123.41456236, 0.31194618, 0.0 ], [ 123.41457816, 0.31193381, 0.0 ], [ 123.41459505, 0.31192058, 0.0 ], [ 123.41461836, 0.31190233, 0.0 ], [ 123.41463258, 0.31189573, 0.0 ], [ 123.41465998, 0.31188884, 0.0 ], [ 123.41467795, 0.31187979, 0.0 ], [ 123.41469602, 0.31187979, 0.0 ], [ 123.4147217, 0.31187979, 0.0 ], [ 123.41474967, 0.3118762, 0.0 ], [ 123.41477587, 0.31187093, 0.0 ], [ 123.41480715, 0.31186463, 0.0 ], [ 123.41482174, 0.31186169, 0.0 ], [ 123.41484394, 0.31184381, 0.0 ], [ 123.41485299, 0.31183652, 0.0 ], [ 123.41487414, 0.3118208, 0.0 ], [ 123.41489389, 0.31180837, 0.0 ], [ 123.4149221, 0.31179062, 0.0 ], [ 123.41493856, 0.31178026, 0.0 ], [ 123.41495353, 0.31178026, 0.0 ], [ 123.41498634, 0.31178026, 0.0 ], [ 123.41503627, 0.31178026, 0.0 ], [ 123.41506623, 0.31178026, 0.0 ], [ 123.41508258, 0.31177862, 0.0 ], [ 123.4151485, 0.31176691, 0.0 ], [ 123.41516868, 0.31176332, 0.0 ], [ 123.41519965, 0.31175782, 0.0 ], [ 123.41523463, 0.31175525, 0.0 ], [ 123.41524722, 0.31175842, 0.0 ], [ 123.4152734, 0.31176501, 0.0 ], [ 123.41531268, 0.31177489, 0.0 ], [ 123.41533397, 0.31178025, 0.0 ], [ 123.41535298, 0.31178025, 0.0 ], [ 123.41542384, 0.31178024, 0.0 ], [ 123.41545223, 0.31177548, 0.0 ], [ 123.41547776, 0.31177119, 0.0 ], [ 123.41551428, 0.31176384, 0.0 ], [ 123.41553777, 0.31176417, 0.0 ], [ 123.41556197, 0.31176742, 0.0 ], [ 123.41560038, 0.31177257, 0.0 ], [ 123.41565749, 0.31178023, 0.0 ], [ 123.41567118, 0.31177937, 0.0 ], [ 123.41569694, 0.31177775, 0.0 ], [ 123.41572927, 0.31177572, 0.0 ], [ 123.41576129, 0.3117737, 0.0 ], [ 123.41580128, 0.31177118, 0.0 ], [ 123.41582919, 0.31177319, 0.0 ], [ 123.41587299, 0.31177634, 0.0 ], [ 123.41589377, 0.31177783, 0.0 ], [ 123.41592709, 0.31178022, 0.0 ], [ 123.41596287, 0.31178022, 0.0 ], [ 123.41603777, 0.31178022, 0.0 ], [ 123.41606189, 0.31178022, 0.0 ], [ 123.41608983, 0.31178533, 0.0 ], [ 123.41611243, 0.31178947, 0.0 ], [ 123.41613578, 0.31179374, 0.0 ], [ 123.41616074, 0.31179831, 0.0 ], [ 123.41619419, 0.31179476, 0.0 ], [ 123.41622772, 0.31179121, 0.0 ], [ 123.41627517, 0.31178618, 0.0 ], [ 123.41633149, 0.31178021, 0.0 ], [ 123.41634093, 0.31178021, 0.0 ], [ 123.41637445, 0.31178021, 0.0 ], [ 123.41643936, 0.3117802, 0.0 ], [ 123.41650495, 0.31178456, 0.0 ], [ 123.41655615, 0.31178925, 0.0 ], [ 123.41658018, 0.31178521, 0.0 ], [ 123.41661007, 0.3117802, 0.0 ], [ 123.4166519, 0.31178515, 0.0 ], [ 123.41670206, 0.31179109, 0.0 ], [ 123.41674527, 0.3117962, 0.0 ], [ 123.41677649, 0.3118, 0.0 ], [ 123.41682495, 0.3118061, 0.0 ], [ 123.41685951, 0.31181144, 0.0 ], [ 123.41690303, 0.31182722, 0.0 ], [ 123.41691493, 0.31183122, 0.0 ], [ 123.41693384, 0.31183756, 0.0 ], [ 123.41697007, 0.31186099, 0.0 ], [ 123.41699751, 0.31186362, 0.0 ], [ 123.41703647, 0.31187146, 0.0 ], [ 123.41707738, 0.3118797, 0.0 ], [ 123.41709407, 0.31188985, 0.0 ], [ 123.41711704, 0.31189315, 0.0 ], [ 123.41715634, 0.31189988, 0.0 ], [ 123.41719461, 0.31191121, 0.0 ], [ 123.41725494, 0.31192907, 0.0 ], [ 123.41730205, 0.31194302, 0.0 ], [ 123.41732003, 0.31195206, 0.0 ], [ 123.41733692, 0.31195886, 0.0 ], [ 123.41738585, 0.31197673, 0.0 ], [ 123.4174601, 0.31200008, 0.0 ], [ 123.41750875, 0.31201538, 0.0 ], [ 123.41752477, 0.31202565, 0.0 ], [ 123.4175688, 0.31205385, 0.0 ], [ 123.4176076, 0.31207871, 0.0 ], [ 123.41762951, 0.31208567, 0.0 ], [ 123.41767293, 0.31209948, 0.0 ], [ 123.41774869, 0.31212355, 0.0 ], [ 123.41779683, 0.31213574, 0.0 ], [ 123.41782529, 0.31213998, 0.0 ], [ 123.41786831, 0.3121464, 0.0 ], [ 123.41792539, 0.31215491, 0.0 ], [ 123.41799395, 0.31216513, 0.0 ], [ 123.41803457, 0.31217652, 0.0 ], [ 123.41805341, 0.31218674, 0.0 ], [ 123.41807115, 0.31219635, 0.0 ], [ 123.4181139, 0.31221952, 0.0 ], [ 123.41819946, 0.31226972, 0.0 ], [ 123.41824546, 0.3122975, 0.0 ], [ 123.41825118, 0.31230095, 0.0 ], [ 123.41827952, 0.31231738, 0.0 ], [ 123.41832403, 0.31233978, 0.0 ], [ 123.41838881, 0.31237448, 0.0 ], [ 123.41841072, 0.31239103, 0.0 ], [ 123.41844142, 0.31241421, 0.0 ], [ 123.41845911, 0.31242424, 0.0 ], [ 123.41848205, 0.31243026, 0.0 ], [ 123.418516, 0.31243917, 0.0 ], [ 123.41855967, 0.31245064, 0.0 ], [ 123.41859449, 0.31245978, 0.0 ], [ 123.41863917, 0.31247152, 0.0 ], [ 123.41876923, 0.31250446, 0.0 ], [ 123.41880817, 0.31251426, 0.0 ], [ 123.41883879, 0.31252197, 0.0 ], [ 123.41886551, 0.31253811, 0.0 ], [ 123.41888912, 0.31255236, 0.0 ], [ 123.41891912, 0.31257048, 0.0 ], [ 123.4189444, 0.31258575, 0.0 ], [ 123.41896559, 0.31259855, 0.0 ], [ 123.41900048, 0.31262594, 0.0 ], [ 123.41901977, 0.31264212, 0.0 ], [ 123.419043, 0.31265873, 0.0 ], [ 123.4190751, 0.31266671, 0.0 ], [ 123.41910863, 0.31266671, 0.0 ], [ 123.41913573, 0.31266671, 0.0 ], [ 123.41920635, 0.31266671, 0.0 ], [ 123.41924017, 0.31267081, 0.0 ], [ 123.4192762, 0.3126807, 0.0 ], [ 123.41932408, 0.31269384, 0.0 ], [ 123.41933765, 0.31269213, 0.0 ], [ 123.41935617, 0.3126898, 0.0 ], [ 123.4193961, 0.31269247, 0.0 ], [ 123.41941685, 0.31269053, 0.0 ], [ 123.4194311, 0.31269444, 0.0 ], [ 123.41946091, 0.31270262, 0.0 ], [ 123.41950363, 0.31271354, 0.0 ], [ 123.41953809, 0.31271985, 0.0 ], [ 123.41957306, 0.31272625, 0.0 ], [ 123.41960454, 0.31273111, 0.0 ], [ 123.41960987, 0.31273165, 0.0 ], [ 123.41965525, 0.31273622, 0.0 ], [ 123.41968354, 0.31273906, 0.0 ], [ 123.41972697, 0.31275218, 0.0 ], [ 123.41978066, 0.31276686, 0.0 ], [ 123.4198215, 0.3127706, 0.0 ], [ 123.41987411, 0.31277541, 0.0 ], [ 123.41992576, 0.31278014, 0.0 ], [ 123.42001842, 0.31278666, 0.0 ], [ 123.42013451, 0.3127925, 0.0 ], [ 123.42015882, 0.312796, 0.0 ], [ 123.42017145, 0.31280024, 0.0 ], [ 123.4202121, 0.31281388, 0.0 ], [ 123.42027267, 0.3128342, 0.0 ], [ 123.42029464, 0.3128476, 0.0 ], [ 123.42033343, 0.3128598, 0.0 ], [ 123.4203736, 0.31287244, 0.0 ], [ 123.42043843, 0.31289283, 0.0 ], [ 123.42048074, 0.31289816, 0.0 ], [ 123.42052202, 0.31290396, 0.0 ], [ 123.42058151, 0.31291452, 0.0 ], [ 123.42065399, 0.31292739, 0.0 ], [ 123.42067248, 0.31293255, 0.0 ], [ 123.42069788, 0.31294214, 0.0 ], [ 123.42073142, 0.3129548, 0.0 ], [ 123.42079231, 0.31297779, 0.0 ], [ 123.42081244, 0.31298649, 0.0 ], [ 123.42083049, 0.31299687, 0.0 ], [ 123.42085523, 0.3130111, 0.0 ], [ 123.42086979, 0.31301947, 0.0 ], [ 123.42089339, 0.31302871, 0.0 ], [ 123.42093587, 0.31304534, 0.0 ], [ 123.42103155, 0.3130828, 0.0 ], [ 123.4210531, 0.31308496, 0.0 ], [ 123.42108608, 0.31308828, 0.0 ], [ 123.42115494, 0.31309521, 0.0 ], [ 123.42119498, 0.31309924, 0.0 ], [ 123.42125216, 0.31310993, 0.0 ], [ 123.42128711, 0.31310993, 0.0 ], [ 123.42133704, 0.31310993, 0.0 ], [ 123.42136226, 0.31311923, 0.0 ], [ 123.42137793, 0.31312824, 0.0 ], [ 123.4214191, 0.31315193, 0.0 ], [ 123.42144207, 0.31316514, 0.0 ], [ 123.42146535, 0.31317853, 0.0 ], [ 123.42148535, 0.31319584, 0.0 ], [ 123.42148975, 0.31320186, 0.0 ], [ 123.42150153, 0.31321799, 0.0 ], [ 123.42152096, 0.31324732, 0.0 ], [ 123.42153501, 0.31326854, 0.0 ], [ 123.42155487, 0.31329853, 0.0 ], [ 123.42156796, 0.31331518, 0.0 ], [ 123.42159079, 0.31333816, 0.0 ], [ 123.42162467, 0.31337227, 0.0 ], [ 123.42169173, 0.31343977, 0.0 ], [ 123.42170635, 0.31345449, 0.0 ], [ 123.42173363, 0.31346595, 0.0 ], [ 123.42175607, 0.31346971, 0.0 ], [ 123.42180257, 0.31347751, 0.0 ], [ 123.42181927, 0.31348087, 0.0 ], [ 123.42184417, 0.31348589, 0.0 ], [ 123.4219232, 0.31350425, 0.0 ], [ 123.42195436, 0.31352197, 0.0 ], [ 123.42199314, 0.31355321, 0.0 ], [ 123.42202311, 0.31356713, 0.0 ], [ 123.42206082, 0.31358465, 0.0 ], [ 123.42206156, 0.31358499, 0.0 ], [ 123.42209784, 0.31360185, 0.0 ], [ 123.42212693, 0.31361724, 0.0 ], [ 123.42216265, 0.31363779, 0.0 ], [ 123.4221802, 0.31364603, 0.0 ], [ 123.42221224, 0.31365635, 0.0 ], [ 123.4222625, 0.31367254, 0.0 ], [ 123.42230415, 0.31368595, 0.0 ], [ 123.42234561, 0.31369931, 0.0 ], [ 123.42238423, 0.31371175, 0.0 ], [ 123.42240603, 0.31372457, 0.0 ], [ 123.42241637, 0.31373499, 0.0 ], [ 123.42243349, 0.31375222, 0.0 ], [ 123.42245232, 0.31376034, 0.0 ], [ 123.42248916, 0.31377624, 0.0 ], [ 123.42250363, 0.31378138, 0.0 ], [ 123.42253178, 0.31378925, 0.0 ], [ 123.42255558, 0.31379591, 0.0 ], [ 123.42258858, 0.31380513, 0.0 ], [ 123.42263277, 0.31381749, 0.0 ], [ 123.42270158, 0.3138377, 0.0 ], [ 123.42273417, 0.31384754, 0.0 ], [ 123.42275473, 0.31385654, 0.0 ], [ 123.42277565, 0.31387159, 0.0 ], [ 123.42279845, 0.31388798, 0.0 ], [ 123.42281094, 0.31389696, 0.0 ], [ 123.42283001, 0.31390176, 0.0 ], [ 123.42284688, 0.31390601, 0.0 ], [ 123.4228982, 0.31391174, 0.0 ], [ 123.42292777, 0.31391505, 0.0 ], [ 123.42294703, 0.31391505, 0.0 ], [ 123.42298555, 0.31391505, 0.0 ], [ 123.42302977, 0.31391505, 0.0 ], [ 123.4230633, 0.31391504, 0.0 ], [ 123.4230882, 0.31391389, 0.0 ], [ 123.42312204, 0.31390878, 0.0 ], [ 123.42318577, 0.31389915, 0.0 ], [ 123.42326027, 0.3138879, 0.0 ], [ 123.42328723, 0.31389694, 0.0 ], [ 123.42330545, 0.31390061, 0.0 ], [ 123.4233215, 0.31390384, 0.0 ], [ 123.42333216, 0.31391525, 0.0 ], [ 123.42333216, 0.31392818, 0.0 ], [ 123.42333217, 0.31395122, 0.0 ], [ 123.42333977, 0.31397602, 0.0 ], [ 123.42335144, 0.31398629, 0.0 ], [ 123.4233773, 0.31400907, 0.0 ], [ 123.4233975, 0.31402686, 0.0 ], [ 123.42341161, 0.31403481, 0.0 ], [ 123.42344562, 0.31404459, 0.0 ], [ 123.42347596, 0.31405073, 0.0 ], [ 123.42348416, 0.31405815, 0.0 ], [ 123.42349558, 0.31406883, 0.0 ], [ 123.42351341, 0.31406883, 0.0 ], [ 123.42353886, 0.31406882, 0.0 ], [ 123.42362116, 0.31407635, 0.0 ], [ 123.42364768, 0.31407285, 0.0 ], [ 123.42366937, 0.31406193, 0.0 ], [ 123.42371816, 0.31403737, 0.0 ], [ 123.4237367, 0.31402804, 0.0 ], [ 123.42377001, 0.31402547, 0.0 ], [ 123.42383192, 0.31403027, 0.0 ], [ 123.42387036, 0.31403203, 0.0 ], [ 123.42390087, 0.31402975, 0.0 ], [ 123.42394485, 0.31402647, 0.0 ], [ 123.42398169, 0.31402372, 0.0 ], [ 123.42402762, 0.31402029, 0.0 ], [ 123.42410145, 0.31401479, 0.0 ], [ 123.42410502, 0.31401452, 0.0 ], [ 123.424124, 0.31401452, 0.0 ], [ 123.42422315, 0.31401451, 0.0 ], [ 123.42429916, 0.31400946, 0.0 ], [ 123.42434997, 0.3139985, 0.0 ], [ 123.42437759, 0.31399254, 0.0 ], [ 123.42440158, 0.31398737, 0.0 ], [ 123.42443216, 0.31398736, 0.0 ], [ 123.42446211, 0.31398736, 0.0 ], [ 123.42448565, 0.31398736, 0.0 ], [ 123.42450443, 0.31400043, 0.0 ], [ 123.42451803, 0.31401268, 0.0 ], [ 123.42453522, 0.3140271, 0.0 ], [ 123.42455339, 0.31404234, 0.0 ], [ 123.42457493, 0.31404874, 0.0 ], [ 123.42458858, 0.31404645, 0.0 ], [ 123.42460709, 0.31404335, 0.0 ], [ 123.42461726, 0.31404164, 0.0 ], [ 123.4246333, 0.31404837, 0.0 ], [ 123.42464515, 0.31405334, 0.0 ], [ 123.4246567, 0.31405818, 0.0 ], [ 123.42469722, 0.31407518, 0.0 ], [ 123.42470897, 0.31408011, 0.0 ], [ 123.42473835, 0.31408803, 0.0 ], [ 123.424759, 0.31408984, 0.0 ], [ 123.42480486, 0.31409385, 0.0 ], [ 123.42489588, 0.31410181, 0.0 ], [ 123.42491974, 0.3141039, 0.0 ], [ 123.42492379, 0.31410621, 0.0 ], [ 123.42493798, 0.31411429, 0.0 ], [ 123.42494566, 0.31412589, 0.0 ], [ 123.4249518, 0.31413517, 0.0 ], [ 123.4249585, 0.31414528, 0.0 ], [ 123.42496774, 0.31415924, 0.0 ], [ 123.4249735, 0.31416445, 0.0 ], [ 123.42498741, 0.31417705, 0.0 ], [ 123.42500278, 0.31419098, 0.0 ], [ 123.42501728, 0.31420412, 0.0 ], [ 123.42503458, 0.31421979, 0.0 ], [ 123.42505255, 0.31423608, 0.0 ], [ 123.42507872, 0.31425099, 0.0 ], [ 123.42509287, 0.31425249, 0.0 ], [ 123.4251108, 0.31425439, 0.0 ], [ 123.42513056, 0.31425648, 0.0 ], [ 123.42517589, 0.31426128, 0.0 ], [ 123.4252154, 0.31426547, 0.0 ], [ 123.42523734, 0.31426779, 0.0 ], [ 123.42525695, 0.31427273, 0.0 ], [ 123.42529002, 0.31428105, 0.0 ], [ 123.42530613, 0.3142851, 0.0 ], [ 123.42534519, 0.31429493, 0.0 ], [ 123.42537195, 0.31429942, 0.0 ], [ 123.42543005, 0.31429532, 0.0 ], [ 123.42546747, 0.31428485, 0.0 ], [ 123.42549245, 0.31427787, 0.0 ], [ 123.42553928, 0.31426477, 0.0 ], [ 123.42554844, 0.31426221, 0.0 ], [ 123.42556555, 0.31425244, 0.0 ], [ 123.42557454, 0.31424037, 0.0 ], [ 123.42558782, 0.31422254, 0.0 ], [ 123.42559313, 0.31421007, 0.0 ], [ 123.42561413, 0.31420599, 0.0 ], [ 123.42562839, 0.31420671, 0.0 ], [ 123.42564765, 0.3142182, 0.0 ], [ 123.42565971, 0.31423159, 0.0 ], [ 123.4256663, 0.31423821, 0.0 ], [ 123.42568484, 0.31425688, 0.0 ], [ 123.42569566, 0.31426777, 0.0 ], [ 123.42570461, 0.31427228, 0.0 ], [ 123.42572002, 0.31428003, 0.0 ], [ 123.42574189, 0.31429276, 0.0 ], [ 123.42575506, 0.3143016, 0.0 ], [ 123.42577465, 0.31431475, 0.0 ], [ 123.42580247, 0.31433342, 0.0 ], [ 123.42582244, 0.31436082, 0.0 ], [ 123.42583165, 0.31438553, 0.0 ], [ 123.4258364, 0.31439828, 0.0 ], [ 123.42584719, 0.31442724, 0.0 ], [ 123.42586107, 0.31443803, 0.0 ], [ 123.42587127, 0.31444402, 0.0 ], [ 123.42588941, 0.31445467, 0.0 ], [ 123.42589808, 0.31445976, 0.0 ], [ 123.42592001, 0.31447264, 0.0 ], [ 123.42595628, 0.31449394, 0.0 ], [ 123.42598634, 0.31451555, 0.0 ], [ 123.42603432, 0.31455005, 0.0 ], [ 123.4260821, 0.3145844, 0.0 ], [ 123.42612468, 0.31461078, 0.0 ], [ 123.42618975, 0.31465109, 0.0 ], [ 123.42620636, 0.31465977, 0.0 ], [ 123.42622198, 0.31466606, 0.0 ], [ 123.42624386, 0.31467487, 0.0 ], [ 123.42626439, 0.31468574, 0.0 ], [ 123.42629737, 0.31470322, 0.0 ], [ 123.42634906, 0.3147306, 0.0 ], [ 123.42640016, 0.31475767, 0.0 ], [ 123.42642111, 0.31477047, 0.0 ], [ 123.42644574, 0.31478995, 0.0 ], [ 123.42649026, 0.31482516, 0.0 ], [ 123.42654043, 0.31486484, 0.0 ], [ 123.4265511, 0.31487559, 0.0 ], [ 123.42656644, 0.31489102, 0.0 ], [ 123.42658427, 0.31490898, 0.0 ], [ 123.4265964, 0.31492118, 0.0 ], [ 123.42661993, 0.31493196, 0.0 ], [ 123.42663852, 0.31493622, 0.0 ], [ 123.42666266, 0.31494174, 0.0 ], [ 123.42667836, 0.31494533, 0.0 ], [ 123.4267209, 0.31495506, 0.0 ], [ 123.42674677, 0.31496098, 0.0 ], [ 123.42676539, 0.31496524, 0.0 ], [ 123.42678901, 0.31497064, 0.0 ], [ 123.42681224, 0.31498467, 0.0 ], [ 123.42681902, 0.31499149, 0.0 ], [ 123.42682987, 0.31499877, 0.0 ], [ 123.42684598, 0.31500958, 0.0 ], [ 123.42684859, 0.31501057, 0.0 ], [ 123.42687119, 0.3150191, 0.0 ], [ 123.42689121, 0.31502665, 0.0 ], [ 123.42690731, 0.31503273, 0.0 ], [ 123.42694857, 0.3150393, 0.0 ], [ 123.42697714, 0.31504169, 0.0 ], [ 123.42700235, 0.3150438, 0.0 ], [ 123.42702212, 0.31504546, 0.0 ], [ 123.42703843, 0.31505856, 0.0 ], [ 123.42705305, 0.31507328, 0.0 ], [ 123.4270666, 0.31508692, 0.0 ], [ 123.42708444, 0.31510488, 0.0 ], [ 123.42710619, 0.31512678, 0.0 ], [ 123.42712278, 0.31513957, 0.0 ], [ 123.42713966, 0.31514741, 0.0 ], [ 123.42716915, 0.31516112, 0.0 ], [ 123.42718923, 0.31517045, 0.0 ], [ 123.42721321, 0.31518159, 0.0 ], [ 123.42723241, 0.31519051, 0.0 ], [ 123.42724481, 0.31519051, 0.0 ], [ 123.42726763, 0.31519051, 0.0 ], [ 123.42729331, 0.31519051, 0.0 ], [ 123.42731328, 0.3151905, 0.0 ], [ 123.42733382, 0.31519515, 0.0 ], [ 123.42734968, 0.31520154, 0.0 ], [ 123.42736721, 0.31521764, 0.0 ], [ 123.42737957, 0.31522801, 0.0 ], [ 123.42740202, 0.31524684, 0.0 ], [ 123.42742114, 0.31526288, 0.0 ], [ 123.42743047, 0.31526914, 0.0 ], [ 123.4274481, 0.31528097, 0.0 ], [ 123.42745336, 0.31529157, 0.0 ], [ 123.42746214, 0.31530415, 0.0 ], [ 123.42748405, 0.3153262, 0.0 ], [ 123.42749661, 0.31535346, 0.0 ], [ 123.42750461, 0.31537266, 0.0 ], [ 123.42750202, 0.31538049, 0.0 ], [ 123.42750286, 0.31538641, 0.0 ], [ 123.42750582, 0.31540722, 0.0 ], [ 123.42750881, 0.31542834, 0.0 ], [ 123.42751101, 0.31544381, 0.0 ], [ 123.42749894, 0.31546508, 0.0 ], [ 123.42748898, 0.31548263, 0.0 ], [ 123.42747507, 0.31550715, 0.0 ], [ 123.42745674, 0.31551945, 0.0 ], [ 123.42743732, 0.31553248, 0.0 ], [ 123.42742115, 0.31554334, 0.0 ], [ 123.42740589, 0.3155587, 0.0 ], [ 123.42740246, 0.31557392, 0.0 ], [ 123.42740461, 0.31559331, 0.0 ], [ 123.42740633, 0.31560643, 0.0 ], [ 123.42742173, 0.31562132, 0.0 ], [ 123.42743901, 0.31563655, 0.0 ], [ 123.42745665, 0.31564337, 0.0 ], [ 123.42749025, 0.31565638, 0.0 ], [ 123.42750203, 0.31566094, 0.0 ], [ 123.42752018, 0.31566833, 0.0 ], [ 123.4275341, 0.31567953, 0.0 ], [ 123.42754994, 0.31569228, 0.0 ], [ 123.42757712, 0.31570423, 0.0 ], [ 123.42761243, 0.31571608, 0.0 ], [ 123.4276548, 0.3157303, 0.0 ], [ 123.42767061, 0.3157376, 0.0 ], [ 123.4276876, 0.31574829, 0.0 ], [ 123.42769471, 0.31575276, 0.0 ], [ 123.42770569, 0.31575967, 0.0 ], [ 123.42772268, 0.31577036, 0.0 ], [ 123.42773569, 0.31577855, 0.0 ], [ 123.42777079, 0.31578979, 0.0 ], [ 123.42778863, 0.3157955, 0.0 ], [ 123.42781125, 0.31580275, 0.0 ], [ 123.42784307, 0.31581294, 0.0 ], [ 123.42787075, 0.3158218, 0.0 ], [ 123.4279334, 0.31584187, 0.0 ], [ 123.42798332, 0.31585303, 0.0 ], [ 123.42801428, 0.31585996, 0.0 ], [ 123.42801936, 0.31587019, 0.0 ], [ 123.42802663, 0.31588484, 0.0 ], [ 123.42804067, 0.31590038, 0.0 ], [ 123.42805208, 0.31590612, 0.0 ], [ 123.42806956, 0.31591492, 0.0 ], [ 123.42807776, 0.31591905, 0.0 ], [ 123.428112, 0.31593628, 0.0 ], [ 123.42818476, 0.3159729, 0.0 ], [ 123.42821044, 0.31598583, 0.0 ], [ 123.42823421, 0.31599566, 0.0 ], [ 123.42824919, 0.31599565, 0.0 ], [ 123.42828771, 0.31599565, 0.0 ], [ 123.42831196, 0.31599565, 0.0 ], [ 123.42836474, 0.31599565, 0.0 ], [ 123.42842823, 0.31599565, 0.0 ], [ 123.42846104, 0.31599565, 0.0 ], [ 123.4284803, 0.31599758, 0.0 ], [ 123.42848835, 0.31599961, 0.0 ], [ 123.42850379, 0.31600349, 0.0 ], [ 123.42853451, 0.31601122, 0.0 ], [ 123.4285445, 0.31601374, 0.0 ], [ 123.42858044, 0.31601374, 0.0 ], [ 123.42859512, 0.3160146, 0.0 ], [ 123.42867385, 0.31601926, 0.0 ], [ 123.4287692, 0.31602277, 0.0 ], [ 123.42887652, 0.31602399, 0.0 ], [ 123.42893092, 0.31603181, 0.0 ], [ 123.42898296, 0.31602906, 0.0 ], [ 123.42910167, 0.31602276, 0.0 ], [ 123.4291282, 0.31602762, 0.0 ], [ 123.42918168, 0.3160374, 0.0 ], [ 123.42920768, 0.31604151, 0.0 ], [ 123.42929937, 0.31604989, 0.0 ], [ 123.42931309, 0.31605285, 0.0 ], [ 123.42937983, 0.31606725, 0.0 ], [ 123.42941023, 0.3160738, 0.0 ], [ 123.42943401, 0.31607703, 0.0 ], [ 123.42946183, 0.31607703, 0.0 ], [ 123.42948822, 0.31607703, 0.0 ], [ 123.42949134, 0.31607703, 0.0 ], [ 123.42949134, 0.31772363, 0.0 ] ] ] } },
{ "type": "Feature", "properties": { "gridcode": 1, "Bhy_GEA": "Rendah", "Luas_Ha": 0.0342849056, "SMBR_DATA": "Badan Nasional Penanggulangan Bencana (BNPB), 2015", "WADMPR": "Gorontalo" }, "geometry": { "type": "Polygon", "coordinates": [ [ [ 123.47937904, 0.32040874, 0.0 ], [ 123.47973247, 0.3204367, 0.0 ], [ 123.47865726, 0.3204367, 0.0 ], [ 123.47869069, 0.32042673, 0.0 ], [ 123.47885119, 0.32042073, 0.0 ], [ 123.47906769, 0.32038145, 0.0 ], [ 123.47937904, 0.32040874, 0.0 ] ] ] } },
{ "type": "Feature", "properties": { "gridcode": 1, "Bhy_GEA": "Rendah", "Luas_Ha": 143.56251264900001, "SMBR_DATA": "Badan Nasional Penanggulangan Bencana (BNPB), 2015", "WADMPR": "Gorontalo" }, "geometry": { "type": "Polygon", "coordinates": [ [ [ 123.42949134, 0.31607703, 0.0 ], [ 123.42951105, 0.31607702, 0.0 ], [ 123.4295303, 0.31607702, 0.0 ], [ 123.42954201, 0.31607702, 0.0 ], [ 123.42956062, 0.31606531, 0.0 ], [ 123.42957005, 0.31605938, 0.0 ], [ 123.42958309, 0.31606143, 0.0 ], [ 123.42959593, 0.31606798, 0.0 ], [ 123.42959435, 0.31608071, 0.0 ], [ 123.42959224, 0.31609777, 0.0 ], [ 123.42958952, 0.31611969, 0.0 ], [ 123.42957276, 0.31616536, 0.0 ], [ 123.42955955, 0.31618863, 0.0 ], [ 123.42955503, 0.3161966, 0.0 ], [ 123.42956776, 0.31622373, 0.0 ], [ 123.42958236, 0.3162274, 0.0 ], [ 123.42961391, 0.31623987, 0.0 ], [ 123.42963555, 0.31624411, 0.0 ], [ 123.42968306, 0.31626005, 0.0 ], [ 123.42973634, 0.31627793, 0.0 ], [ 123.42979626, 0.31629804, 0.0 ], [ 123.42984356, 0.3163139, 0.0 ], [ 123.42990057, 0.3163322, 0.0 ], [ 123.42995084, 0.31634388, 0.0 ], [ 123.43001935, 0.31635948, 0.0 ], [ 123.43005426, 0.31636651, 0.0 ], [ 123.43006834, 0.31636415, 0.0 ], [ 123.4300909, 0.31636036, 0.0 ], [ 123.43010818, 0.31635746, 0.0 ], [ 123.43013514, 0.31635746, 0.0 ], [ 123.43015019, 0.31635746, 0.0 ], [ 123.43019655, 0.31635746, 0.0 ], [ 123.43024648, 0.31635745, 0.0 ], [ 123.43029672, 0.31636396, 0.0 ], [ 123.43032696, 0.31637503, 0.0 ], [ 123.43034712, 0.31638241, 0.0 ], [ 123.43037778, 0.31639364, 0.0 ], [ 123.43039887, 0.31639488, 0.0 ], [ 123.43042237, 0.31639627, 0.0 ], [ 123.43045235, 0.31639805, 0.0 ], [ 123.43051106, 0.31640152, 0.0 ], [ 123.4305418, 0.31640268, 0.0 ], [ 123.43063168, 0.31640267, 0.0 ], [ 123.43071029, 0.31640267, 0.0 ], [ 123.43076969, 0.31640665, 0.0 ], [ 123.4308203, 0.31641005, 0.0 ], [ 123.43085263, 0.31641019, 0.0 ], [ 123.43089748, 0.31640116, 0.0 ], [ 123.43093495, 0.31639361, 0.0 ], [ 123.43095445, 0.3163838, 0.0 ], [ 123.43098127, 0.3163703, 0.0 ], [ 123.43102521, 0.31634818, 0.0 ], [ 123.43106077, 0.31633028, 0.0 ], [ 123.43107874, 0.31633028, 0.0 ], [ 123.4311057, 0.31633028, 0.0 ], [ 123.43112245, 0.31632016, 0.0 ], [ 123.43114954, 0.31631342, 0.0 ], [ 123.43117759, 0.31630313, 0.0 ], [ 123.43118734, 0.31629761, 0.0 ], [ 123.4312164, 0.31628116, 0.0 ], [ 123.43125063, 0.31626176, 0.0 ], [ 123.43131576, 0.31622488, 0.0 ], [ 123.43133835, 0.31621828, 0.0 ], [ 123.43136631, 0.31621265, 0.0 ], [ 123.43138279, 0.31621265, 0.0 ], [ 123.43141373, 0.31620971, 0.0 ], [ 123.43144019, 0.3162059, 0.0 ], [ 123.43146499, 0.31620569, 0.0 ], [ 123.43147831, 0.31620885, 0.0 ], [ 123.43153675, 0.31622269, 0.0 ], [ 123.43160895, 0.31623979, 0.0 ], [ 123.43167362, 0.31625606, 0.0 ], [ 123.43169156, 0.31626507, 0.0 ], [ 123.43171882, 0.31627042, 0.0 ], [ 123.43174302, 0.31627749, 0.0 ], [ 123.43177226, 0.31629257, 0.0 ], [ 123.43178582, 0.31630047, 0.0 ], [ 123.43181564, 0.31631215, 0.0 ], [ 123.43183646, 0.31632416, 0.0 ], [ 123.43187672, 0.31633724, 0.0 ], [ 123.4319091, 0.31634158, 0.0 ], [ 123.4319405, 0.3163458, 0.0 ], [ 123.43195943, 0.31634834, 0.0 ], [ 123.43198166, 0.31635473, 0.0 ], [ 123.43200436, 0.31636126, 0.0 ], [ 123.43202234, 0.31636643, 0.0 ], [ 123.43209254, 0.31636642, 0.0 ], [ 123.43212119, 0.31636642, 0.0 ], [ 123.43213916, 0.31635737, 0.0 ], [ 123.43215777, 0.31635971, 0.0 ], [ 123.43218876, 0.31636361, 0.0 ], [ 123.43221105, 0.31636642, 0.0 ], [ 123.43226497, 0.31636642, 0.0 ], [ 123.43229943, 0.31635729, 0.0 ], [ 123.4323751, 0.31633724, 0.0 ], [ 123.43243572, 0.31632117, 0.0 ], [ 123.43248633, 0.31629765, 0.0 ], [ 123.43254595, 0.31626995, 0.0 ], [ 123.4325624, 0.3162644, 0.0 ], [ 123.43259329, 0.31625663, 0.0 ], [ 123.43262443, 0.31624879, 0.0 ], [ 123.43267786, 0.31622574, 0.0 ], [ 123.4326983, 0.3162244, 0.0 ], [ 123.4327224, 0.31622072, 0.0 ], [ 123.43273765, 0.31622179, 0.0 ], [ 123.43274732, 0.3162158, 0.0 ], [ 123.43275802, 0.31620917, 0.0 ], [ 123.43277271, 0.31620007, 0.0 ], [ 123.43279229, 0.31618794, 0.0 ], [ 123.43281999, 0.31617078, 0.0 ], [ 123.43283866, 0.31617045, 0.0 ], [ 123.43285808, 0.3161764, 0.0 ], [ 123.43287606, 0.31618545, 0.0 ], [ 123.43289081, 0.31619181, 0.0 ], [ 123.43291621, 0.31620277, 0.0 ], [ 123.43293897, 0.31621259, 0.0 ], [ 123.43295208, 0.31622645, 0.0 ], [ 123.43295836, 0.31624354, 0.0 ], [ 123.43297348, 0.31624907, 0.0 ], [ 123.43299135, 0.31625561, 0.0 ], [ 123.43300922, 0.31626216, 0.0 ], [ 123.43303448, 0.3162714, 0.0 ], [ 123.43304681, 0.31627591, 0.0 ], [ 123.4330667, 0.31628926, 0.0 ], [ 123.43308498, 0.31630153, 0.0 ], [ 123.43310073, 0.3163121, 0.0 ], [ 123.43311116, 0.31632052, 0.0 ], [ 123.43312899, 0.31632267, 0.0 ], [ 123.4331428, 0.31632496, 0.0 ], [ 123.43315623, 0.31631917, 0.0 ], [ 123.43317902, 0.31631451, 0.0 ], [ 123.43319708, 0.31632133, 0.0 ], [ 123.43321701, 0.31632885, 0.0 ], [ 123.43325229, 0.316342, 0.0 ], [ 123.43331788, 0.3163653, 0.0 ], [ 123.43337221, 0.3163846, 0.0 ], [ 123.43342404, 0.316395, 0.0 ], [ 123.43345193, 0.31639656, 0.0 ], [ 123.4334878, 0.31639857, 0.0 ], [ 123.43353221, 0.31640105, 0.0 ], [ 123.43355905, 0.31640255, 0.0 ], [ 123.43364329, 0.31640255, 0.0 ], [ 123.43367896, 0.31640255, 0.0 ], [ 123.43369322, 0.31640254, 0.0 ], [ 123.43372104, 0.31640254, 0.0 ], [ 123.43374316, 0.31639518, 0.0 ], [ 123.43376089, 0.31638933, 0.0 ], [ 123.43377765, 0.31637245, 0.0 ], [ 123.43379798, 0.31635199, 0.0 ], [ 123.43383763, 0.31633921, 0.0 ], [ 123.43386101, 0.31633333, 0.0 ], [ 123.43388517, 0.31632724, 0.0 ], [ 123.43390436, 0.31632982, 0.0 ], [ 123.43391934, 0.31633126, 0.0 ], [ 123.4339275, 0.31633921, 0.0 ], [ 123.43392083, 0.31635599, 0.0 ], [ 123.43391851, 0.31636635, 0.0 ], [ 123.43390953, 0.31639349, 0.0 ], [ 123.43390509, 0.31641168, 0.0 ], [ 123.43391921, 0.31644012, 0.0 ], [ 123.4339275, 0.31645682, 0.0 ], [ 123.43393098, 0.31648131, 0.0 ], [ 123.43394324, 0.31652694, 0.0 ], [ 123.43396411, 0.31654883, 0.0 ], [ 123.43397652, 0.31656245, 0.0 ], [ 123.43398292, 0.31656948, 0.0 ], [ 123.43398472, 0.31657146, 0.0 ], [ 123.43400995, 0.31659917, 0.0 ], [ 123.43404086, 0.31663311, 0.0 ], [ 123.43406772, 0.31663573, 0.0 ], [ 123.43408704, 0.31664227, 0.0 ], [ 123.43414133, 0.31663498, 0.0 ], [ 123.43417203, 0.31663086, 0.0 ], [ 123.43419954, 0.31662428, 0.0 ], [ 123.43422177, 0.31661567, 0.0 ], [ 123.43425981, 0.31660094, 0.0 ], [ 123.43430495, 0.31658346, 0.0 ], [ 123.43431393, 0.31658346, 0.0 ], [ 123.43433379, 0.31658346, 0.0 ], [ 123.43437088, 0.31658346, 0.0 ], [ 123.43438583, 0.31658346, 0.0 ], [ 123.43441844, 0.31656704, 0.0 ], [ 123.43444078, 0.3165639, 0.0 ], [ 123.4344565, 0.31655872, 0.0 ], [ 123.43447338, 0.31656115, 0.0 ], [ 123.43449395, 0.31656411, 0.0 ], [ 123.4345275, 0.31656893, 0.0 ], [ 123.43456556, 0.3165744, 0.0 ], [ 123.43461049, 0.3165744, 0.0 ], [ 123.4346283, 0.31657798, 0.0 ], [ 123.43465999, 0.31658436, 0.0 ], [ 123.43474529, 0.31660154, 0.0 ], [ 123.43477503, 0.31661484, 0.0 ], [ 123.43480263, 0.31662719, 0.0 ], [ 123.43481686, 0.31663355, 0.0 ], [ 123.43482617, 0.31664934, 0.0 ], [ 123.43482617, 0.31666658, 0.0 ], [ 123.43483712, 0.3166924, 0.0 ], [ 123.43484922, 0.31670284, 0.0 ], [ 123.4348629, 0.31671465, 0.0 ], [ 123.43487836, 0.31672798, 0.0 ], [ 123.43489622, 0.31674123, 0.0 ], [ 123.43491827, 0.31675356, 0.0 ], [ 123.43494128, 0.31676643, 0.0 ], [ 123.43496997, 0.31678247, 0.0 ], [ 123.43499673, 0.31679145, 0.0 ], [ 123.43501428, 0.31679733, 0.0 ], [ 123.43503006, 0.3168047, 0.0 ], [ 123.43505178, 0.31681928, 0.0 ], [ 123.43507697, 0.31683619, 0.0 ], [ 123.43516735, 0.31689684, 0.0 ], [ 123.43523957, 0.3169453, 0.0 ], [ 123.43527477, 0.31696049, 0.0 ], [ 123.43542829, 0.31702672, 0.0 ], [ 123.43548256, 0.31706496, 0.0 ], [ 123.43555679, 0.3171152, 0.0 ], [ 123.43562076, 0.31715687, 0.0 ], [ 123.43567094, 0.31718955, 0.0 ], [ 123.43573874, 0.31722368, 0.0 ], [ 123.43576442, 0.31723661, 0.0 ], [ 123.43577955, 0.31725166, 0.0 ], [ 123.43578184, 0.31725395, 0.0 ], [ 123.43579485, 0.31726439, 0.0 ], [ 123.43579306, 0.31727522, 0.0 ], [ 123.43579086, 0.3172885, 0.0 ], [ 123.43578777, 0.31730716, 0.0 ], [ 123.43578881, 0.31731555, 0.0 ], [ 123.43579206, 0.31734171, 0.0 ], [ 123.43579552, 0.31736955, 0.0 ], [ 123.43580575, 0.31740668, 0.0 ], [ 123.43581427, 0.31740954, 0.0 ], [ 123.43582411, 0.31741284, 0.0 ], [ 123.43583271, 0.31741572, 0.0 ], [ 123.43584713, 0.31743024, 0.0 ], [ 123.43585355, 0.3174367, 0.0 ], [ 123.43586866, 0.31745191, 0.0 ], [ 123.43587958, 0.31747082, 0.0 ], [ 123.43587958, 0.31748877, 0.0 ], [ 123.43587631, 0.31750923, 0.0 ], [ 123.43587403, 0.31752988, 0.0 ], [ 123.43587269, 0.3175421, 0.0 ], [ 123.43587022, 0.31756448, 0.0 ], [ 123.43588131, 0.31758706, 0.0 ], [ 123.43589562, 0.31759666, 0.0 ], [ 123.43591307, 0.31759959, 0.0 ], [ 123.43593297, 0.31760293, 0.0 ], [ 123.43594954, 0.31760571, 0.0 ], [ 123.43597606, 0.3176235, 0.0 ], [ 123.43599598, 0.31763687, 0.0 ], [ 123.43601787, 0.31765156, 0.0 ], [ 123.43603409, 0.31766736, 0.0 ], [ 123.43604293, 0.31768517, 0.0 ], [ 123.43604593, 0.3176912, 0.0 ], [ 123.4360707, 0.31771488, 0.0 ], [ 123.43608114, 0.31772363, 0.0 ], [ 123.43609505, 0.31773531, 0.0 ], [ 123.43613743, 0.31777086, 0.0 ], [ 123.43614593, 0.31777799, 0.0 ], [ 123.43615624, 0.31778664, 0.0 ], [ 123.43618984, 0.31780017, 0.0 ], [ 123.436226, 0.31781473, 0.0 ], [ 123.43625908, 0.31783991, 0.0 ], [ 123.43629478, 0.31785306, 0.0 ], [ 123.43631791, 0.31786599, 0.0 ], [ 123.43635395, 0.31788615, 0.0 ], [ 123.43640681, 0.31792001, 0.0 ], [ 123.4364357, 0.31793852, 0.0 ], [ 123.43645281, 0.31794947, 0.0 ], [ 123.43647314, 0.31795678, 0.0 ], [ 123.43649397, 0.31796427, 0.0 ], [ 123.43650969, 0.31796992, 0.0 ], [ 123.43653116, 0.31797764, 0.0 ], [ 123.43654878, 0.31798398, 0.0 ], [ 123.43657097, 0.31799195, 0.0 ], [ 123.43658761, 0.31800375, 0.0 ], [ 123.43661496, 0.31802096, 0.0 ], [ 123.4366367, 0.31803464, 0.0 ], [ 123.4366595, 0.31804898, 0.0 ], [ 123.43667527, 0.31805142, 0.0 ], [ 123.43669081, 0.31805383, 0.0 ], [ 123.43671751, 0.31805796, 0.0 ], [ 123.43677633, 0.31806707, 0.0 ], [ 123.43689195, 0.31808369, 0.0 ], [ 123.43697415, 0.31809965, 0.0 ], [ 123.43703694, 0.3181123, 0.0 ], [ 123.43705492, 0.31811229, 0.0 ], [ 123.43706963, 0.31810968, 0.0 ], [ 123.43709653, 0.3181049, 0.0 ], [ 123.43711468, 0.31810168, 0.0 ], [ 123.43713201, 0.31809859, 0.0 ], [ 123.43715765, 0.31809404, 0.0 ], [ 123.43717738, 0.31809053, 0.0 ], [ 123.43721876, 0.3180949, 0.0 ], [ 123.43723816, 0.31811198, 0.0 ], [ 123.43724836, 0.31812097, 0.0 ], [ 123.43726843, 0.31812783, 0.0 ], [ 123.43728555, 0.31813357, 0.0 ], [ 123.43730329, 0.31814596, 0.0 ], [ 123.43732252, 0.31814392, 0.0 ], [ 123.43735015, 0.31814099, 0.0 ], [ 123.43737837, 0.318138, 0.0 ], [ 123.4373976, 0.31813596, 0.0 ], [ 123.43741537, 0.31814578, 0.0 ], [ 123.43743677, 0.31815008, 0.0 ], [ 123.43745603, 0.31816085, 0.0 ], [ 123.4374683, 0.31816656, 0.0 ], [ 123.43750307, 0.31817928, 0.0 ], [ 123.4375179, 0.31818471, 0.0 ], [ 123.43753342, 0.31819039, 0.0 ], [ 123.43755158, 0.31819704, 0.0 ], [ 123.43756716, 0.31820274, 0.0 ], [ 123.43757618, 0.31820274, 0.0 ], [ 123.43758513, 0.31820274, 0.0 ], [ 123.43760182, 0.31821282, 0.0 ], [ 123.43763007, 0.31822988, 0.0 ], [ 123.43765912, 0.31825263, 0.0 ], [ 123.43769848, 0.31828344, 0.0 ], [ 123.4377666, 0.31833522, 0.0 ], [ 123.43778854, 0.31835465, 0.0 ], [ 123.43779613, 0.3183642, 0.0 ], [ 123.43780858, 0.31837987, 0.0 ], [ 123.43781879, 0.31839272, 0.0 ], [ 123.4378326, 0.31840384, 0.0 ], [ 123.43784591, 0.31841455, 0.0 ], [ 123.43786373, 0.31842891, 0.0 ], [ 123.43787904, 0.31843946, 0.0 ], [ 123.43790425, 0.31845621, 0.0 ], [ 123.43791805, 0.31847139, 0.0 ], [ 123.43793562, 0.31848319, 0.0 ], [ 123.43795516, 0.31850286, 0.0 ], [ 123.43797157, 0.31851937, 0.0 ], [ 123.43797157, 0.31852842, 0.0 ], [ 123.43799133, 0.31854831, 0.0 ], [ 123.4380188, 0.31857596, 0.0 ], [ 123.43806302, 0.31862048, 0.0 ], [ 123.43807048, 0.31862799, 0.0 ], [ 123.43811536, 0.31867317, 0.0 ], [ 123.43812412, 0.31868375, 0.0 ], [ 123.43815546, 0.31872161, 0.0 ], [ 123.43817265, 0.31873455, 0.0 ], [ 123.43819724, 0.31874869, 0.0 ], [ 123.43821191, 0.31875713, 0.0 ], [ 123.4382328, 0.31876846, 0.0 ], [ 123.43825199, 0.31878355, 0.0 ], [ 123.4382716, 0.3188033, 0.0 ], [ 123.4383144, 0.31884639, 0.0 ], [ 123.43834902, 0.31888124, 0.0 ], [ 123.43838108, 0.31890947, 0.0 ], [ 123.43840643, 0.3189318, 0.0 ], [ 123.43842092, 0.31894456, 0.0 ], [ 123.43844623, 0.3189492, 0.0 ], [ 123.43847449, 0.31895437, 0.0 ], [ 123.43847969, 0.31895532, 0.0 ], [ 123.43850473, 0.3189599, 0.0 ], [ 123.4385267, 0.31897661, 0.0 ], [ 123.43853369, 0.31899068, 0.0 ], [ 123.43854674, 0.31901694, 0.0 ], [ 123.43856981, 0.31905758, 0.0 ], [ 123.43857648, 0.31906933, 0.0 ], [ 123.4385737, 0.31909836, 0.0 ], [ 123.4385767, 0.31912555, 0.0 ], [ 123.4385799, 0.31915455, 0.0 ], [ 123.43858165, 0.31917039, 0.0 ], [ 123.4385892, 0.31918552, 0.0 ], [ 123.43861314, 0.3192066, 0.0 ], [ 123.43865458, 0.31924311, 0.0 ], [ 123.43867341, 0.31926396, 0.0 ], [ 123.43872603, 0.31932222, 0.0 ], [ 123.43875206, 0.31935082, 0.0 ], [ 123.43880783, 0.31941097, 0.0 ], [ 123.43887027, 0.31947832, 0.0 ], [ 123.43890016, 0.31951968, 0.0 ], [ 123.43894217, 0.31957783, 0.0 ], [ 123.43896913, 0.31962307, 0.0 ], [ 123.43902306, 0.31973163, 0.0 ], [ 123.43903618, 0.31975365, 0.0 ], [ 123.43905002, 0.31977687, 0.0 ], [ 123.43905312, 0.31979558, 0.0 ], [ 123.43905901, 0.31983115, 0.0 ], [ 123.43906529, 0.3198459, 0.0 ], [ 123.43908597, 0.31989448, 0.0 ], [ 123.43910041, 0.31991166, 0.0 ], [ 123.4391186, 0.31993329, 0.0 ], [ 123.43914944, 0.31996999, 0.0 ], [ 123.43918483, 0.32001208, 0.0 ], [ 123.43920694, 0.32004825, 0.0 ], [ 123.43924537, 0.32011111, 0.0 ], [ 123.43925673, 0.32012969, 0.0 ], [ 123.43928013, 0.32015052, 0.0 ], [ 123.43931466, 0.32016789, 0.0 ], [ 123.43932693, 0.32017407, 0.0 ], [ 123.43933713, 0.32019016, 0.0 ], [ 123.43933761, 0.32020206, 0.0 ], [ 123.43934854, 0.3202196, 0.0 ], [ 123.43936051, 0.32024073, 0.0 ], [ 123.43937356, 0.3202473, 0.0 ], [ 123.43939544, 0.32026933, 0.0 ], [ 123.4394095, 0.32028348, 0.0 ], [ 123.43940951, 0.32031063, 0.0 ], [ 123.43940657, 0.32032393, 0.0 ], [ 123.43941346, 0.32034957, 0.0 ], [ 123.43941631, 0.32036896, 0.0 ], [ 123.4394263, 0.32038332, 0.0 ], [ 123.43945769, 0.32039553, 0.0 ], [ 123.43948006, 0.3204069, 0.0 ], [ 123.43949938, 0.32041014, 0.0 ], [ 123.43951355, 0.32042976, 0.0 ], [ 123.43953256, 0.32045606, 0.0 ], [ 123.43955252, 0.32048369, 0.0 ], [ 123.43958189, 0.32051882, 0.0 ], [ 123.43959482, 0.32052997, 0.0 ], [ 123.43960469, 0.32053848, 0.0 ], [ 123.43963183, 0.3205619, 0.0 ], [ 123.4396545, 0.32058147, 0.0 ], [ 123.43967747, 0.32060129, 0.0 ], [ 123.43970268, 0.3206243, 0.0 ], [ 123.43972271, 0.32064615, 0.0 ], [ 123.43980494, 0.32073582, 0.0 ], [ 123.43982291, 0.32074486, 0.0 ], [ 123.43983594, 0.32075798, 0.0 ], [ 123.43985056, 0.3207727, 0.0 ], [ 123.43987945, 0.32080178, 0.0 ], [ 123.43990379, 0.32082629, 0.0 ], [ 123.43990585, 0.32083459, 0.0 ], [ 123.43991278, 0.32086247, 0.0 ], [ 123.43992625, 0.3208845, 0.0 ], [ 123.43998468, 0.32098008, 0.0 ], [ 123.44000166, 0.32100622, 0.0 ], [ 123.440012, 0.32101663, 0.0 ], [ 123.4400252, 0.32102991, 0.0 ], [ 123.4400386, 0.32104341, 0.0 ], [ 123.44004685, 0.32105473, 0.0 ], [ 123.44007882, 0.32109862, 0.0 ], [ 123.44012602, 0.32116341, 0.0 ], [ 123.44016035, 0.32121137, 0.0 ], [ 123.4401824, 0.32124244, 0.0 ], [ 123.44019871, 0.32126981, 0.0 ], [ 123.44024118, 0.32134105, 0.0 ], [ 123.44024372, 0.32134532, 0.0 ], [ 123.44027112, 0.3213913, 0.0 ], [ 123.440283, 0.32141123, 0.0 ], [ 123.44032496, 0.32148329, 0.0 ], [ 123.44035315, 0.32153194, 0.0 ], [ 123.44037087, 0.3215577, 0.0 ], [ 123.44040055, 0.32160086, 0.0 ], [ 123.4404226, 0.32163291, 0.0 ], [ 123.44046397, 0.32169725, 0.0 ], [ 123.44048965, 0.32173819, 0.0 ], [ 123.44052038, 0.32178715, 0.0 ], [ 123.44053699, 0.32181363, 0.0 ], [ 123.44055087, 0.32183048, 0.0 ], [ 123.44055532, 0.32183831, 0.0 ], [ 123.44056344, 0.32185262, 0.0 ], [ 123.44058451, 0.32188974, 0.0 ], [ 123.44061615, 0.32194548, 0.0 ], [ 123.44062277, 0.32195713, 0.0 ], [ 123.44063166, 0.32196608, 0.0 ], [ 123.44065004, 0.32198271, 0.0 ], [ 123.44065945, 0.32200751, 0.0 ], [ 123.44065872, 0.32202046, 0.0 ], [ 123.44064973, 0.32203856, 0.0 ], [ 123.44064075, 0.3220476, 0.0 ], [ 123.4406275, 0.32205647, 0.0 ], [ 123.44060814, 0.32207205, 0.0 ], [ 123.44059916, 0.32207929, 0.0 ], [ 123.44058379, 0.32209167, 0.0 ], [ 123.44055987, 0.32211094, 0.0 ], [ 123.44054224, 0.32212138, 0.0 ], [ 123.4405207, 0.32213413, 0.0 ], [ 123.44050507, 0.32214339, 0.0 ], [ 123.44049718, 0.32215773, 0.0 ], [ 123.44049778, 0.32216491, 0.0 ], [ 123.44050553, 0.32217045, 0.0 ], [ 123.440521, 0.32216823, 0.0 ], [ 123.4405419, 0.32216522, 0.0 ], [ 123.44055754, 0.32217781, 0.0 ], [ 123.44056573, 0.32218441, 0.0 ], [ 123.44058683, 0.32220141, 0.0 ], [ 123.44060026, 0.32221492, 0.0 ], [ 123.44061191, 0.32222766, 0.0 ], [ 123.44062733, 0.32224541, 0.0 ], [ 123.44062947, 0.32224787, 0.0 ], [ 123.44065639, 0.32227884, 0.0 ], [ 123.44067186, 0.32229604, 0.0 ], [ 123.44068569, 0.32230997, 0.0 ], [ 123.44070016, 0.32232056, 0.0 ], [ 123.44071787, 0.32233352, 0.0 ], [ 123.44073342, 0.32234491, 0.0 ], [ 123.44076219, 0.32236597, 0.0 ], [ 123.4407805, 0.32237938, 0.0 ], [ 123.44078455, 0.32239139, 0.0 ], [ 123.44079647, 0.32240338, 0.0 ], [ 123.44081371, 0.32242074, 0.0 ], [ 123.44083214, 0.32243929, 0.0 ], [ 123.44084717, 0.32245333, 0.0 ], [ 123.44087242, 0.32247557, 0.0 ], [ 123.44089451, 0.32249503, 0.0 ], [ 123.44091037, 0.32250899, 0.0 ], [ 123.44092241, 0.32251707, 0.0 ], [ 123.4409567, 0.32254009, 0.0 ], [ 123.44098139, 0.32255666, 0.0 ], [ 123.44099125, 0.32256327, 0.0 ], [ 123.44100377, 0.32257588, 0.0 ], [ 123.44101507, 0.32258725, 0.0 ], [ 123.44103618, 0.3226085, 0.0 ], [ 123.44104785, 0.32262417, 0.0 ], [ 123.44109011, 0.32268088, 0.0 ], [ 123.44110044, 0.3226996, 0.0 ], [ 123.44111676, 0.32272917, 0.0 ], [ 123.44113504, 0.3227623, 0.0 ], [ 123.44116727, 0.32280402, 0.0 ], [ 123.44116944, 0.32280682, 0.0 ], [ 123.44119795, 0.32284372, 0.0 ], [ 123.44122934, 0.32289111, 0.0 ], [ 123.44125188, 0.32292514, 0.0 ], [ 123.44125878, 0.32293296, 0.0 ], [ 123.44129312, 0.32297185, 0.0 ], [ 123.4413064, 0.32298689, 0.0 ], [ 123.44132377, 0.32300656, 0.0 ], [ 123.44133714, 0.32302451, 0.0 ], [ 123.44134913, 0.32304059, 0.0 ], [ 123.44136076, 0.3230562, 0.0 ], [ 123.4413736, 0.32307343, 0.0 ], [ 123.4413876, 0.32308891, 0.0 ], [ 123.4414093, 0.32311075, 0.0 ], [ 123.44142892, 0.3231305, 0.0 ], [ 123.44144806, 0.32314976, 0.0 ], [ 123.44144959, 0.32315131, 0.0 ], [ 123.4414575, 0.32315828, 0.0 ], [ 123.44148048, 0.32317852, 0.0 ], [ 123.44152149, 0.32321463, 0.0 ], [ 123.44154845, 0.32324177, 0.0 ], [ 123.44156921, 0.32326529, 0.0 ], [ 123.44159237, 0.32329151, 0.0 ], [ 123.44161224, 0.32331402, 0.0 ], [ 123.44162034, 0.32332319, 0.0 ], [ 123.44162514, 0.32333285, 0.0 ], [ 123.44164421, 0.32336001, 0.0 ], [ 123.44167525, 0.32339656, 0.0 ], [ 123.4417347, 0.3234564, 0.0 ], [ 123.44178077, 0.32350277, 0.0 ], [ 123.44181806, 0.32354031, 0.0 ], [ 123.44183108, 0.32355717, 0.0 ], [ 123.4418467, 0.32357738, 0.0 ], [ 123.44186997, 0.3236075, 0.0 ], [ 123.44188097, 0.32362173, 0.0 ], [ 123.44190063, 0.32364648, 0.0 ], [ 123.44191692, 0.32366697, 0.0 ], [ 123.44193012, 0.32369023, 0.0 ], [ 123.44194453, 0.32371562, 0.0 ], [ 123.44195287, 0.3237303, 0.0 ], [ 123.44196032, 0.32373686, 0.0 ], [ 123.44199339, 0.32376599, 0.0 ], [ 123.44201102, 0.32378152, 0.0 ], [ 123.44202476, 0.32379362, 0.0 ], [ 123.44203647, 0.32381445, 0.0 ], [ 123.44205252, 0.32383061, 0.0 ], [ 123.44206775, 0.32384595, 0.0 ], [ 123.4420697, 0.3238479, 0.0 ], [ 123.4420697, 0.323866, 0.0 ], [ 123.44206892, 0.32388519, 0.0 ], [ 123.4420697, 0.32391123, 0.0 ], [ 123.44208364, 0.32393228, 0.0 ], [ 123.44209666, 0.32395647, 0.0 ], [ 123.4421038, 0.32396604, 0.0 ], [ 123.44211561, 0.3239819, 0.0 ], [ 123.44213758, 0.32401607, 0.0 ], [ 123.44215451, 0.32404447, 0.0 ], [ 123.44218653, 0.32410121, 0.0 ], [ 123.44219195, 0.32412576, 0.0 ], [ 123.44220031, 0.32416362, 0.0 ], [ 123.44221082, 0.32421438, 0.0 ], [ 123.44221826, 0.32425181, 0.0 ], [ 123.44222667, 0.32428854, 0.0 ], [ 123.44223637, 0.32432433, 0.0 ], [ 123.44224945, 0.32437262, 0.0 ], [ 123.44225621, 0.32438623, 0.0 ], [ 123.44227642, 0.3244269, 0.0 ], [ 123.44227733, 0.32443426, 0.0 ], [ 123.44227929, 0.32445008, 0.0 ], [ 123.44228295, 0.32447951, 0.0 ], [ 123.4422854, 0.32449928, 0.0 ], [ 123.44228845, 0.32451309, 0.0 ], [ 123.44230507, 0.32458921, 0.0 ], [ 123.44231556, 0.32464197, 0.0 ], [ 123.44231937, 0.32466116, 0.0 ], [ 123.44232136, 0.32467117, 0.0 ], [ 123.44232136, 0.32469305, 0.0 ], [ 123.44232136, 0.32470736, 0.0 ], [ 123.44233205, 0.32473104, 0.0 ], [ 123.4423409, 0.32475062, 0.0 ], [ 123.4423513, 0.32477367, 0.0 ], [ 123.44236198, 0.32479732, 0.0 ], [ 123.4423663, 0.32480688, 0.0 ], [ 123.44237199, 0.32483264, 0.0 ], [ 123.44238427, 0.3248883, 0.0 ], [ 123.44239822, 0.32495847, 0.0 ], [ 123.44240225, 0.32497877, 0.0 ], [ 123.44242297, 0.32503716, 0.0 ], [ 123.44244719, 0.32510542, 0.0 ], [ 123.44247415, 0.32515971, 0.0 ], [ 123.44248012, 0.32516721, 0.0 ], [ 123.44251234, 0.32520776, 0.0 ], [ 123.44254605, 0.32525017, 0.0 ], [ 123.44256507, 0.3252765, 0.0 ], [ 123.44260245, 0.32532824, 0.0 ], [ 123.44261795, 0.32534969, 0.0 ], [ 123.44263897, 0.32536873, 0.0 ], [ 123.44266884, 0.3253958, 0.0 ], [ 123.44272186, 0.3254421, 0.0 ], [ 123.44279872, 0.32550326, 0.0 ], [ 123.44284887, 0.32554743, 0.0 ], [ 123.44286862, 0.32556353, 0.0 ], [ 123.44288178, 0.32557299, 0.0 ], [ 123.44295943, 0.32563011, 0.0 ], [ 123.44296607, 0.32563504, 0.0 ], [ 123.4430022, 0.32566184, 0.0 ], [ 123.44304932, 0.32569345, 0.0 ], [ 123.4430558, 0.32570091, 0.0 ], [ 123.44307546, 0.32572353, 0.0 ], [ 123.44310215, 0.32575424, 0.0 ], [ 123.44311923, 0.32577522, 0.0 ], [ 123.44316092, 0.32583118, 0.0 ], [ 123.4431845, 0.32586283, 0.0 ], [ 123.44319311, 0.32587439, 0.0 ], [ 123.44320033, 0.32587439, 0.0 ], [ 123.44321032, 0.32589441, 0.0 ], [ 123.44321109, 0.32591058, 0.0 ], [ 123.4432021, 0.32591962, 0.0 ], [ 123.44319314, 0.32592684, 0.0 ], [ 123.44318192, 0.32593588, 0.0 ], [ 123.44318413, 0.32595581, 0.0 ], [ 123.44318914, 0.32596843, 0.0 ], [ 123.44319539, 0.32598416, 0.0 ], [ 123.44320211, 0.32600105, 0.0 ], [ 123.44321044, 0.32601112, 0.0 ], [ 123.44322319, 0.32602652, 0.0 ], [ 123.44324704, 0.32605533, 0.0 ], [ 123.4432794, 0.32609767, 0.0 ], [ 123.44331013, 0.32613789, 0.0 ], [ 123.44333691, 0.32617293, 0.0 ], [ 123.44335153, 0.32619747, 0.0 ], [ 123.44339207, 0.32626548, 0.0 ], [ 123.4434243, 0.32631954, 0.0 ], [ 123.44344725, 0.32636138, 0.0 ], [ 123.44345375, 0.32638101, 0.0 ], [ 123.44347418, 0.32641371, 0.0 ], [ 123.44351931, 0.326513, 0.0 ], [ 123.44353301, 0.32654057, 0.0 ], [ 123.44355261, 0.32658004, 0.0 ], [ 123.44356709, 0.32660191, 0.0 ], [ 123.44358856, 0.32663432, 0.0 ], [ 123.44360497, 0.32666736, 0.0 ], [ 123.44361552, 0.3266886, 0.0 ], [ 123.44363349, 0.3267067, 0.0 ], [ 123.44364307, 0.32673803, 0.0 ], [ 123.44365242, 0.32676861, 0.0 ], [ 123.44366394, 0.32680631, 0.0 ], [ 123.44366945, 0.32682431, 0.0 ], [ 123.44367229, 0.32684289, 0.0 ], [ 123.44369186, 0.32690857, 0.0 ], [ 123.44369641, 0.32692382, 0.0 ], [ 123.44369641, 0.32693852, 0.0 ], [ 123.44369641, 0.32695096, 0.0 ], [ 123.44370234, 0.32696589, 0.0 ], [ 123.44370889, 0.32698236, 0.0 ], [ 123.44371789, 0.32700502, 0.0 ], [ 123.44373019, 0.32703597, 0.0 ], [ 123.44373885, 0.32705776, 0.0 ], [ 123.44375034, 0.32708667, 0.0 ], [ 123.44375682, 0.32710495, 0.0 ], [ 123.44376791, 0.3271362, 0.0 ], [ 123.44377808, 0.32716486, 0.0 ], [ 123.44378688, 0.32718965, 0.0 ], [ 123.44379528, 0.32721332, 0.0 ], [ 123.4438103, 0.3272379, 0.0 ], [ 123.44385478, 0.32731066, 0.0 ], [ 123.44386439, 0.32732637, 0.0 ], [ 123.44386717, 0.32733093, 0.0 ], [ 123.44386439, 0.32734637, 0.0 ], [ 123.44386275, 0.32735545, 0.0 ], [ 123.44386439, 0.32735776, 0.0 ], [ 123.44387239, 0.32736904, 0.0 ], [ 123.44388882, 0.3273922, 0.0 ], [ 123.44390155, 0.32741013, 0.0 ], [ 123.44392059, 0.32743696, 0.0 ], [ 123.44393924, 0.32746325, 0.0 ], [ 123.44395481, 0.32748062, 0.0 ], [ 123.44396656, 0.32748922, 0.0 ], [ 123.44399646, 0.32751111, 0.0 ], [ 123.44401733, 0.32752639, 0.0 ], [ 123.44404692, 0.32754805, 0.0 ], [ 123.44408193, 0.32756568, 0.0 ], [ 123.44411731, 0.32758348, 0.0 ], [ 123.44413678, 0.32759328, 0.0 ], [ 123.44414577, 0.32761138, 0.0 ], [ 123.44417013, 0.32762364, 0.0 ], [ 123.44422662, 0.32765207, 0.0 ], [ 123.44426486, 0.32767132, 0.0 ], [ 123.4442653, 0.32767154, 0.0 ], [ 123.44431365, 0.32769587, 0.0 ], [ 123.44436146, 0.32771993, 0.0 ], [ 123.44439199, 0.32773837, 0.0 ], [ 123.44443164, 0.32776232, 0.0 ], [ 123.44445132, 0.32777421, 0.0 ], [ 123.44447828, 0.32778326, 0.0 ], [ 123.44450138, 0.32777938, 0.0 ], [ 123.44452004, 0.3277837, 0.0 ], [ 123.44453217, 0.32779304, 0.0 ], [ 123.4445322, 0.3278104, 0.0 ], [ 123.44453221, 0.32782849, 0.0 ], [ 123.44452288, 0.32784761, 0.0 ], [ 123.44451568, 0.32786937, 0.0 ], [ 123.44450641, 0.32789737, 0.0 ], [ 123.44449626, 0.32792801, 0.0 ], [ 123.44448966, 0.32793632, 0.0 ], [ 123.44449295, 0.32795246, 0.0 ], [ 123.44450151, 0.32796682, 0.0 ], [ 123.44451776, 0.32798151, 0.0 ], [ 123.44453221, 0.32797324, 0.0 ], [ 123.44455019, 0.32797324, 0.0 ], [ 123.44459512, 0.32798229, 0.0 ], [ 123.44461728, 0.32799484, 0.0 ], [ 123.44463926, 0.32800728, 0.0 ], [ 123.4446627, 0.32802055, 0.0 ], [ 123.44469037, 0.32803622, 0.0 ], [ 123.44473277, 0.32806023, 0.0 ], [ 123.44474789, 0.32807501, 0.0 ], [ 123.44476188, 0.32809261, 0.0 ], [ 123.4447627, 0.32809364, 0.0 ], [ 123.44477486, 0.32810894, 0.0 ], [ 123.44479837, 0.32812867, 0.0 ], [ 123.44481956, 0.32814644, 0.0 ], [ 123.44484675, 0.32816322, 0.0 ], [ 123.44487402, 0.32817351, 0.0 ], [ 123.44489949, 0.32817693, 0.0 ], [ 123.44492976, 0.32818099, 0.0 ], [ 123.44496144, 0.32818524, 0.0 ], [ 123.44499798, 0.32820449, 0.0 ], [ 123.44500851, 0.32820844, 0.0 ], [ 123.44503561, 0.32822208, 0.0 ], [ 123.44507841, 0.32824362, 0.0 ], [ 123.44510209, 0.32825554, 0.0 ], [ 123.44512534, 0.32826272, 0.0 ], [ 123.44513631, 0.32826781, 0.0 ], [ 123.44518037, 0.32828829, 0.0 ], [ 123.44524217, 0.328317, 0.0 ], [ 123.44525747, 0.3283214, 0.0 ], [ 123.44528828, 0.32833026, 0.0 ], [ 123.44532624, 0.32834118, 0.0 ], [ 123.44536798, 0.32835318, 0.0 ], [ 123.44540534, 0.32836764, 0.0 ], [ 123.44548481, 0.32839841, 0.0 ], [ 123.44549825, 0.32840788, 0.0 ], [ 123.4455198, 0.32842306, 0.0 ], [ 123.44554828, 0.32844313, 0.0 ], [ 123.44557468, 0.32846174, 0.0 ], [ 123.44563068, 0.32850786, 0.0 ], [ 123.44567354, 0.32854315, 0.0 ], [ 123.44570606, 0.32857589, 0.0 ], [ 123.44572608, 0.32859605, 0.0 ], [ 123.44576995, 0.32864021, 0.0 ], [ 123.44578138, 0.32865171, 0.0 ], [ 123.44579037, 0.32865171, 0.0 ], [ 123.44580138, 0.32866095, 0.0 ], [ 123.44582152, 0.32867784, 0.0 ], [ 123.44586313, 0.32871275, 0.0 ], [ 123.44589821, 0.32874218, 0.0 ], [ 123.44593269, 0.32875736, 0.0 ], [ 123.44594522, 0.32876288, 0.0 ], [ 123.44596865, 0.3287732, 0.0 ], [ 123.44599945, 0.32878676, 0.0 ], [ 123.44603043, 0.32880041, 0.0 ], [ 123.446042, 0.3288055, 0.0 ], [ 123.44605998, 0.3288236, 0.0 ], [ 123.4460761, 0.32882823, 0.0 ], [ 123.44614299, 0.32884747, 0.0 ], [ 123.4461722, 0.32885587, 0.0 ], [ 123.44619478, 0.32885978, 0.0 ], [ 123.44620804, 0.32886979, 0.0 ], [ 123.4462295, 0.32888599, 0.0 ], [ 123.44625735, 0.32890702, 0.0 ], [ 123.44627466, 0.32891839, 0.0 ], [ 123.4463095, 0.32893727, 0.0 ], [ 123.44637148, 0.32897086, 0.0 ], [ 123.4463835, 0.32897738, 0.0 ], [ 123.44639249, 0.32897738, 0.0 ], [ 123.4464148, 0.32899235, 0.0 ], [ 123.44643587, 0.32900649, 0.0 ], [ 123.44645463, 0.32901908, 0.0 ], [ 123.44647601, 0.32902379, 0.0 ], [ 123.44650383, 0.32903672, 0.0 ], [ 123.44652314, 0.32905325, 0.0 ], [ 123.4465183, 0.32906784, 0.0 ], [ 123.44651831, 0.32910134, 0.0 ], [ 123.44651831, 0.32912213, 0.0 ], [ 123.44653022, 0.32915018, 0.0 ], [ 123.44654939, 0.32917561, 0.0 ], [ 123.44655933, 0.32918186, 0.0 ], [ 123.446571, 0.3291892, 0.0 ], [ 123.44660818, 0.32921259, 0.0 ], [ 123.44662224, 0.32921259, 0.0 ], [ 123.44667289, 0.32921259, 0.0 ], [ 123.44669804, 0.32921259, 0.0 ], [ 123.44671484, 0.32921742, 0.0 ], [ 123.4467335, 0.32922279, 0.0 ], [ 123.44676095, 0.32923068, 0.0 ], [ 123.44680033, 0.32925644, 0.0 ], [ 123.44688299, 0.32931053, 0.0 ], [ 123.44694069, 0.32934828, 0.0 ], [ 123.44695508, 0.32935497, 0.0 ], [ 123.44703809, 0.32939353, 0.0 ], [ 123.44706877, 0.32941531, 0.0 ], [ 123.44708506, 0.32943376, 0.0 ], [ 123.4471003, 0.32945101, 0.0 ], [ 123.44712766, 0.32948025, 0.0 ], [ 123.44715942, 0.32951419, 0.0 ], [ 123.44719866, 0.32955368, 0.0 ], [ 123.44722826, 0.32958348, 0.0 ], [ 123.44726714, 0.32962262, 0.0 ], [ 123.44728219, 0.32963777, 0.0 ], [ 123.44731133, 0.32963777, 0.0 ], [ 123.44733476, 0.32964418, 0.0 ], [ 123.44734985, 0.32965683, 0.0 ], [ 123.44736851, 0.32967249, 0.0 ], [ 123.44738105, 0.329683, 0.0 ], [ 123.44740827, 0.32969776, 0.0 ], [ 123.44745765, 0.32972452, 0.0 ], [ 123.44747212, 0.32973237, 0.0 ], [ 123.44751306, 0.3297555, 0.0 ], [ 123.44757831, 0.32979491, 0.0 ], [ 123.44760292, 0.32980824, 0.0 ], [ 123.44762369, 0.3298187, 0.0 ], [ 123.4476571, 0.32982206, 0.0 ], [ 123.44768648, 0.32982502, 0.0 ], [ 123.44770505, 0.32982689, 0.0 ], [ 123.44772589, 0.32983498, 0.0 ], [ 123.44777064, 0.32986126, 0.0 ], [ 123.44779983, 0.3298784, 0.0 ], [ 123.4478214, 0.32989107, 0.0 ], [ 123.44784836, 0.32990011, 0.0 ], [ 123.44786633, 0.32991821, 0.0 ], [ 123.44788537, 0.32993098, 0.0 ], [ 123.44792026, 0.32995439, 0.0 ], [ 123.44793216, 0.32996397, 0.0 ], [ 123.44796519, 0.32999058, 0.0 ], [ 123.44800797, 0.3300145, 0.0 ], [ 123.44808422, 0.33005714, 0.0 ], [ 123.44811317, 0.33007333, 0.0 ], [ 123.44812695, 0.33008104, 0.0 ], [ 123.44815667, 0.33008958, 0.0 ], [ 123.44818917, 0.33009893, 0.0 ], [ 123.44821697, 0.33010693, 0.0 ], [ 123.4482457, 0.33011519, 0.0 ], [ 123.44826213, 0.33012782, 0.0 ], [ 123.44829023, 0.33015965, 0.0 ], [ 123.4483103, 0.33018238, 0.0 ], [ 123.44834652, 0.33022064, 0.0 ], [ 123.44839467, 0.33026911, 0.0 ], [ 123.44841454, 0.33028911, 0.0 ], [ 123.44843251, 0.33029815, 0.0 ], [ 123.44844621, 0.33031041, 0.0 ], [ 123.44845807, 0.33032103, 0.0 ], [ 123.44848309, 0.33034341, 0.0 ], [ 123.44849588, 0.33035486, 0.0 ], [ 123.44853136, 0.33036148, 0.0 ], [ 123.44854717, 0.33036603, 0.0 ], [ 123.44857355, 0.33037361, 0.0 ], [ 123.44859139, 0.3303846, 0.0 ], [ 123.44860068, 0.33039032, 0.0 ], [ 123.44861601, 0.33039887, 0.0 ], [ 123.44863921, 0.3304248, 0.0 ], [ 123.44863921, 0.33043385, 0.0 ], [ 123.44863362, 0.33045449, 0.0 ], [ 123.44862702, 0.33047886, 0.0 ], [ 123.44862153, 0.3304991, 0.0 ], [ 123.44862743, 0.3305109, 0.0 ], [ 123.44863028, 0.33052382, 0.0 ], [ 123.44864455, 0.33052311, 0.0 ], [ 123.44866163, 0.33052661, 0.0 ], [ 123.44868414, 0.33052432, 0.0 ], [ 123.4487087, 0.3305305, 0.0 ], [ 123.44872751, 0.33054083, 0.0 ], [ 123.44874749, 0.33056094, 0.0 ], [ 123.44875819, 0.33057171, 0.0 ], [ 123.44877709, 0.33059074, 0.0 ], [ 123.44879058, 0.33060028, 0.0 ], [ 123.44881947, 0.33061397, 0.0 ], [ 123.44887921, 0.33064227, 0.0 ], [ 123.4489805, 0.33069191, 0.0 ], [ 123.44902929, 0.33071835, 0.0 ], [ 123.44908855, 0.33075048, 0.0 ], [ 123.44912651, 0.3307648, 0.0 ], [ 123.44918608, 0.33078729, 0.0 ], [ 123.44921521, 0.33080601, 0.0 ], [ 123.44923755, 0.33081524, 0.0 ], [ 123.44924133, 0.33082285, 0.0 ], [ 123.44925428, 0.33082886, 0.0 ], [ 123.44929056, 0.33084572, 0.0 ], [ 123.44935816, 0.33087712, 0.0 ], [ 123.44940684, 0.33091143, 0.0 ], [ 123.44945701, 0.33094949, 0.0 ], [ 123.44947051, 0.33095472, 0.0 ], [ 123.44949101, 0.33096266, 0.0 ], [ 123.44951625, 0.33097243, 0.0 ], [ 123.44954259, 0.33098263, 0.0 ], [ 123.44957384, 0.33099472, 0.0 ], [ 123.44958967, 0.33100712, 0.0 ], [ 123.44960755, 0.33102112, 0.0 ], [ 123.44962301, 0.33103322, 0.0 ], [ 123.44964459, 0.33105012, 0.0 ], [ 123.44965472, 0.33105805, 0.0 ], [ 123.44967809, 0.33106529, 0.0 ], [ 123.44971378, 0.33107634, 0.0 ], [ 123.4497428, 0.33108533, 0.0 ], [ 123.44975358, 0.33108867, 0.0 ], [ 123.44979115, 0.33109642, 0.0 ], [ 123.44981605, 0.33109921, 0.0 ], [ 123.44985243, 0.33110328, 0.0 ], [ 123.44986348, 0.33111069, 0.0 ], [ 123.44987319, 0.33111721, 0.0 ], [ 123.44990078, 0.33112675, 0.0 ], [ 123.44992612, 0.33113313, 0.0 ], [ 123.44994777, 0.33113858, 0.0 ], [ 123.44998723, 0.3311485, 0.0 ], [ 123.44999647, 0.33115442, 0.0 ], [ 123.45001987, 0.33116941, 0.0 ], [ 123.45004032, 0.33118251, 0.0 ], [ 123.45006455, 0.33119803, 0.0 ], [ 123.45007844, 0.33120693, 0.0 ], [ 123.45009057, 0.33122331, 0.0 ], [ 123.45010023, 0.33122854, 0.0 ], [ 123.45018212, 0.33127293, 0.0 ], [ 123.45020292, 0.3312842, 0.0 ], [ 123.45021, 0.33128896, 0.0 ], [ 123.45022879, 0.33130156, 0.0 ], [ 123.45025513, 0.33131924, 0.0 ], [ 123.45027653, 0.3313336, 0.0 ], [ 123.45029618, 0.33134471, 0.0 ], [ 123.45032557, 0.3313595, 0.0 ], [ 123.45037367, 0.33138371, 0.0 ], [ 123.45038793, 0.33140271, 0.0 ], [ 123.4504079, 0.33141994, 0.0 ], [ 123.45043658, 0.33143799, 0.0 ], [ 123.4504584, 0.33144113, 0.0 ], [ 123.45049948, 0.33144703, 0.0 ], [ 123.4505173, 0.3314578, 0.0 ], [ 123.45053765, 0.33147009, 0.0 ], [ 123.45055908, 0.33148893, 0.0 ], [ 123.45058489, 0.33151151, 0.0 ], [ 123.45060733, 0.33152845, 0.0 ], [ 123.45062089, 0.33155234, 0.0 ], [ 123.45063041, 0.33156912, 0.0 ], [ 123.45064779, 0.33159906, 0.0 ], [ 123.45068821, 0.33166415, 0.0 ], [ 123.45068972, 0.33168086, 0.0 ], [ 123.45069072, 0.33169187, 0.0 ], [ 123.45069357, 0.33172346, 0.0 ], [ 123.4506972, 0.33176367, 0.0 ], [ 123.4506972, 0.33179047, 0.0 ], [ 123.4506972, 0.33181561, 0.0 ], [ 123.45069721, 0.33183859, 0.0 ], [ 123.45070965, 0.33185726, 0.0 ], [ 123.45071322, 0.33187306, 0.0 ], [ 123.45071709, 0.33188974, 0.0 ], [ 123.45074128, 0.33191105, 0.0 ], [ 123.45077809, 0.33194461, 0.0 ], [ 123.45081404, 0.33198079, 0.0 ], [ 123.45083489, 0.33199548, 0.0 ], [ 123.45088922, 0.33203377, 0.0 ], [ 123.45099833, 0.33210749, 0.0 ], [ 123.45103871, 0.33213458, 0.0 ], [ 123.45105091, 0.33214563, 0.0 ], [ 123.45105519, 0.33214952, 0.0 ], [ 123.45110353, 0.33219331, 0.0 ], [ 123.45112858, 0.332216, 0.0 ], [ 123.45114535, 0.33222613, 0.0 ], [ 123.45118269, 0.33224869, 0.0 ], [ 123.45120651, 0.33226307, 0.0 ], [ 123.45122721, 0.3322791, 0.0 ], [ 123.45125039, 0.33230244, 0.0 ], [ 123.45127006, 0.33231796, 0.0 ], [ 123.45128919, 0.33232496, 0.0 ], [ 123.45133696, 0.33234244, 0.0 ], [ 123.45136224, 0.3323517, 0.0 ], [ 123.45137684, 0.33236219, 0.0 ], [ 123.45139512, 0.33237534, 0.0 ], [ 123.45142228, 0.3323836, 0.0 ], [ 123.45145211, 0.33238788, 0.0 ], [ 123.45147478, 0.33239191, 0.0 ], [ 123.45151222, 0.33239856, 0.0 ], [ 123.45152931, 0.33240159, 0.0 ], [ 123.45157538, 0.33240977, 0.0 ], [ 123.45160488, 0.33241501, 0.0 ], [ 123.45162976, 0.33243648, 0.0 ], [ 123.45164668, 0.33245108, 0.0 ], [ 123.45166779, 0.33246929, 0.0 ], [ 123.45168752, 0.33248121, 0.0 ], [ 123.45171272, 0.33249643, 0.0 ], [ 123.45174299, 0.3325071, 0.0 ], [ 123.45182589, 0.3325363, 0.0 ], [ 123.45184254, 0.33254217, 0.0 ], [ 123.45186954, 0.33256311, 0.0 ], [ 123.45189246, 0.3325688, 0.0 ], [ 123.45191354, 0.33258244, 0.0 ], [ 123.45195291, 0.33260792, 0.0 ], [ 123.45199963, 0.33263816, 0.0 ], [ 123.45205714, 0.33267537, 0.0 ], [ 123.45208962, 0.33269639, 0.0 ], [ 123.4521211, 0.33271676, 0.0 ], [ 123.45214409, 0.33274973, 0.0 ], [ 123.45215487, 0.33276058, 0.0 ], [ 123.45216557, 0.33277135, 0.0 ], [ 123.45218903, 0.33279496, 0.0 ], [ 123.45221265, 0.33280078, 0.0 ], [ 123.45223396, 0.3328221, 0.0 ], [ 123.45224404, 0.33283812, 0.0 ], [ 123.45225648, 0.33285365, 0.0 ], [ 123.45225545, 0.33287475, 0.0 ], [ 123.45226146, 0.33289091, 0.0 ], [ 123.45228021, 0.33290169, 0.0 ], [ 123.45232208, 0.33292768, 0.0 ], [ 123.45237183, 0.33296941, 0.0 ], [ 123.45242269, 0.33301208, 0.0 ], [ 123.45243854, 0.3330219, 0.0 ], [ 123.45249565, 0.33305728, 0.0 ], [ 123.45255749, 0.3330935, 0.0 ], [ 123.45257968, 0.33310786, 0.0 ], [ 123.45263055, 0.33314077, 0.0 ], [ 123.45265575, 0.33315708, 0.0 ], [ 123.45268331, 0.33317492, 0.0 ], [ 123.45269479, 0.33318647, 0.0 ], [ 123.45272824, 0.33322015, 0.0 ], [ 123.45276648, 0.33325864, 0.0 ], [ 123.45281301, 0.33330363, 0.0 ], [ 123.45282576, 0.33331463, 0.0 ], [ 123.45284662, 0.33333262, 0.0 ], [ 123.45286305, 0.3333468, 0.0 ], [ 123.4528803, 0.33334838, 0.0 ], [ 123.4529048, 0.33335062, 0.0 ], [ 123.45293014, 0.33335294, 0.0 ], [ 123.45296594, 0.33337236, 0.0 ], [ 123.45298091, 0.33338457, 0.0 ], [ 123.45298734, 0.33339534, 0.0 ], [ 123.45300684, 0.33341917, 0.0 ], [ 123.45302927, 0.3334267, 0.0 ], [ 123.45305238, 0.33343445, 0.0 ], [ 123.45307677, 0.33344263, 0.0 ], [ 123.45313241, 0.3334613, 0.0 ], [ 123.45319556, 0.33348249, 0.0 ], [ 123.45323334, 0.33349126, 0.0 ], [ 123.45340734, 0.33353168, 0.0 ], [ 123.45342921, 0.33353676, 0.0 ], [ 123.45344172, 0.33353676, 0.0 ], [ 123.4534617, 0.33353676, 0.0 ], [ 123.45351163, 0.33354684, 0.0 ], [ 123.45352807, 0.3335458, 0.0 ], [ 123.45355245, 0.33355194, 0.0 ], [ 123.453573, 0.33355485, 0.0 ], [ 123.45360895, 0.33355485, 0.0 ], [ 123.45363503, 0.33355485, 0.0 ], [ 123.45365332, 0.33355767, 0.0 ], [ 123.45367185, 0.33356389, 0.0 ], [ 123.45368846, 0.33356668, 0.0 ], [ 123.45372577, 0.33357294, 0.0 ], [ 123.45374585, 0.33358052, 0.0 ], [ 123.45375902, 0.33358548, 0.0 ], [ 123.45378513, 0.33359534, 0.0 ], [ 123.45381362, 0.3336065, 0.0 ], [ 123.45384388, 0.33361868, 0.0 ], [ 123.45388754, 0.33363626, 0.0 ], [ 123.45392381, 0.33364234, 0.0 ], [ 123.45394146, 0.3336453, 0.0 ], [ 123.45398735, 0.3336579, 0.0 ], [ 123.45403267, 0.33367034, 0.0 ], [ 123.45405413, 0.3336848, 0.0 ], [ 123.45406507, 0.33369459, 0.0 ], [ 123.45407556, 0.33370398, 0.0 ], [ 123.45409495, 0.33372133, 0.0 ], [ 123.45412119, 0.33374481, 0.0 ], [ 123.45419396, 0.33378551, 0.0 ], [ 123.4543326, 0.33386566, 0.0 ], [ 123.45442675, 0.33391669, 0.0 ], [ 123.45450321, 0.33396567, 0.0 ], [ 123.45451641, 0.33397413, 0.0 ], [ 123.45453459, 0.33398001, 0.0 ], [ 123.4545578, 0.33399063, 0.0 ], [ 123.45458268, 0.33400202, 0.0 ], [ 123.45458628, 0.33400367, 0.0 ], [ 123.45462272, 0.33402034, 0.0 ], [ 123.45464243, 0.33402524, 0.0 ], [ 123.45467301, 0.33403679, 0.0 ], [ 123.45473273, 0.33405979, 0.0 ], [ 123.45479706, 0.33408569, 0.0 ], [ 123.45484913, 0.33410666, 0.0 ], [ 123.45491203, 0.33412475, 0.0 ], [ 123.4549785, 0.33413729, 0.0 ], [ 123.45505582, 0.33415188, 0.0 ], [ 123.45507288, 0.33415331, 0.0 ], [ 123.45511344, 0.33415671, 0.0 ], [ 123.45516366, 0.33416093, 0.0 ], [ 123.45520022, 0.33416618, 0.0 ], [ 123.45521729, 0.33416864, 0.0 ], [ 123.45523853, 0.33416825, 0.0 ], [ 123.4552661, 0.33416428, 0.0 ], [ 123.45527548, 0.33416293, 0.0 ], [ 123.45529086, 0.33416072, 0.0 ], [ 123.45532012, 0.33415651, 0.0 ], [ 123.45534329, 0.33415318, 0.0 ], [ 123.45536031, 0.33416198, 0.0 ], [ 123.45538311, 0.33416504, 0.0 ], [ 123.45541549, 0.33416939, 0.0 ], [ 123.45544385, 0.33417319, 0.0 ], [ 123.45548718, 0.334179, 0.0 ], [ 123.45550898, 0.33417701, 0.0 ], [ 123.45555979, 0.33417236, 0.0 ], [ 123.45557465, 0.33417099, 0.0 ], [ 123.45560093, 0.33416495, 0.0 ], [ 123.45562949, 0.33415713, 0.0 ], [ 123.45565, 0.33415983, 0.0 ], [ 123.45565792, 0.33415186, 0.0 ], [ 123.45567484, 0.33414845, 0.0 ], [ 123.45570286, 0.33414281, 0.0 ], [ 123.45573028, 0.33413492, 0.0 ], [ 123.45574714, 0.33413007, 0.0 ], [ 123.4557739, 0.33411652, 0.0 ], [ 123.45580937, 0.33411952, 0.0 ], [ 123.45581968, 0.33412471, 0.0 ], [ 123.45584847, 0.3341284, 0.0 ], [ 123.45587273, 0.33414061, 0.0 ], [ 123.45587664, 0.33415478, 0.0 ], [ 123.4558794, 0.33416964, 0.0 ], [ 123.45589158, 0.33418803, 0.0 ], [ 123.45591259, 0.33420213, 0.0 ], [ 123.45593575, 0.33421479, 0.0 ], [ 123.45595448, 0.33422422, 0.0 ], [ 123.45596551, 0.33424086, 0.0 ], [ 123.45597246, 0.33425136, 0.0 ], [ 123.45600075, 0.3342656, 0.0 ], [ 123.45601815, 0.33427436, 0.0 ], [ 123.45605334, 0.3342785, 0.0 ], [ 123.45607568, 0.33429199, 0.0 ], [ 123.45609827, 0.33430563, 0.0 ], [ 123.45610434, 0.33431581, 0.0 ], [ 123.4561117, 0.33432816, 0.0 ], [ 123.4561207, 0.33434326, 0.0 ], [ 123.45612524, 0.33436249, 0.0 ], [ 123.45612524, 0.33437757, 0.0 ], [ 123.45612524, 0.33439624, 0.0 ], [ 123.45612524, 0.33441419, 0.0 ], [ 123.4561343, 0.33443237, 0.0 ], [ 123.456145, 0.33444314, 0.0 ], [ 123.45615963, 0.33445786, 0.0 ], [ 123.45617211, 0.33447043, 0.0 ], [ 123.4561858, 0.33449659, 0.0 ], [ 123.45619348, 0.33450819, 0.0 ], [ 123.45620753, 0.3345294, 0.0 ], [ 123.45620657, 0.33454489, 0.0 ], [ 123.45621215, 0.33455875, 0.0 ], [ 123.45620893, 0.33457819, 0.0 ], [ 123.45620613, 0.33459513, 0.0 ], [ 123.45621074, 0.33460908, 0.0 ], [ 123.45621531, 0.33462286, 0.0 ], [ 123.4562241, 0.33464942, 0.0 ], [ 123.45623259, 0.33468358, 0.0 ], [ 123.45624208, 0.33472179, 0.0 ], [ 123.45625253, 0.33473932, 0.0 ], [ 123.45625825, 0.33474893, 0.0 ], [ 123.45626904, 0.33476702, 0.0 ], [ 123.45629076, 0.33477755, 0.0 ], [ 123.45631061, 0.33478313, 0.0 ], [ 123.45632054, 0.33477564, 0.0 ], [ 123.45633213, 0.33475313, 0.0 ], [ 123.4563443, 0.33474837, 0.0 ], [ 123.45636423, 0.33474882, 0.0 ], [ 123.45637992, 0.33475313, 0.0 ], [ 123.45639612, 0.3347563, 0.0 ], [ 123.45641238, 0.33476799, 0.0 ], [ 123.45643087, 0.33478128, 0.0 ], [ 123.4564408, 0.33478842, 0.0 ], [ 123.45644877, 0.33479416, 0.0 ], [ 123.45646541, 0.33480812, 0.0 ], [ 123.45648085, 0.33482106, 0.0 ], [ 123.4565027, 0.33483939, 0.0 ], [ 123.45650778, 0.33484962, 0.0 ], [ 123.45651168, 0.33485748, 0.0 ], [ 123.45651373, 0.33486986, 0.0 ], [ 123.45652345, 0.33492856, 0.0 ], [ 123.45652536, 0.33494008, 0.0 ], [ 123.45652966, 0.33496605, 0.0 ], [ 123.45653505, 0.33498233, 0.0 ], [ 123.45654155, 0.33500193, 0.0 ], [ 123.45654764, 0.33502033, 0.0 ], [ 123.45654764, 0.33502938, 0.0 ], [ 123.45656045, 0.33504871, 0.0 ], [ 123.45658359, 0.33507461, 0.0 ], [ 123.45660156, 0.3350927, 0.0 ], [ 123.45661055, 0.3351108, 0.0 ], [ 123.45660394, 0.33512701, 0.0 ], [ 123.45660921, 0.33514295, 0.0 ], [ 123.45661663, 0.33516535, 0.0 ], [ 123.45661954, 0.33517412, 0.0 ], [ 123.45661954, 0.33521271, 0.0 ], [ 123.45661954, 0.3352465, 0.0 ], [ 123.45662277, 0.33525949, 0.0 ], [ 123.45663584, 0.33531946, 0.0 ], [ 123.45663752, 0.33533766, 0.0 ], [ 123.45663752, 0.33536351, 0.0 ], [ 123.45663752, 0.3354003, 0.0 ], [ 123.45663512, 0.33540996, 0.0 ], [ 123.45663214, 0.33542196, 0.0 ], [ 123.45662854, 0.33543649, 0.0 ], [ 123.45662854, 0.33545184, 0.0 ], [ 123.45662615, 0.33547323, 0.0 ], [ 123.45661955, 0.33549982, 0.0 ], [ 123.45661955, 0.33551862, 0.0 ], [ 123.45661956, 0.33558124, 0.0 ], [ 123.45661381, 0.33562758, 0.0 ], [ 123.45661174, 0.3356442, 0.0 ], [ 123.4566122, 0.33566506, 0.0 ], [ 123.45661451, 0.33568134, 0.0 ], [ 123.45661648, 0.33569522, 0.0 ], [ 123.45661841, 0.33570879, 0.0 ], [ 123.45661547, 0.33572931, 0.0 ], [ 123.45661226, 0.335739, 0.0 ], [ 123.45660591, 0.33575817, 0.0 ], [ 123.45660159, 0.33577123, 0.0 ], [ 123.45660159, 0.33578935, 0.0 ], [ 123.45660159, 0.33581161, 0.0 ], [ 123.45660159, 0.3358231, 0.0 ], [ 123.4566016, 0.3358436, 0.0 ], [ 123.45659599, 0.33586458, 0.0 ], [ 123.45660009, 0.33587899, 0.0 ], [ 123.45660571, 0.33589882, 0.0 ], [ 123.45661059, 0.33591598, 0.0 ], [ 123.45660809, 0.33594366, 0.0 ], [ 123.45660543, 0.33597312, 0.0 ], [ 123.4566038, 0.33599119, 0.0 ], [ 123.45660263, 0.33600414, 0.0 ], [ 123.4566016, 0.3360155, 0.0 ], [ 123.45660411, 0.33602557, 0.0 ], [ 123.4566146, 0.33605975, 0.0 ], [ 123.45661958, 0.33608449, 0.0 ], [ 123.45661958, 0.33610675, 0.0 ], [ 123.45661958, 0.33612542, 0.0 ], [ 123.45661958, 0.3361512, 0.0 ], [ 123.45662037, 0.33616564, 0.0 ], [ 123.45662857, 0.33618739, 0.0 ], [ 123.45663068, 0.3361959, 0.0 ], [ 123.45663467, 0.33621195, 0.0 ], [ 123.45663756, 0.33623314, 0.0 ], [ 123.45664869, 0.33624807, 0.0 ], [ 123.45666006, 0.33625461, 0.0 ], [ 123.45666452, 0.33628691, 0.0 ], [ 123.4566696, 0.33629633, 0.0 ], [ 123.45666796, 0.33631365, 0.0 ], [ 123.45667564, 0.33633296, 0.0 ], [ 123.45668725, 0.33636218, 0.0 ], [ 123.45669212, 0.33637444, 0.0 ], [ 123.45670047, 0.33639547, 0.0 ], [ 123.45671148, 0.33641208, 0.0 ], [ 123.45672081, 0.33642617, 0.0 ], [ 123.45673101, 0.33644158, 0.0 ], [ 123.4567544, 0.33647689, 0.0 ], [ 123.45675938, 0.33649193, 0.0 ], [ 123.45676339, 0.33650403, 0.0 ], [ 123.45678136, 0.33654022, 0.0 ], [ 123.45679035, 0.33654926, 0.0 ], [ 123.45679873, 0.3365577, 0.0 ], [ 123.45681731, 0.3365764, 0.0 ], [ 123.45681731, 0.33658545, 0.0 ], [ 123.45682924, 0.33659986, 0.0 ], [ 123.45683999, 0.33661285, 0.0 ], [ 123.45686224, 0.33663973, 0.0 ], [ 123.45687513, 0.33665788, 0.0 ], [ 123.4568919, 0.33668152, 0.0 ], [ 123.45690718, 0.33670306, 0.0 ], [ 123.45691187, 0.33671407, 0.0 ], [ 123.4569123, 0.33671508, 0.0 ], [ 123.45692021, 0.33673366, 0.0 ], [ 123.45693072, 0.33675836, 0.0 ], [ 123.45693824, 0.33678082, 0.0 ], [ 123.45694535, 0.33680586, 0.0 ], [ 123.45695212, 0.33682971, 0.0 ], [ 123.45695722, 0.33683587, 0.0 ], [ 123.45697634, 0.33685897, 0.0 ], [ 123.45699706, 0.33688399, 0.0 ], [ 123.45701602, 0.33689672, 0.0 ], [ 123.45705882, 0.33692544, 0.0 ], [ 123.45707794, 0.33693827, 0.0 ], [ 123.45709591, 0.33693827, 0.0 ], [ 123.45710956, 0.33694514, 0.0 ], [ 123.45712325, 0.33695203, 0.0 ], [ 123.45714979, 0.33696539, 0.0 ], [ 123.45716781, 0.33697446, 0.0 ], [ 123.45717918, 0.33698209, 0.0 ], [ 123.45719477, 0.33699255, 0.0 ], [ 123.45721274, 0.33700159, 0.0 ], [ 123.45723071, 0.33701969, 0.0 ], [ 123.4572397, 0.33702873, 0.0 ], [ 123.45724576, 0.33704704, 0.0 ], [ 123.45724869, 0.33705587, 0.0 ], [ 123.45726742, 0.33707146, 0.0 ], [ 123.45730215, 0.33709477, 0.0 ], [ 123.45733047, 0.33711377, 0.0 ], [ 123.45733911, 0.33712079, 0.0 ], [ 123.45734437, 0.33712505, 0.0 ], [ 123.45735935, 0.33714013, 0.0 ], [ 123.45736934, 0.33715019, 0.0 ], [ 123.45738502, 0.33716033, 0.0 ], [ 123.45741595, 0.33717486, 0.0 ], [ 123.45745848, 0.33719483, 0.0 ], [ 123.45748972, 0.33720951, 0.0 ], [ 123.45750931, 0.33721871, 0.0 ], [ 123.45751829, 0.33722776, 0.0 ], [ 123.4575388, 0.33724152, 0.0 ], [ 123.45755705, 0.3372498, 0.0 ], [ 123.45758273, 0.33725842, 0.0 ], [ 123.45760349, 0.33726538, 0.0 ], [ 123.45762614, 0.33727299, 0.0 ], [ 123.45763882, 0.33728227, 0.0 ], [ 123.45764773, 0.33728879, 0.0 ], [ 123.45767399, 0.33730802, 0.0 ], [ 123.45769655, 0.33732453, 0.0 ], [ 123.45772499, 0.33734536, 0.0 ], [ 123.45773387, 0.33734983, 0.0 ], [ 123.45778067, 0.33737338, 0.0 ], [ 123.45782674, 0.33739571, 0.0 ], [ 123.45785928, 0.33740975, 0.0 ], [ 123.45794068, 0.33744486, 0.0 ], [ 123.45795118, 0.33745241, 0.0 ], [ 123.45796515, 0.33746246, 0.0 ], [ 123.45797979, 0.33747299, 0.0 ], [ 123.45799274, 0.3374823, 0.0 ], [ 123.45800358, 0.3374901, 0.0 ], [ 123.45804669, 0.33750559, 0.0 ], [ 123.45808022, 0.33751765, 0.0 ], [ 123.45810801, 0.33752764, 0.0 ], [ 123.4581294, 0.33753533, 0.0 ], [ 123.45821166, 0.33755443, 0.0 ], [ 123.45823089, 0.3375589, 0.0 ], [ 123.45824623, 0.33756246, 0.0 ], [ 123.4582642, 0.33755341, 0.0 ], [ 123.45827173, 0.337554, 0.0 ], [ 123.45829732, 0.33755598, 0.0 ], [ 123.45832454, 0.33755808, 0.0 ], [ 123.45835754, 0.33756064, 0.0 ], [ 123.45838103, 0.33756245, 0.0 ], [ 123.45841209, 0.33755854, 0.0 ], [ 123.4584713, 0.3375591, 0.0 ], [ 123.45850068, 0.3375682, 0.0 ], [ 123.45852133, 0.33757459, 0.0 ], [ 123.4585505, 0.33758363, 0.0 ], [ 123.45858119, 0.33758435, 0.0 ], [ 123.45860102, 0.33757527, 0.0 ], [ 123.458618, 0.3375675, 0.0 ], [ 123.45867674, 0.33754161, 0.0 ], [ 123.45872252, 0.3375353, 0.0 ], [ 123.45877844, 0.33753912, 0.0 ], [ 123.45880337, 0.33754162, 0.0 ], [ 123.45883036, 0.33754434, 0.0 ], [ 123.45885732, 0.33755338, 0.0 ], [ 123.45889336, 0.33756245, 0.0 ], [ 123.45892921, 0.33757148, 0.0 ], [ 123.45898313, 0.33758052, 0.0 ], [ 123.45901738, 0.33757787, 0.0 ], [ 123.45905583, 0.33757489, 0.0 ], [ 123.45909995, 0.33757147, 0.0 ], [ 123.45911808, 0.33756538, 0.0 ], [ 123.45916002, 0.33755131, 0.0 ], [ 123.45919747, 0.33753874, 0.0 ], [ 123.45924053, 0.3375272, 0.0 ], [ 123.45926344, 0.33753104, 0.0 ], [ 123.45930901, 0.33753868, 0.0 ], [ 123.45936557, 0.33754817, 0.0 ], [ 123.45939651, 0.33755336, 0.0 ], [ 123.45944088, 0.33755336, 0.0 ], [ 123.45946693, 0.33755005, 0.0 ], [ 123.45949443, 0.33753793, 0.0 ], [ 123.45954023, 0.33751776, 0.0 ], [ 123.45959494, 0.33749366, 0.0 ], [ 123.45961219, 0.33749002, 0.0 ], [ 123.45961983, 0.33748643, 0.0 ], [ 123.45964174, 0.33747613, 0.0 ], [ 123.45970676, 0.33744559, 0.0 ], [ 123.45973472, 0.33743245, 0.0 ], [ 123.45975553, 0.3374231, 0.0 ], [ 123.45979671, 0.33740582, 0.0 ], [ 123.45985482, 0.33738144, 0.0 ], [ 123.45988592, 0.33737101, 0.0 ], [ 123.45993877, 0.33735327, 0.0 ], [ 123.45998082, 0.33734806, 0.0 ], [ 123.45999577, 0.33735038, 0.0 ], [ 123.46002536, 0.33735496, 0.0 ], [ 123.46005923, 0.3373602, 0.0 ], [ 123.46009537, 0.33735801, 0.0 ], [ 123.46010644, 0.33735429, 0.0 ], [ 123.46017549, 0.33732339, 0.0 ], [ 123.4602682, 0.33728191, 0.0 ], [ 123.46029681, 0.3372603, 0.0 ], [ 123.46034009, 0.33722762, 0.0 ], [ 123.46040516, 0.33718394, 0.0 ], [ 123.46043252, 0.33716752, 0.0 ], [ 123.460497, 0.33713506, 0.0 ], [ 123.46051367, 0.33712096, 0.0 ], [ 123.46052139, 0.33710152, 0.0 ], [ 123.46053226, 0.33707416, 0.0 ], [ 123.46053875, 0.33705782, 0.0 ], [ 123.46055719, 0.33704585, 0.0 ], [ 123.46057217, 0.33703762, 0.0 ], [ 123.46058572, 0.33703762, 0.0 ], [ 123.4606036, 0.33702664, 0.0 ], [ 123.46061668, 0.33701457, 0.0 ], [ 123.4606349, 0.33699776, 0.0 ], [ 123.46065141, 0.33698252, 0.0 ], [ 123.46069954, 0.3369381, 0.0 ], [ 123.46071329, 0.33693349, 0.0 ], [ 123.4607265, 0.33692905, 0.0 ], [ 123.4607486, 0.33690958, 0.0 ], [ 123.46078238, 0.33687982, 0.0 ], [ 123.46079965, 0.33685853, 0.0 ], [ 123.46080394, 0.33683407, 0.0 ], [ 123.46081012, 0.33679876, 0.0 ], [ 123.46082382, 0.3367206, 0.0 ], [ 123.46083409, 0.33669651, 0.0 ], [ 123.46085033, 0.3366679, 0.0 ], [ 123.46086129, 0.33664859, 0.0 ], [ 123.46087926, 0.33662145, 0.0 ], [ 123.46088824, 0.3365943, 0.0 ], [ 123.46089907, 0.33658068, 0.0 ], [ 123.46092475, 0.33654837, 0.0 ], [ 123.46096581, 0.33649748, 0.0 ], [ 123.46104101, 0.33641336, 0.0 ], [ 123.46105965, 0.33640162, 0.0 ], [ 123.4611129, 0.33636812, 0.0 ], [ 123.46114113, 0.33633969, 0.0 ], [ 123.46118857, 0.33629194, 0.0 ], [ 123.46123136, 0.33624885, 0.0 ], [ 123.46126346, 0.33621653, 0.0 ], [ 123.46129201, 0.33618973, 0.0 ], [ 123.46133863, 0.33614801, 0.0 ], [ 123.46135553, 0.33613288, 0.0 ], [ 123.4613735, 0.33612384, 0.0 ], [ 123.46138009, 0.33611479, 0.0 ], [ 123.46139113, 0.33609963, 0.0 ], [ 123.4614119, 0.33607111, 0.0 ], [ 123.46144175, 0.33603014, 0.0 ], [ 123.46147235, 0.33598813, 0.0 ], [ 123.46148133, 0.33597908, 0.0 ], [ 123.46148662, 0.33597154, 0.0 ], [ 123.46151058, 0.33593737, 0.0 ], [ 123.4615496, 0.33588171, 0.0 ], [ 123.46157847, 0.33584052, 0.0 ], [ 123.46159793, 0.33582086, 0.0 ], [ 123.46162511, 0.33580718, 0.0 ], [ 123.46163748, 0.33579912, 0.0 ], [ 123.46169234, 0.33576338, 0.0 ], [ 123.46177788, 0.33570765, 0.0 ], [ 123.46183069, 0.33568107, 0.0 ], [ 123.46183147, 0.33568068, 0.0 ], [ 123.46188571, 0.33565337, 0.0 ], [ 123.46194865, 0.33562621, 0.0 ], [ 123.46201152, 0.33559908, 0.0 ], [ 123.46202051, 0.33559003, 0.0 ], [ 123.46203013, 0.33558519, 0.0 ], [ 123.46205145, 0.33557772, 0.0 ], [ 123.46207443, 0.33557194, 0.0 ], [ 123.46208219, 0.33557193, 0.0 ], [ 123.46212142, 0.33557193, 0.0 ], [ 123.46214632, 0.33557193, 0.0 ], [ 123.46217496, 0.3355683, 0.0 ], [ 123.46220013, 0.33557191, 0.0 ], [ 123.46223688, 0.3355772, 0.0 ], [ 123.46226315, 0.33559907, 0.0 ], [ 123.46227206, 0.33560505, 0.0 ], [ 123.46228918, 0.33561654, 0.0 ], [ 123.46231707, 0.33563525, 0.0 ], [ 123.46234544, 0.33564096, 0.0 ], [ 123.462362, 0.3356443, 0.0 ], [ 123.46230213, 0.33515918, 0.0 ], [ 123.46236598, 0.33490637, 0.0 ], [ 123.46237904, 0.33485464, 0.0 ], [ 123.46252505, 0.33471408, 0.0 ], [ 123.46258393, 0.3346574, 0.0 ], [ 123.46267558, 0.33453074, 0.0 ], [ 123.46272901, 0.33440971, 0.0 ], [ 123.46276185, 0.33433532, 0.0 ], [ 123.46286788, 0.33415618, 0.0 ], [ 123.46292539, 0.33403314, 0.0 ], [ 123.46294184, 0.33400202, 0.0 ], [ 123.46298469, 0.33392096, 0.0 ], [ 123.46307995, 0.33382867, 0.0 ], [ 123.46318419, 0.33372372, 0.0 ], [ 123.46334909, 0.33363632, 0.0 ], [ 123.46357347, 0.33360468, 0.0 ], [ 123.46358227, 0.33356612, 0.0 ], [ 123.46359464, 0.33353739, 0.0 ], [ 123.46360415, 0.3335192, 0.0 ], [ 123.46361991, 0.3335001, 0.0 ], [ 123.46362732, 0.33349905, 0.0 ], [ 123.46363566, 0.33349786, 0.0 ], [ 123.46365028, 0.33349296, 0.0 ], [ 123.46367881, 0.33348185, 0.0 ], [ 123.46369116, 0.33347687, 0.0 ], [ 123.46369613, 0.33347487, 0.0 ], [ 123.46370139, 0.33347053, 0.0 ], [ 123.46370268, 0.33346403, 0.0 ], [ 123.46370503, 0.33345218, 0.0 ], [ 123.46370775, 0.33343848, 0.0 ], [ 123.46370921, 0.33343112, 0.0 ], [ 123.4637086, 0.33342252, 0.0 ], [ 123.46370743, 0.3334178, 0.0 ], [ 123.46370271, 0.33339879, 0.0 ], [ 123.4637009, 0.33338986, 0.0 ], [ 123.4637009, 0.33338118, 0.0 ], [ 123.4637009, 0.33335186, 0.0 ], [ 123.4637009, 0.3333282, 0.0 ], [ 123.4637009, 0.33331984, 0.0 ], [ 123.4637009, 0.33331416, 0.0 ], [ 123.46370383, 0.33330617, 0.0 ], [ 123.46370644, 0.33330267, 0.0 ], [ 123.46371171, 0.33329559, 0.0 ], [ 123.46371831, 0.33328673, 0.0 ], [ 123.46372786, 0.33327392, 0.0 ], [ 123.46373355, 0.33326819, 0.0 ], [ 123.46374127, 0.33326041, 0.0 ], [ 123.46374488, 0.33325297, 0.0 ], [ 123.46374233, 0.33324525, 0.0 ], [ 123.46374135, 0.33324229, 0.0 ], [ 123.46373823, 0.33323286, 0.0 ], [ 123.46374077, 0.33322604, 0.0 ], [ 123.46374626, 0.33322236, 0.0 ], [ 123.46375106, 0.33321914, 0.0 ], [ 123.46375991, 0.3332132, 0.0 ], [ 123.4637666, 0.33320917, 0.0 ], [ 123.46377706, 0.33320391, 0.0 ], [ 123.46378177, 0.33319357, 0.0 ], [ 123.46378177, 0.33318344, 0.0 ], [ 123.46378177, 0.33317263, 0.0 ], [ 123.46378177, 0.33316006, 0.0 ], [ 123.4637807, 0.33315198, 0.0 ], [ 123.46377853, 0.33314325, 0.0 ], [ 123.46377622, 0.33313396, 0.0 ], [ 123.46377346, 0.33312284, 0.0 ], [ 123.4637722, 0.33311424, 0.0 ], [ 123.46377133, 0.33310553, 0.0 ], [ 123.46376946, 0.33308666, 0.0 ], [ 123.46376639, 0.33305582, 0.0 ], [ 123.46376471, 0.3330389, 0.0 ], [ 123.46376379, 0.33302964, 0.0 ], [ 123.46376379, 0.33301285, 0.0 ], [ 123.46376379, 0.33299849, 0.0 ], [ 123.46376379, 0.33298832, 0.0 ], [ 123.46376379, 0.33297186, 0.0 ], [ 123.46376379, 0.33294164, 0.0 ], [ 123.46376379, 0.3329198, 0.0 ], [ 123.46376379, 0.33290663, 0.0 ], [ 123.46376378, 0.33289735, 0.0 ], [ 123.46376267, 0.33288384, 0.0 ], [ 123.4637609, 0.33286782, 0.0 ], [ 123.46375295, 0.33279583, 0.0 ], [ 123.46374738, 0.33274532, 0.0 ], [ 123.4637458, 0.33273109, 0.0 ], [ 123.46374077, 0.33265615, 0.0 ], [ 123.46373839, 0.33262506, 0.0 ], [ 123.46373681, 0.33260114, 0.0 ], [ 123.46373681, 0.33258229, 0.0 ], [ 123.46373681, 0.33257481, 0.0 ], [ 123.46374102, 0.33256768, 0.0 ], [ 123.46374308, 0.33256091, 0.0 ], [ 123.46374002, 0.33254243, 0.0 ], [ 123.46373681, 0.33252301, 0.0 ], [ 123.46373358, 0.33251652, 0.0 ], [ 123.46372984, 0.33250898, 0.0 ], [ 123.46372782, 0.3325015, 0.0 ], [ 123.46372782, 0.33248683, 0.0 ], [ 123.46372782, 0.33246859, 0.0 ], [ 123.46372782, 0.33245422, 0.0 ], [ 123.46372782, 0.33244315, 0.0 ], [ 123.46372782, 0.33242999, 0.0 ], [ 123.46372782, 0.3324235, 0.0 ], [ 123.46373089, 0.33241111, 0.0 ], [ 123.46373294, 0.33240287, 0.0 ], [ 123.4637407, 0.33237161, 0.0 ], [ 123.46374336, 0.33236091, 0.0 ], [ 123.46374102, 0.33234632, 0.0 ], [ 123.4637368, 0.33234207, 0.0 ], [ 123.46372701, 0.33232975, 0.0 ], [ 123.4637179, 0.33231829, 0.0 ], [ 123.46370955, 0.33230779, 0.0 ], [ 123.4637041, 0.33230093, 0.0 ], [ 123.46369878, 0.3322885, 0.0 ], [ 123.46369058, 0.33225548, 0.0 ], [ 123.46368287, 0.33222446, 0.0 ], [ 123.46366051, 0.33214792, 0.0 ], [ 123.46364309, 0.33208833, 0.0 ], [ 123.46364036, 0.33207898, 0.0 ], [ 123.46364184, 0.33207154, 0.0 ], [ 123.46364317, 0.33206539, 0.0 ], [ 123.4636452, 0.33205212, 0.0 ], [ 123.46364219, 0.33203546, 0.0 ], [ 123.46363833, 0.33201405, 0.0 ], [ 123.46363475, 0.33199428, 0.0 ], [ 123.46363259, 0.33198227, 0.0 ], [ 123.46363091, 0.33197298, 0.0 ], [ 123.46362894, 0.3319621, 0.0 ], [ 123.46362894, 0.33195395, 0.0 ], [ 123.46362894, 0.33194707, 0.0 ], [ 123.46362732, 0.33194407, 0.0 ], [ 123.46362532, 0.33194036, 0.0 ], [ 123.46361892, 0.33193393, 0.0 ], [ 123.46361357, 0.33192854, 0.0 ], [ 123.46360983, 0.33192218, 0.0 ], [ 123.46360676, 0.33191215, 0.0 ], [ 123.46359669, 0.33187922, 0.0 ], [ 123.46358624, 0.33184502, 0.0 ], [ 123.46357642, 0.33181291, 0.0 ], [ 123.46357048, 0.33179006, 0.0 ], [ 123.4635663, 0.33177323, 0.0 ], [ 123.46356345, 0.33176176, 0.0 ], [ 123.46355912, 0.3317443, 0.0 ], [ 123.46355704, 0.33173593, 0.0 ], [ 123.46355704, 0.33172984, 0.0 ], [ 123.46356066, 0.33172397, 0.0 ], [ 123.46356544, 0.33172012, 0.0 ], [ 123.463574, 0.33171323, 0.0 ], [ 123.46358962, 0.33170064, 0.0 ], [ 123.4635916, 0.33169184, 0.0 ], [ 123.46358691, 0.33168564, 0.0 ], [ 123.46357987, 0.33168328, 0.0 ], [ 123.46356658, 0.33167882, 0.0 ], [ 123.46355454, 0.33167478, 0.0 ], [ 123.46343751, 0.33153976, 0.0 ], [ 123.46339257, 0.33137149, 0.0 ], [ 123.46336021, 0.33117608, 0.0 ], [ 123.46333683, 0.33097161, 0.0 ], [ 123.46330986, 0.33074182, 0.0 ], [ 123.46333142, 0.33055183, 0.0 ], [ 123.46337096, 0.33043965, 0.0 ], [ 123.46346621, 0.3302587, 0.0 ], [ 123.46353989, 0.33010309, 0.0 ], [ 123.46357403, 0.32996738, 0.0 ], [ 123.46361176, 0.32967064, 0.0 ], [ 123.46362732, 0.32963648, 0.0 ], [ 123.46372139, 0.32942998, 0.0 ], [ 123.46389572, 0.32927618, 0.0 ], [ 123.46401793, 0.32915856, 0.0 ], [ 123.46411139, 0.32906447, 0.0 ], [ 123.46430549, 0.3288998, 0.0 ], [ 123.4644313, 0.32881656, 0.0 ], [ 123.46452296, 0.32871161, 0.0 ], [ 123.46461461, 0.32855781, 0.0 ], [ 123.46469189, 0.32836782, 0.0 ], [ 123.46473682, 0.32822126, 0.0 ], [ 123.46478713, 0.3280367, 0.0 ], [ 123.46485543, 0.3279227, 0.0 ], [ 123.46494349, 0.32780508, 0.0 ], [ 123.46506175, 0.32767154, 0.0 ], [ 123.46507648, 0.3276549, 0.0 ], [ 123.46515736, 0.3275409, 0.0 ], [ 123.46527238, 0.3274269, 0.0 ], [ 123.46534427, 0.32735633, 0.0 ], [ 123.46541077, 0.3272731, 0.0 ], [ 123.46542395, 0.32724522, 0.0 ], [ 123.46550062, 0.32708311, 0.0 ], [ 123.46566417, 0.32680264, 0.0 ], [ 123.46590314, 0.32680355, 0.0 ], [ 123.46591922, 0.32680086, 0.0 ], [ 123.46593327, 0.3267985, 0.0 ], [ 123.46594331, 0.32679236, 0.0 ], [ 123.46595026, 0.32678195, 0.0 ], [ 123.46595623, 0.32676901, 0.0 ], [ 123.46595618, 0.32676718, 0.0 ], [ 123.46595597, 0.32675933, 0.0 ], [ 123.46595332, 0.32674799, 0.0 ], [ 123.46594369, 0.3267383, 0.0 ], [ 123.46593826, 0.32672378, 0.0 ], [ 123.46593825, 0.32670568, 0.0 ], [ 123.46594491, 0.32670116, 0.0 ], [ 123.46595028, 0.3266965, 0.0 ], [ 123.46595253, 0.32668971, 0.0 ], [ 123.46596132, 0.32668572, 0.0 ], [ 123.46597023, 0.32668285, 0.0 ], [ 123.46598165, 0.32667854, 0.0 ], [ 123.46599663, 0.32667854, 0.0 ], [ 123.46600982, 0.32667854, 0.0 ], [ 123.46602143, 0.32667622, 0.0 ], [ 123.4660291, 0.3266685, 0.0 ], [ 123.46603766, 0.32665988, 0.0 ], [ 123.46604729, 0.32665019, 0.0 ], [ 123.46605508, 0.32664235, 0.0 ], [ 123.46606018, 0.32663207, 0.0 ], [ 123.46606406, 0.32662425, 0.0 ], [ 123.46607578, 0.32661245, 0.0 ], [ 123.46609486, 0.32659324, 0.0 ], [ 123.46611234, 0.32657565, 0.0 ], [ 123.46612063, 0.32656596, 0.0 ], [ 123.46612771, 0.32655527, 0.0 ], [ 123.46613595, 0.32654283, 0.0 ], [ 123.46613964, 0.32653985, 0.0 ], [ 123.46615234, 0.32652962, 0.0 ], [ 123.46616313, 0.32652094, 0.0 ], [ 123.46617031, 0.32651516, 0.0 ], [ 123.46618088, 0.32650663, 0.0 ], [ 123.46620878, 0.3264645, 0.0 ], [ 123.4662389, 0.32641901, 0.0 ], [ 123.46624603, 0.32640824, 0.0 ], [ 123.46625277, 0.32639807, 0.0 ], [ 123.46626573, 0.32638502, 0.0 ], [ 123.46628142, 0.32636922, 0.0 ], [ 123.46629979, 0.32635073, 0.0 ], [ 123.4663178, 0.3263326, 0.0 ], [ 123.46632227, 0.3263281, 0.0 ], [ 123.46633385, 0.32631644, 0.0 ], [ 123.46636809, 0.32628197, 0.0 ], [ 123.4663859, 0.32626329, 0.0 ], [ 123.46640344, 0.32624387, 0.0 ], [ 123.4664204, 0.32622508, 0.0 ], [ 123.46643426, 0.32620973, 0.0 ], [ 123.46644851, 0.32619395, 0.0 ], [ 123.46648458, 0.32615292, 0.0 ], [ 123.46651091, 0.32612199, 0.0 ], [ 123.46654014, 0.32608766, 0.0 ], [ 123.46656559, 0.32605777, 0.0 ], [ 123.46658346, 0.32603654, 0.0 ], [ 123.46660214, 0.32601397, 0.0 ], [ 123.46661143, 0.32600274, 0.0 ], [ 123.46661889, 0.32599373, 0.0 ], [ 123.46661984, 0.32598478, 0.0 ], [ 123.46661826, 0.32597759, 0.0 ], [ 123.46660939, 0.32593745, 0.0 ], [ 123.46660515, 0.32591821, 0.0 ], [ 123.46660423, 0.32590497, 0.0 ], [ 123.46660812, 0.32588733, 0.0 ], [ 123.46661111, 0.32587379, 0.0 ], [ 123.46661682, 0.3258479, 0.0 ], [ 123.46662119, 0.32582809, 0.0 ], [ 123.46662739, 0.32581405, 0.0 ], [ 123.46663636, 0.32579373, 0.0 ], [ 123.46664666, 0.32577041, 0.0 ], [ 123.46665427, 0.32575315, 0.0 ], [ 123.46665814, 0.32573859, 0.0 ], [ 123.46666001, 0.32572352, 0.0 ], [ 123.4666613, 0.32571314, 0.0 ], [ 123.46666325, 0.32569745, 0.0 ], [ 123.46666612, 0.32567429, 0.0 ], [ 123.46667377, 0.32566659, 0.0 ], [ 123.46668518, 0.3256551, 0.0 ], [ 123.46669308, 0.32564715, 0.0 ], [ 123.46670941, 0.32560878, 0.0 ], [ 123.46672004, 0.32558382, 0.0 ], [ 123.46672629, 0.32556282, 0.0 ], [ 123.46673359, 0.32553834, 0.0 ], [ 123.46673901, 0.32552013, 0.0 ], [ 123.46674361, 0.32550471, 0.0 ], [ 123.46674699, 0.32549334, 0.0 ], [ 123.46675329, 0.32547644, 0.0 ], [ 123.46677087, 0.32542922, 0.0 ], [ 123.46677395, 0.32542097, 0.0 ], [ 123.46678127, 0.32540622, 0.0 ], [ 123.46679125, 0.32538612, 0.0 ], [ 123.46679817, 0.32537219, 0.0 ], [ 123.46680091, 0.32536113, 0.0 ], [ 123.4668009, 0.32534677, 0.0 ], [ 123.4668009, 0.3253305, 0.0 ], [ 123.46680419, 0.32532387, 0.0 ], [ 123.46680989, 0.3253124, 0.0 ], [ 123.46681653, 0.32530125, 0.0 ], [ 123.46682626, 0.32528494, 0.0 ], [ 123.46683327, 0.32527316, 0.0 ], [ 123.46683685, 0.32526717, 0.0 ], [ 123.46685615, 0.32525421, 0.0 ], [ 123.46686973, 0.3252441, 0.0 ], [ 123.46688927, 0.32522771, 0.0 ], [ 123.4669047, 0.32521476, 0.0 ], [ 123.46691772, 0.32520383, 0.0 ], [ 123.46693061, 0.32519734, 0.0 ], [ 123.46694545, 0.32518987, 0.0 ], [ 123.46696399, 0.32518054, 0.0 ], [ 123.46697912, 0.32517293, 0.0 ], [ 123.46698753, 0.32516869, 0.0 ], [ 123.46699724, 0.32515996, 0.0 ], [ 123.46700562, 0.32515152, 0.0 ], [ 123.46701383, 0.32514327, 0.0 ], [ 123.46702301, 0.3251405, 0.0 ], [ 123.46703835, 0.3251405, 0.0 ], [ 123.4670519, 0.3251405, 0.0 ], [ 123.4670651, 0.3251405, 0.0 ], [ 123.46708651, 0.32513243, 0.0 ], [ 123.46709635, 0.32512748, 0.0 ], [ 123.46711064, 0.32512325, 0.0 ], [ 123.46711812, 0.32512475, 0.0 ], [ 123.46713067, 0.32512728, 0.0 ], [ 123.46714486, 0.32513014, 0.0 ], [ 123.46715676, 0.32513145, 0.0 ], [ 123.46716817, 0.32513144, 0.0 ], [ 123.46717833, 0.32513144, 0.0 ], [ 123.46719137, 0.32512707, 0.0 ], [ 123.46720529, 0.3251224, 0.0 ], [ 123.46721736, 0.32511936, 0.0 ], [ 123.46723137, 0.32511583, 0.0 ], [ 123.46724124, 0.32511335, 0.0 ], [ 123.46724628, 0.32511335, 0.0 ], [ 123.46725733, 0.32511335, 0.0 ], [ 123.46726375, 0.32511335, 0.0 ], [ 123.46727261, 0.32511236, 0.0 ], [ 123.46728054, 0.32511058, 0.0 ], [ 123.46729847, 0.32510657, 0.0 ], [ 123.4673146, 0.32510296, 0.0 ], [ 123.4673288, 0.32509979, 0.0 ], [ 123.46734077, 0.32509711, 0.0 ], [ 123.46734908, 0.32509525, 0.0 ], [ 123.46736799, 0.32510159, 0.0 ], [ 123.46737997, 0.32510628, 0.0 ], [ 123.46739781, 0.32511525, 0.0 ], [ 123.46741198, 0.32512239, 0.0 ], [ 123.46743293, 0.32513082, 0.0 ], [ 123.46745033, 0.32513783, 0.0 ], [ 123.46746491, 0.32514048, 0.0 ], [ 123.46748452, 0.32514048, 0.0 ], [ 123.46751662, 0.32514048, 0.0 ], [ 123.46752881, 0.32514047, 0.0 ], [ 123.46754195, 0.3251489, 0.0 ], [ 123.46755978, 0.32515857, 0.0 ], [ 123.46757833, 0.32515857, 0.0 ], [ 123.46759353, 0.32516128, 0.0 ], [ 123.46761868, 0.32516761, 0.0 ], [ 123.46762789, 0.32517225, 0.0 ], [ 123.46764359, 0.32518015, 0.0 ], [ 123.46766085, 0.32518884, 0.0 ], [ 123.4676726, 0.32519475, 0.0 ], [ 123.46768675, 0.32519475, 0.0 ], [ 123.46770173, 0.32519475, 0.0 ], [ 123.46771457, 0.32519475, 0.0 ], [ 123.4677309, 0.32519401, 0.0 ], [ 123.46775571, 0.32518985, 0.0 ], [ 123.46777393, 0.32518679, 0.0 ], [ 123.46778509, 0.32518414, 0.0 ], [ 123.46780906, 0.32517609, 0.0 ], [ 123.4678311, 0.32516869, 0.0 ], [ 123.46785421, 0.32516094, 0.0 ], [ 123.46789145, 0.32514988, 0.0 ], [ 123.46793719, 0.32513673, 0.0 ], [ 123.46796159, 0.32512971, 0.0 ], [ 123.46798712, 0.32512236, 0.0 ], [ 123.46799677, 0.32511489, 0.0 ], [ 123.46802616, 0.32509213, 0.0 ], [ 123.46804807, 0.32507516, 0.0 ], [ 123.46808357, 0.32504766, 0.0 ], [ 123.46810395, 0.32503188, 0.0 ], [ 123.4681223, 0.32501648, 0.0 ], [ 123.46814767, 0.3249952, 0.0 ], [ 123.46816984, 0.3249766, 0.0 ], [ 123.46819425, 0.32495612, 0.0 ], [ 123.46820744, 0.32494505, 0.0 ], [ 123.46821609, 0.32493533, 0.0 ], [ 123.46823517, 0.32490843, 0.0 ], [ 123.46824722, 0.32489145, 0.0 ], [ 123.46825671, 0.32487808, 0.0 ], [ 123.46826058, 0.3248586, 0.0 ], [ 123.46826569, 0.32483284, 0.0 ], [ 123.4682722, 0.32482443, 0.0 ], [ 123.46828547, 0.32480725, 0.0 ], [ 123.46829455, 0.32479549, 0.0 ], [ 123.4683049, 0.32478209, 0.0 ], [ 123.46831876, 0.32476415, 0.0 ], [ 123.4683286, 0.32475142, 0.0 ], [ 123.46833812, 0.32474183, 0.0 ], [ 123.46835363, 0.32472621, 0.0 ], [ 123.46836879, 0.32471095, 0.0 ], [ 123.46837664, 0.32470305, 0.0 ], [ 123.46838251, 0.32469713, 0.0 ], [ 123.4683851, 0.32468411, 0.0 ], [ 123.46838791, 0.32466995, 0.0 ], [ 123.46839179, 0.32465041, 0.0 ], [ 123.46839502, 0.32463418, 0.0 ], [ 123.46840222, 0.32459658, 0.0 ], [ 123.46840883, 0.32455835, 0.0 ], [ 123.46841561, 0.3245191, 0.0 ], [ 123.46842714, 0.32445229, 0.0 ], [ 123.46843138, 0.32442776, 0.0 ], [ 123.46843466, 0.32440879, 0.0 ], [ 123.46843809, 0.32439213, 0.0 ], [ 123.46844257, 0.32437484, 0.0 ], [ 123.46844768, 0.32435511, 0.0 ], [ 123.46845742, 0.32431753, 0.0 ], [ 123.46846884, 0.32427345, 0.0 ], [ 123.46847697, 0.32424206, 0.0 ], [ 123.46848652, 0.3242052, 0.0 ], [ 123.46849033, 0.32419049, 0.0 ], [ 123.4684991, 0.32413311, 0.0 ], [ 123.46850711, 0.32408063, 0.0 ], [ 123.46851347, 0.32404685, 0.0 ], [ 123.46851728, 0.32402765, 0.0 ], [ 123.46851648, 0.32401638, 0.0 ], [ 123.46851533, 0.32400013, 0.0 ], [ 123.46851377, 0.32397811, 0.0 ], [ 123.46851139, 0.32394471, 0.0 ], [ 123.4685099, 0.32392363, 0.0 ], [ 123.46850886, 0.32390906, 0.0 ], [ 123.46850829, 0.32390099, 0.0 ], [ 123.46851282, 0.3238873, 0.0 ], [ 123.46852081, 0.32386317, 0.0 ], [ 123.46852516, 0.32385003, 0.0 ], [ 123.46853221, 0.32384071, 0.0 ], [ 123.46854452, 0.32382832, 0.0 ], [ 123.46856062, 0.32381415, 0.0 ], [ 123.46857851, 0.32380104, 0.0 ], [ 123.46859718, 0.32378738, 0.0 ], [ 123.46861408, 0.323775, 0.0 ], [ 123.46863253, 0.32376149, 0.0 ], [ 123.46864578, 0.32375179, 0.0 ], [ 123.4686554, 0.32374159, 0.0 ], [ 123.46866289, 0.32372903, 0.0 ], [ 123.46867047, 0.3237163, 0.0 ], [ 123.46867692, 0.32370548, 0.0 ], [ 123.46868701, 0.32369683, 0.0 ], [ 123.46869854, 0.32368944, 0.0 ], [ 123.46872555, 0.32367214, 0.0 ], [ 123.46874396, 0.32366034, 0.0 ], [ 123.46875439, 0.32365366, 0.0 ], [ 123.46876392, 0.32364755, 0.0 ], [ 123.46877124, 0.32364287, 0.0 ], [ 123.46878231, 0.32362879, 0.0 ], [ 123.46878671, 0.32361906, 0.0 ], [ 123.4687961, 0.32359825, 0.0 ], [ 123.46880417, 0.32358037, 0.0 ], [ 123.46881018, 0.32356706, 0.0 ], [ 123.46881526, 0.32355581, 0.0 ], [ 123.46883428, 0.32351598, 0.0 ], [ 123.46885482, 0.32347462, 0.0 ], [ 123.46886923, 0.32344561, 0.0 ], [ 123.46888264, 0.32341861, 0.0 ], [ 123.46889091, 0.32340195, 0.0 ], [ 123.46891095, 0.32336159, 0.0 ], [ 123.46891798, 0.32333405, 0.0 ], [ 123.46892513, 0.32330166, 0.0 ], [ 123.46893246, 0.32329504, 0.0 ], [ 123.4689453, 0.32328714, 0.0 ], [ 123.46896349, 0.32328139, 0.0 ], [ 123.46897977, 0.32327629, 0.0 ], [ 123.46899003, 0.32326913, 0.0 ], [ 123.4690012, 0.32325367, 0.0 ], [ 123.46902624, 0.323219, 0.0 ], [ 123.46904278, 0.32319612, 0.0 ], [ 123.46904972, 0.32318651, 0.0 ], [ 123.46905229, 0.32317583, 0.0 ], [ 123.46905644, 0.32316326, 0.0 ], [ 123.46905644, 0.32315213, 0.0 ], [ 123.46905644, 0.32314976, 0.0 ], [ 123.46905644, 0.32313884, 0.0 ], [ 123.46905644, 0.32313166, 0.0 ], [ 123.46905644, 0.32312484, 0.0 ], [ 123.46905644, 0.32311048, 0.0 ], [ 123.46906457, 0.32309663, 0.0 ], [ 123.46907242, 0.32308873, 0.0 ], [ 123.4690874, 0.32307365, 0.0 ], [ 123.46910137, 0.32305959, 0.0 ], [ 123.46911079, 0.32305105, 0.0 ], [ 123.46912392, 0.32303916, 0.0 ], [ 123.46917054, 0.32299691, 0.0 ], [ 123.46919123, 0.32297816, 0.0 ], [ 123.46920021, 0.32296911, 0.0 ], [ 123.46921772, 0.32295443, 0.0 ], [ 123.46922933, 0.32294469, 0.0 ], [ 123.46924396, 0.32293242, 0.0 ], [ 123.46925413, 0.32292388, 0.0 ], [ 123.46926092, 0.32291873, 0.0 ], [ 123.4692735, 0.32290473, 0.0 ], [ 123.46929712, 0.32288689, 0.0 ], [ 123.46930465, 0.3228812, 0.0 ], [ 123.46931651, 0.32287651, 0.0 ], [ 123.46932993, 0.32287313, 0.0 ], [ 123.469344, 0.32286959, 0.0 ], [ 123.469359, 0.32286959, 0.0 ], [ 123.46937256, 0.32286959, 0.0 ], [ 123.46938361, 0.32286559, 0.0 ], [ 123.46939575, 0.32286272, 0.0 ], [ 123.4694069, 0.32285149, 0.0 ], [ 123.46941559, 0.32284931, 0.0 ], [ 123.46943271, 0.322845, 0.0 ], [ 123.46944647, 0.32284153, 0.0 ], [ 123.46946275, 0.32283744, 0.0 ], [ 123.46947879, 0.3228334, 0.0 ], [ 123.46950698, 0.32282772, 0.0 ], [ 123.46952077, 0.32282494, 0.0 ], [ 123.46953449, 0.32281893, 0.0 ], [ 123.46954761, 0.32281232, 0.0 ], [ 123.46955967, 0.32280625, 0.0 ], [ 123.46957012, 0.32279223, 0.0 ], [ 123.4695809, 0.32277775, 0.0 ], [ 123.46959019, 0.32276955, 0.0 ], [ 123.46961581, 0.32276587, 0.0 ], [ 123.46962924, 0.32276393, 0.0 ], [ 123.46964457, 0.32276173, 0.0 ], [ 123.46966072, 0.3227582, 0.0 ], [ 123.46967323, 0.32275505, 0.0 ], [ 123.46968548, 0.32275196, 0.0 ], [ 123.46970046, 0.32275498, 0.0 ], [ 123.46971294, 0.32275749, 0.0 ], [ 123.4697434, 0.32276362, 0.0 ], [ 123.46977234, 0.32276945, 0.0 ], [ 123.46979429, 0.32277278, 0.0 ], [ 123.46981422, 0.32277564, 0.0 ], [ 123.46983274, 0.32277831, 0.0 ], [ 123.46984797, 0.3227791, 0.0 ], [ 123.46985903, 0.3227791, 0.0 ], [ 123.46987258, 0.32277508, 0.0 ], [ 123.4698818, 0.32277144, 0.0 ], [ 123.46988715, 0.32276605, 0.0 ], [ 123.46990017, 0.32275295, 0.0 ], [ 123.46990896, 0.32274923, 0.0 ], [ 123.4699193, 0.32274291, 0.0 ], [ 123.46993393, 0.32274291, 0.0 ], [ 123.46994784, 0.32274291, 0.0 ], [ 123.46996603, 0.3227429, 0.0 ], [ 123.46998204, 0.3227429, 0.0 ], [ 123.46999154, 0.32273892, 0.0 ], [ 123.47001684, 0.3227283, 0.0 ], [ 123.47003765, 0.32271957, 0.0 ], [ 123.47005447, 0.32271252, 0.0 ], [ 123.4700708, 0.32270566, 0.0 ], [ 123.470084, 0.32270013, 0.0 ], [ 123.47009498, 0.32269424, 0.0 ], [ 123.47011202, 0.3226828, 0.0 ], [ 123.47011683, 0.32267957, 0.0 ], [ 123.47012399, 0.32267056, 0.0 ], [ 123.47013175, 0.3226608, 0.0 ], [ 123.47014379, 0.32264565, 0.0 ], [ 123.47014967, 0.32263825, 0.0 ], [ 123.47015545, 0.32262896, 0.0 ], [ 123.47016372, 0.3226123, 0.0 ], [ 123.47016921, 0.32260124, 0.0 ], [ 123.47017406, 0.32259648, 0.0 ], [ 123.47018547, 0.32259073, 0.0 ], [ 123.47019329, 0.3225845, 0.0 ], [ 123.47019771, 0.32258005, 0.0 ], [ 123.47022467, 0.322571, 0.0 ], [ 123.47025859, 0.32255961, 0.0 ], [ 123.47027474, 0.32255419, 0.0 ], [ 123.47029617, 0.32254936, 0.0 ], [ 123.47031667, 0.32254523, 0.0 ], [ 123.47032698, 0.32254246, 0.0 ], [ 123.47033731, 0.3225383, 0.0 ], [ 123.47035077, 0.32253288, 0.0 ], [ 123.47036845, 0.32252576, 0.0 ], [ 123.47037613, 0.32251802, 0.0 ], [ 123.47038291, 0.3225112, 0.0 ], [ 123.47038642, 0.32250766, 0.0 ], [ 123.47039707, 0.3225023, 0.0 ], [ 123.4704044, 0.32249862, 0.0 ], [ 123.47041487, 0.32248596, 0.0 ], [ 123.47042346, 0.32247558, 0.0 ], [ 123.47043168, 0.32246565, 0.0 ], [ 123.47043966, 0.32245601, 0.0 ], [ 123.47044581, 0.32244858, 0.0 ], [ 123.47044933, 0.32244433, 0.0 ], [ 123.47045516, 0.32244139, 0.0 ], [ 123.47046216, 0.32243787, 0.0 ], [ 123.4704673, 0.32243528, 0.0 ], [ 123.47047756, 0.32243528, 0.0 ], [ 123.4704825, 0.32243528, 0.0 ], [ 123.470487, 0.32243389, 0.0 ], [ 123.47049088, 0.32243077, 0.0 ], [ 123.47049893, 0.32242428, 0.0 ], [ 123.47050858, 0.32241651, 0.0 ], [ 123.47051864, 0.3224084, 0.0 ], [ 123.47052704, 0.32240164, 0.0 ], [ 123.47053181, 0.32239829, 0.0 ], [ 123.47054048, 0.32239392, 0.0 ], [ 123.4705525, 0.32238787, 0.0 ], [ 123.47056414, 0.32238201, 0.0 ], [ 123.47057419, 0.32237695, 0.0 ], [ 123.4705805, 0.32237377, 0.0 ], [ 123.47058875, 0.32237039, 0.0 ], [ 123.47059857, 0.3223671, 0.0 ], [ 123.47060947, 0.32236344, 0.0 ], [ 123.47062293, 0.32235892, 0.0 ], [ 123.47063469, 0.32235498, 0.0 ], [ 123.47064444, 0.32235127, 0.0 ], [ 123.4706653, 0.32234287, 0.0 ], [ 123.47067367, 0.3223395, 0.0 ], [ 123.47067977, 0.32233705, 0.0 ], [ 123.47068297, 0.32233576, 0.0 ], [ 123.47069476, 0.32232728, 0.0 ], [ 123.47070473, 0.32232011, 0.0 ], [ 123.47071473, 0.32231292, 0.0 ], [ 123.47072429, 0.32230604, 0.0 ], [ 123.47073312, 0.32229969, 0.0 ], [ 123.47073944, 0.32229515, 0.0 ], [ 123.47074759, 0.32228879, 0.0 ], [ 123.47075244, 0.3222839, 0.0 ], [ 123.47075486, 0.32228147, 0.0 ], [ 123.47075836, 0.32227442, 0.0 ], [ 123.47076175, 0.3222676, 0.0 ], [ 123.47076839, 0.32226338, 0.0 ], [ 123.47077638, 0.32226338, 0.0 ], [ 123.47078895, 0.32226481, 0.0 ], [ 123.47079839, 0.32226671, 0.0 ], [ 123.47081028, 0.3222691, 0.0 ], [ 123.47082323, 0.32227171, 0.0 ], [ 123.47083091, 0.32227033, 0.0 ], [ 123.47084011, 0.3222657, 0.0 ], [ 123.47084785, 0.32226274, 0.0 ], [ 123.47086076, 0.32226014, 0.0 ], [ 123.47087251, 0.32225778, 0.0 ], [ 123.47088136, 0.32225599, 0.0 ], [ 123.47088966, 0.32225432, 0.0 ], [ 123.47090139, 0.32224989, 0.0 ], [ 123.47091326, 0.32224541, 0.0 ], [ 123.47091972, 0.32224297, 0.0 ], [ 123.47093685, 0.32223651, 0.0 ], [ 123.47095895, 0.32222816, 0.0 ], [ 123.47096361, 0.32222594, 0.0 ], [ 123.47097748, 0.32221756, 0.0 ], [ 123.4709918, 0.3222089, 0.0 ], [ 123.47100025, 0.3222038, 0.0 ], [ 123.47100648, 0.32220004, 0.0 ], [ 123.47101348, 0.32219299, 0.0 ], [ 123.47101928, 0.32218715, 0.0 ], [ 123.47102499, 0.32218428, 0.0 ], [ 123.47103552, 0.32218008, 0.0 ], [ 123.47105689, 0.3221765, 0.0 ], [ 123.47106537, 0.32217507, 0.0 ], [ 123.47107583, 0.32217332, 0.0 ], [ 123.4710831, 0.32216861, 0.0 ], [ 123.47109431, 0.32215845, 0.0 ], [ 123.47111269, 0.3221418, 0.0 ], [ 123.47112507, 0.32213058, 0.0 ], [ 123.4711405, 0.32211659, 0.0 ], [ 123.47115308, 0.3221052, 0.0 ], [ 123.47116344, 0.32209581, 0.0 ], [ 123.47116967, 0.32208859, 0.0 ], [ 123.4711748, 0.32207825, 0.0 ], [ 123.47118366, 0.3220604, 0.0 ], [ 123.47118773, 0.3220522, 0.0 ], [ 123.471185, 0.32204379, 0.0 ], [ 123.471184, 0.32203701, 0.0 ], [ 123.47117864, 0.322031, 0.0 ], [ 123.47117544, 0.32202553, 0.0 ], [ 123.47117183, 0.32201863, 0.0 ], [ 123.47117092, 0.32201368, 0.0 ], [ 123.47117221, 0.32201107, 0.0 ], [ 123.47117583, 0.32200379, 0.0 ], [ 123.47117955, 0.32199864, 0.0 ], [ 123.47118469, 0.32199347, 0.0 ], [ 123.47118821, 0.32198993, 0.0 ], [ 123.47119192, 0.3219862, 0.0 ], [ 123.47119884, 0.32198531, 0.0 ], [ 123.47120626, 0.3219829, 0.0 ], [ 123.47121481, 0.3219829, 0.0 ], [ 123.47122215, 0.3219829, 0.0 ], [ 123.47123683, 0.32198105, 0.0 ], [ 123.47126164, 0.32197793, 0.0 ], [ 123.47127969, 0.32197565, 0.0 ], [ 123.47129404, 0.32197385, 0.0 ], [ 123.47131568, 0.32196949, 0.0 ], [ 123.47133053, 0.3219665, 0.0 ], [ 123.47135204, 0.32196217, 0.0 ], [ 123.47136708, 0.32195914, 0.0 ], [ 123.47137483, 0.32195758, 0.0 ], [ 123.47138197, 0.32195614, 0.0 ], [ 123.47139305, 0.32195575, 0.0 ], [ 123.47139571, 0.32195575, 0.0 ], [ 123.47140104, 0.32195575, 0.0 ], [ 123.47140712, 0.32195575, 0.0 ], [ 123.47141087, 0.32195575, 0.0 ], [ 123.47141462, 0.32195386, 0.0 ], [ 123.47141956, 0.32195137, 0.0 ], [ 123.47142968, 0.32194628, 0.0 ], [ 123.47143706, 0.32194256, 0.0 ], [ 123.47144125, 0.32194045, 0.0 ], [ 123.47144992, 0.32193765, 0.0 ], [ 123.47145848, 0.32193765, 0.0 ], [ 123.47147351, 0.32193765, 0.0 ], [ 123.47148572, 0.32193815, 0.0 ], [ 123.47149519, 0.32193974, 0.0 ], [ 123.47150771, 0.32194184, 0.0 ], [ 123.4715199, 0.32194388, 0.0 ], [ 123.47152992, 0.32194556, 0.0 ], [ 123.47154408, 0.32194297, 0.0 ], [ 123.47155184, 0.32193906, 0.0 ], [ 123.47156142, 0.32193424, 0.0 ], [ 123.47156873, 0.32193056, 0.0 ], [ 123.47157405, 0.32192788, 0.0 ], [ 123.47158166, 0.32192405, 0.0 ], [ 123.47158691, 0.32192141, 0.0 ], [ 123.47159196, 0.32191932, 0.0 ], [ 123.47160291, 0.32191748, 0.0 ], [ 123.47161433, 0.32191557, 0.0 ], [ 123.47162787, 0.3219133, 0.0 ], [ 123.47165572, 0.32190862, 0.0 ], [ 123.4716684, 0.32190649, 0.0 ], [ 123.47167796, 0.32190489, 0.0 ], [ 123.47169351, 0.32190228, 0.0 ], [ 123.47169844, 0.32190145, 0.0 ], [ 123.47171367, 0.32189378, 0.0 ], [ 123.47172044, 0.32189078, 0.0 ], [ 123.47173123, 0.32188643, 0.0 ], [ 123.47176134, 0.32187431, 0.0 ], [ 123.47180456, 0.32185255, 0.0 ], [ 123.47183323, 0.32183812, 0.0 ], [ 123.47187505, 0.3218194, 0.0 ], [ 123.4719316, 0.3217941, 0.0 ], [ 123.47197342, 0.32177538, 0.0 ], [ 123.47198903, 0.3217684, 0.0 ], [ 123.4719926, 0.32176467, 0.0 ], [ 123.47199499, 0.3217595, 0.0 ], [ 123.47199812, 0.32175511, 0.0 ], [ 123.4720039, 0.3217522, 0.0 ], [ 123.47201296, 0.32174764, 0.0 ], [ 123.47202049, 0.32174511, 0.0 ], [ 123.47203179, 0.32174132, 0.0 ], [ 123.47203721, 0.3217395, 0.0 ], [ 123.47204862, 0.32173567, 0.0 ], [ 123.47205912, 0.32173215, 0.0 ], [ 123.47206312, 0.32173081, 0.0 ], [ 123.4720673, 0.32172827, 0.0 ], [ 123.47206877, 0.32172384, 0.0 ], [ 123.47207158, 0.32171534, 0.0 ], [ 123.47207381, 0.32170862, 0.0 ], [ 123.47207523, 0.32170431, 0.0 ], [ 123.47207586, 0.3217024, 0.0 ], [ 123.47208301, 0.32169521, 0.0 ], [ 123.47208805, 0.32169014, 0.0 ], [ 123.47209309, 0.32168506, 0.0 ], [ 123.47209651, 0.32168161, 0.0 ], [ 123.4721033, 0.32168002, 0.0 ], [ 123.47210952, 0.321682, 0.0 ], [ 123.47211199, 0.32168449, 0.0 ], [ 123.47212264, 0.32169521, 0.0 ], [ 123.47212711, 0.32169971, 0.0 ], [ 123.47213184, 0.3217024, 0.0 ], [ 123.47213507, 0.3217024, 0.0 ], [ 123.4721442, 0.3217024, 0.0 ], [ 123.47215086, 0.3217024, 0.0 ], [ 123.47215561, 0.3217024, 0.0 ], [ 123.4721598, 0.3217024, 0.0 ], [ 123.4721636, 0.3217024, 0.0 ], [ 123.47216709, 0.32170137, 0.0 ], [ 123.47217205, 0.32169762, 0.0 ], [ 123.472175, 0.32169539, 0.0 ], [ 123.47218197, 0.32169013, 0.0 ], [ 123.4721883, 0.32168535, 0.0 ], [ 123.47219451, 0.32168066, 0.0 ], [ 123.47220023, 0.32167634, 0.0 ], [ 123.47220593, 0.32167382, 0.0 ], [ 123.47221483, 0.32167084, 0.0 ], [ 123.47222299, 0.3216681, 0.0 ], [ 123.47223013, 0.3216657, 0.0 ], [ 123.47224799, 0.32165971, 0.0 ], [ 123.47225347, 0.32165787, 0.0 ], [ 123.47226035, 0.32165396, 0.0 ], [ 123.47226913, 0.32164807, 0.0 ], [ 123.47227804, 0.32164209, 0.0 ], [ 123.47228976, 0.32163422, 0.0 ], [ 123.47230144, 0.32162639, 0.0 ], [ 123.47230951, 0.32162097, 0.0 ], [ 123.4723234, 0.32161009, 0.0 ], [ 123.47233549, 0.32160062, 0.0 ], [ 123.47234558, 0.32159273, 0.0 ], [ 123.47235531, 0.32158511, 0.0 ], [ 123.47236724, 0.32157576, 0.0 ], [ 123.47239039, 0.32155763, 0.0 ], [ 123.4723933, 0.3215547, 0.0 ], [ 123.47239937, 0.32154859, 0.0 ], [ 123.47240505, 0.32154573, 0.0 ], [ 123.47241342, 0.32154151, 0.0 ], [ 123.47242047, 0.32153681, 0.0 ], [ 123.47243262, 0.32152621, 0.0 ], [ 123.47244312, 0.32151705, 0.0 ], [ 123.47244986, 0.32151116, 0.0 ], [ 123.47245519, 0.32150651, 0.0 ], [ 123.4724824, 0.32148277, 0.0 ], [ 123.47249157, 0.32147478, 0.0 ], [ 123.47250945, 0.32145917, 0.0 ], [ 123.47251709, 0.32145251, 0.0 ], [ 123.47253612, 0.3214359, 0.0 ], [ 123.47254866, 0.32142496, 0.0 ], [ 123.47255214, 0.32142192, 0.0 ], [ 123.472563, 0.32141463, 0.0 ], [ 123.4725742, 0.32140712, 0.0 ], [ 123.47258728, 0.32139834, 0.0 ], [ 123.47259597, 0.3213925, 0.0 ], [ 123.47260146, 0.32139161, 0.0 ], [ 123.47260717, 0.32139123, 0.0 ], [ 123.47261286, 0.32139258, 0.0 ], [ 123.47262, 0.32139145, 0.0 ], [ 123.47262961, 0.321385, 0.0 ], [ 123.47263475, 0.32138155, 0.0 ], [ 123.47263866, 0.32137893, 0.0 ], [ 123.472642, 0.32137668, 0.0 ], [ 123.47264769, 0.32137668, 0.0 ], [ 123.47265099, 0.32137169, 0.0 ], [ 123.47265739, 0.32136763, 0.0 ], [ 123.47266347, 0.32136763, 0.0 ], [ 123.47267165, 0.32136763, 0.0 ], [ 123.47267679, 0.32136441, 0.0 ], [ 123.47268401, 0.32136153, 0.0 ], [ 123.47268886, 0.32135665, 0.0 ], [ 123.47269495, 0.32135052, 0.0 ], [ 123.47270179, 0.32134363, 0.0 ], [ 123.47270738, 0.32134008, 0.0 ], [ 123.47271784, 0.32133832, 0.0 ], [ 123.47273998, 0.3213346, 0.0 ], [ 123.47274779, 0.3213333, 0.0 ], [ 123.47275263, 0.32133248, 0.0 ], [ 123.47275649, 0.32132975, 0.0 ], [ 123.47276227, 0.32132729, 0.0 ], [ 123.47276613, 0.32132262, 0.0 ], [ 123.47277076, 0.32131702, 0.0 ], [ 123.4727779, 0.32130839, 0.0 ], [ 123.47278294, 0.32130231, 0.0 ], [ 123.47278868, 0.32129538, 0.0 ], [ 123.47279363, 0.32128939, 0.0 ], [ 123.47279865, 0.32128332, 0.0 ], [ 123.47280235, 0.32127886, 0.0 ], [ 123.47280741, 0.32127495, 0.0 ], [ 123.47281544, 0.3212701, 0.0 ], [ 123.4728398, 0.32125538, 0.0 ], [ 123.47284685, 0.32125113, 0.0 ], [ 123.4728479, 0.32125049, 0.0 ], [ 123.47284869, 0.32125001, 0.0 ], [ 123.4728503, 0.32124839, 0.0 ], [ 123.47286157, 0.32123704, 0.0 ], [ 123.47286446, 0.32123414, 0.0 ], [ 123.47286666, 0.32123192, 0.0 ], [ 123.47287912, 0.32121728, 0.0 ], [ 123.47289101, 0.32120331, 0.0 ], [ 123.47290514, 0.32118673, 0.0 ], [ 123.47291654, 0.32117334, 0.0 ], [ 123.47291812, 0.32117147, 0.0 ], [ 123.47291911, 0.32117031, 0.0 ], [ 123.47291982, 0.32116948, 0.0 ], [ 123.47292058, 0.32116859, 0.0 ], [ 123.47292102, 0.3211677, 0.0 ], [ 123.47292754, 0.32115458, 0.0 ], [ 123.47293326, 0.32114306, 0.0 ], [ 123.47293594, 0.32113766, 0.0 ], [ 123.47293736, 0.32113478, 0.0 ], [ 123.47293815, 0.32113321, 0.0 ], [ 123.47293943, 0.32113152, 0.0 ], [ 123.47294149, 0.32112943, 0.0 ], [ 123.47294991, 0.32112096, 0.0 ], [ 123.47296074, 0.32111006, 0.0 ], [ 123.47296242, 0.32110837, 0.0 ], [ 123.47296412, 0.32110664, 0.0 ], [ 123.47296469, 0.32110599, 0.0 ], [ 123.47296512, 0.3211052, 0.0 ], [ 123.47296548, 0.3211042, 0.0 ], [ 123.47296548, 0.3211024, 0.0 ], [ 123.47296541, 0.32109493, 0.0 ], [ 123.47296555, 0.321081, 0.0 ], [ 123.47296555, 0.32107942, 0.0 ], [ 123.47296576, 0.32107878, 0.0 ], [ 123.47296598, 0.32107777, 0.0 ], [ 123.47296676, 0.32107691, 0.0 ], [ 123.47297282, 0.32107081, 0.0 ], [ 123.47298724, 0.32105624, 0.0 ], [ 123.47298981, 0.32105365, 0.0 ], [ 123.47299141, 0.32105203, 0.0 ], [ 123.47299418, 0.32105011, 0.0 ], [ 123.47299763, 0.32104837, 0.0 ], [ 123.47300896, 0.32104267, 0.0 ], [ 123.47303256, 0.32103079, 0.0 ], [ 123.47305298, 0.32102051, 0.0 ], [ 123.47306214, 0.3210159, 0.0 ], [ 123.47306497, 0.32101437, 0.0 ], [ 123.47306915, 0.32101157, 0.0 ], [ 123.47307703, 0.32100627, 0.0 ], [ 123.47308322, 0.32100212, 0.0 ], [ 123.47308676, 0.32099974, 0.0 ], [ 123.4730902, 0.32099744, 0.0 ], [ 123.47309306, 0.3209961, 0.0 ], [ 123.47309787, 0.32099449, 0.0 ], [ 123.47310743, 0.32099128, 0.0 ], [ 123.47311827, 0.32098764, 0.0 ], [ 123.47312892, 0.32098496, 0.0 ], [ 123.47313641, 0.3209795, 0.0 ], [ 123.47314021, 0.32097663, 0.0 ], [ 123.47314354, 0.32097328, 0.0 ], [ 123.47314781, 0.32096738, 0.0 ], [ 123.47315756, 0.3209592, 0.0 ], [ 123.47316933, 0.32094933, 0.0 ], [ 123.47319187, 0.32093041, 0.0 ], [ 123.47320842, 0.32091731, 0.0 ], [ 123.47321823, 0.3209099, 0.0 ], [ 123.47322619, 0.32090389, 0.0 ], [ 123.4732351, 0.32089716, 0.0 ], [ 123.47324722, 0.32088496, 0.0 ], [ 123.47325542, 0.3208767, 0.0 ], [ 123.47325994, 0.32087215, 0.0 ], [ 123.47326205, 0.32086604, 0.0 ], [ 123.4732635, 0.32085842, 0.0 ], [ 123.47327933, 0.32083053, 0.0 ], [ 123.47328798, 0.32081529, 0.0 ], [ 123.47329609, 0.32080101, 0.0 ], [ 123.47330067, 0.32079023, 0.0 ], [ 123.47330455, 0.32077949, 0.0 ], [ 123.47330991, 0.32076467, 0.0 ], [ 123.47331293, 0.32075629, 0.0 ], [ 123.47332088, 0.32073428, 0.0 ], [ 123.47333162, 0.32070455, 0.0 ], [ 123.47333394, 0.32069813, 0.0 ], [ 123.47333614, 0.3206937, 0.0 ], [ 123.47333947, 0.32068699, 0.0 ], [ 123.47334108, 0.32068374, 0.0 ], [ 123.47334292, 0.32067573, 0.0 ], [ 123.47334292, 0.32066736, 0.0 ], [ 123.47334292, 0.32066209, 0.0 ], [ 123.47334292, 0.32064701, 0.0 ], [ 123.47334292, 0.32063073, 0.0 ], [ 123.47334292, 0.32062116, 0.0 ], [ 123.47334292, 0.32061422, 0.0 ], [ 123.47334634, 0.32060943, 0.0 ], [ 123.47334827, 0.32060227, 0.0 ], [ 123.47335191, 0.32059861, 0.0 ], [ 123.47335276, 0.3205943, 0.0 ], [ 123.47335465, 0.32058482, 0.0 ], [ 123.47335721, 0.32057188, 0.0 ], [ 123.47335921, 0.32056185, 0.0 ], [ 123.47336009, 0.32055738, 0.0 ], [ 123.47336465, 0.32054959, 0.0 ], [ 123.47336988, 0.32054432, 0.0 ], [ 123.47338563, 0.32053243, 0.0 ], [ 123.47339776, 0.32052327, 0.0 ], [ 123.47341736, 0.32050847, 0.0 ], [ 123.47344177, 0.32049004, 0.0 ], [ 123.47344924, 0.32048628, 0.0 ], [ 123.47345466, 0.32048355, 0.0 ], [ 123.47345751, 0.32048211, 0.0 ], [ 123.47346168, 0.32047758, 0.0 ], [ 123.4734655, 0.32047085, 0.0 ], [ 123.47347127, 0.32046067, 0.0 ], [ 123.47348488, 0.3204367, 0.0 ], [ 123.47348547, 0.32043566, 0.0 ], [ 123.47349221, 0.32042378, 0.0 ], [ 123.47349704, 0.32041649, 0.0 ], [ 123.47350456, 0.32041, 0.0 ], [ 123.47350879, 0.32040635, 0.0 ], [ 123.47352829, 0.32038952, 0.0 ], [ 123.4735563, 0.32036535, 0.0 ], [ 123.47356226, 0.32035967, 0.0 ], [ 123.47356757, 0.32035433, 0.0 ], [ 123.47357265, 0.32034581, 0.0 ], [ 123.47357804, 0.32033676, 0.0 ], [ 123.47358954, 0.32031747, 0.0 ], [ 123.47359254, 0.32031243, 0.0 ], [ 123.47359702, 0.32030658, 0.0 ], [ 123.47360832, 0.32029521, 0.0 ], [ 123.47361795, 0.32028552, 0.0 ], [ 123.47363544, 0.3202679, 0.0 ], [ 123.47364087, 0.32026244, 0.0 ], [ 123.47364572, 0.32025756, 0.0 ], [ 123.47364664, 0.32025717, 0.0 ], [ 123.47370611, 0.32030333, 0.0 ], [ 123.47419813, 0.3206521, 0.0 ], [ 123.47466295, 0.32102229, 0.0 ], [ 123.4749231, 0.32119795, 0.0 ], [ 123.47524165, 0.32124857, 0.0 ], [ 123.47530542, 0.32124856, 0.0 ], [ 123.47530542, 0.32134105, 0.0 ], [ 123.4744071, 0.32134105, 0.0 ], [ 123.4744071, 0.32314976, 0.0 ], [ 123.47350879, 0.32314976, 0.0 ], [ 123.47350879, 0.32405412, 0.0 ], [ 123.47261047, 0.32405412, 0.0 ], [ 123.47261047, 0.32495847, 0.0 ], [ 123.46991553, 0.32495847, 0.0 ], [ 123.46991553, 0.32586283, 0.0 ], [ 123.46901721, 0.32586283, 0.0 ], [ 123.46901721, 0.32676718, 0.0 ], [ 123.46722058, 0.32676718, 0.0 ], [ 123.46722058, 0.32857589, 0.0 ], [ 123.46632227, 0.32857589, 0.0 ], [ 123.46632227, 0.32948025, 0.0 ], [ 123.46542395, 0.32948025, 0.0 ], [ 123.46542395, 0.33128896, 0.0 ], [ 123.46632227, 0.33128896, 0.0 ], [ 123.46632227, 0.33400202, 0.0 ], [ 123.46542395, 0.33400202, 0.0 ], [ 123.46542395, 0.33490637, 0.0 ], [ 123.46452564, 0.33490637, 0.0 ], [ 123.46452564, 0.33581073, 0.0 ], [ 123.46362732, 0.33581073, 0.0 ], [ 123.46362732, 0.33761943, 0.0 ], [ 123.46272901, 0.33761943, 0.0 ], [ 123.46272901, 0.33852379, 0.0 ], [ 123.46183069, 0.33852379, 0.0 ], [ 123.46183069, 0.33942814, 0.0 ], [ 123.45733911, 0.33942814, 0.0 ], [ 123.45733911, 0.33852379, 0.0 ], [ 123.4564408, 0.33852379, 0.0 ], [ 123.4564408, 0.33761943, 0.0 ], [ 123.45554248, 0.33761943, 0.0 ], [ 123.45554248, 0.33671508, 0.0 ], [ 123.45464417, 0.33671508, 0.0 ], [ 123.45464417, 0.33581073, 0.0 ], [ 123.45284754, 0.33581073, 0.0 ], [ 123.45284754, 0.33490637, 0.0 ], [ 123.45194922, 0.33490637, 0.0 ], [ 123.45194922, 0.33400202, 0.0 ], [ 123.45105091, 0.33400202, 0.0 ], [ 123.45105091, 0.33309766, 0.0 ], [ 123.44925428, 0.33309766, 0.0 ], [ 123.44925428, 0.33219331, 0.0 ], [ 123.44745765, 0.33219331, 0.0 ], [ 123.44745765, 0.33128896, 0.0 ], [ 123.44655933, 0.33128896, 0.0 ], [ 123.44655933, 0.3303846, 0.0 ], [ 123.4447627, 0.3303846, 0.0 ], [ 123.4447627, 0.32948025, 0.0 ], [ 123.44386439, 0.32948025, 0.0 ], [ 123.44386439, 0.32857589, 0.0 ], [ 123.44296607, 0.32857589, 0.0 ], [ 123.44296607, 0.32767154, 0.0 ], [ 123.44206775, 0.32767154, 0.0 ], [ 123.44206775, 0.32676718, 0.0 ], [ 123.44116944, 0.32676718, 0.0 ], [ 123.44116944, 0.32586283, 0.0 ], [ 123.44027112, 0.32586283, 0.0 ], [ 123.44027112, 0.32314976, 0.0 ], [ 123.43937281, 0.32314976, 0.0 ], [ 123.43937281, 0.32224541, 0.0 ], [ 123.43847449, 0.32224541, 0.0 ], [ 123.43847449, 0.32134105, 0.0 ], [ 123.43757618, 0.32134105, 0.0 ], [ 123.43757618, 0.3204367, 0.0 ], [ 123.43577955, 0.3204367, 0.0 ], [ 123.43577955, 0.31953234, 0.0 ], [ 123.43488123, 0.31953234, 0.0 ], [ 123.43488123, 0.31862799, 0.0 ], [ 123.43398292, 0.31862799, 0.0 ], [ 123.43398292, 0.31772363, 0.0 ], [ 123.42949134, 0.31772363, 0.0 ], [ 123.42949134, 0.31607703, 0.0 ] ] ] } }
]
}
