{
"type": "FeatureCollection",
"name": "rawan_banjir",
"features": [
{ "type": "Feature", "properties": { "gridcode": 3, "Bhy_Bjr": "Tinggi", "Luas_Ha": 0.99999999996, "SMBR_DATA": "Badan Nasional Penanggulangan Bencana (BNPB), 2015", "WADMPR": "Gorontalo" }, "geometry": { "type": "Polygon", "coordinates": [ [ [ 123.0800467, 0.64911101, 0.0 ], [ 123.0800467, 0.65000927, 0.0 ], [ 123.07914838, 0.65000927, 0.0 ], [ 123.07914838, 0.64911101, 0.0 ], [ 123.0800467, 0.64911101, 0.0 ] ] ] } },
{ "type": "Feature", "properties": { "gridcode": 2, "Bhy_Bjr": "Sedang", "Luas_Ha": 1.00000000003, "SMBR_DATA": "Badan Nasional Penanggulangan Bencana (BNPB), 2015", "WADMPR": "Gorontalo" }, "geometry": { "type": "Polygon", "coordinates": [ [ [ 123.08184333, 0.64641624, 0.0 ], [ 123.08184333, 0.6473145, 0.0 ], [ 123.08094501, 0.6473145, 0.0 ], [ 123.08094501, 0.64641624, 0.0 ], [ 123.08184333, 0.64641624, 0.0 ] ] ] } },
{ "type": "Feature", "properties": { "gridcode": 2, "Bhy_Bjr": "Sedang", "Luas_Ha": 9.00000000012, "SMBR_DATA": "Badan Nasional Penanggulangan Bencana (BNPB), 2015", "WADMPR": "Gorontalo" }, "geometry": { "type": "Polygon", "coordinates": [ [ [ 123.08274164, 0.64282321, 0.0 ], [ 123.08274164, 0.64372147, 0.0 ], [ 123.08363996, 0.64372147, 0.0 ], [ 123.08363996, 0.64551798, 0.0 ], [ 123.08274164, 0.64551798, 0.0 ], [ 123.08274164, 0.64641624, 0.0 ], [ 123.08184333, 0.64641624, 0.0 ], [ 123.08184333, 0.64551798, 0.0 ], [ 123.08094501, 0.64551798, 0.0 ], [ 123.08094501, 0.64282321, 0.0 ], [ 123.08274164, 0.64282321, 0.0 ] ] ] } },
{ "type": "Feature", "properties": { "gridcode": 3, "Bhy_Bjr": "Tinggi", "Luas_Ha": 0.99999999994, "SMBR_DATA": "Badan Nasional Penanggulangan Bencana (BNPB), 2015", "WADMPR": "Gorontalo" }, "geometry": { "type": "Polygon", "coordinates": [ [ [ 123.09082648, 0.64012843, 0.0 ], [ 123.09172479, 0.64012843, 0.0 ], [ 123.09172479, 0.64102669, 0.0 ], [ 123.09082648, 0.64102669, 0.0 ], [ 123.09082648, 0.64012843, 0.0 ] ] ] } },
{ "type": "Feature", "properties": { "gridcode": 2, "Bhy_Bjr": "Sedang", "Luas_Ha": 0.99999999996, "SMBR_DATA": "Badan Nasional Penanggulangan Bencana (BNPB), 2015", "WADMPR": "Gorontalo" }, "geometry": { "type": "Polygon", "coordinates": [ [ [ 123.08992816, 0.63923017, 0.0 ], [ 123.09082648, 0.63923017, 0.0 ], [ 123.09082648, 0.64012843, 0.0 ], [ 123.08992816, 0.64012843, 0.0 ], [ 123.08992816, 0.63923017, 0.0 ] ] ] } },
{ "type": "Feature", "properties": { "gridcode": 3, "Bhy_Bjr": "Tinggi", "Luas_Ha": 37.999999999899998, "SMBR_DATA": "Badan Nasional Penanggulangan Bencana (BNPB), 2015", "WADMPR": "Gorontalo" }, "geometry": { "type": "Polygon", "coordinates": [ [ [ 123.08543659, 0.64551798, 0.0 ], [ 123.08543659, 0.64606865, 0.0 ], [ 123.08543659, 0.6473145, 0.0 ], [ 123.08453827, 0.6473145, 0.0 ], [ 123.08453827, 0.64911101, 0.0 ], [ 123.08399544, 0.64911101, 0.0 ], [ 123.08274164, 0.64911101, 0.0 ], [ 123.08274164, 0.64821276, 0.0 ], [ 123.08184333, 0.64821276, 0.0 ], [ 123.08184333, 0.64911101, 0.0 ], [ 123.0800467, 0.64911101, 0.0 ], [ 123.0800467, 0.64821276, 0.0 ], [ 123.08094501, 0.64821276, 0.0 ], [ 123.08094501, 0.6473145, 0.0 ], [ 123.08184333, 0.6473145, 0.0 ], [ 123.08184333, 0.64641624, 0.0 ], [ 123.08274164, 0.64641624, 0.0 ], [ 123.08274164, 0.64551798, 0.0 ], [ 123.08363996, 0.64551798, 0.0 ], [ 123.08363996, 0.64372147, 0.0 ], [ 123.08274164, 0.64372147, 0.0 ], [ 123.08274164, 0.64282321, 0.0 ], [ 123.08274164, 0.64128846, 0.0 ], [ 123.08274164, 0.64102669, 0.0 ], [ 123.08363996, 0.64102669, 0.0 ], [ 123.08363996, 0.63923017, 0.0 ], [ 123.08453827, 0.63923017, 0.0 ], [ 123.08453827, 0.63743365, 0.0 ], [ 123.08543659, 0.63743365, 0.0 ], [ 123.08543659, 0.63653539, 0.0 ], [ 123.0863349, 0.63653539, 0.0 ], [ 123.0863349, 0.64191976, 0.0 ], [ 123.0863349, 0.64192495, 0.0 ], [ 123.0863341, 0.64192495, 0.0 ], [ 123.08543659, 0.64192495, 0.0 ], [ 123.08543659, 0.64358022, 0.0 ], [ 123.08543659, 0.64372147, 0.0 ], [ 123.08453827, 0.64372147, 0.0 ], [ 123.08453827, 0.64551798, 0.0 ], [ 123.08543659, 0.64551798, 0.0 ] ] ] } },
{ "type": "Feature", "properties": { "gridcode": 1, "Bhy_Bjr": "Rendah", "Luas_Ha": 5.00000000007, "SMBR_DATA": "Badan Nasional Penanggulangan Bencana (BNPB), 2015", "WADMPR": "Gorontalo" }, "geometry": { "type": "Polygon", "coordinates": [ [ [ 123.08992816, 0.63473887, 0.0 ], [ 123.08992816, 0.63653539, 0.0 ], [ 123.09082648, 0.63653539, 0.0 ], [ 123.09082648, 0.63743365, 0.0 ], [ 123.08992816, 0.63743365, 0.0 ], [ 123.08902985, 0.63743365, 0.0 ], [ 123.08902985, 0.63653539, 0.0 ], [ 123.08813153, 0.63653539, 0.0 ], [ 123.08813153, 0.63563713, 0.0 ], [ 123.08902985, 0.63563713, 0.0 ], [ 123.08902985, 0.63473887, 0.0 ], [ 123.08992816, 0.63473887, 0.0 ] ] ] } },
{ "type": "Feature", "properties": { "gridcode": 1, "Bhy_Bjr": "Rendah", "Luas_Ha": 0.99999999988999999, "SMBR_DATA": "Badan Nasional Penanggulangan Bencana (BNPB), 2015", "WADMPR": "Gorontalo" }, "geometry": { "type": "Polygon", "coordinates": [ [ [ 123.08992816, 0.63384061, 0.0 ], [ 123.09082648, 0.63384061, 0.0 ], [ 123.09082648, 0.63473887, 0.0 ], [ 123.08992816, 0.63473887, 0.0 ], [ 123.08992816, 0.63384061, 0.0 ] ] ] } },
{ "type": "Feature", "properties": { "gridcode": 2, "Bhy_Bjr": "Sedang", "Luas_Ha": 6.00000000014, "SMBR_DATA": "Badan Nasional Penanggulangan Bencana (BNPB), 2015", "WADMPR": "Gorontalo" }, "geometry": { "type": "Polygon", "coordinates": [ [ [ 123.07914838, 0.62934931, 0.0 ], [ 123.07914838, 0.63294235, 0.0 ], [ 123.07825006, 0.63294235, 0.0 ], [ 123.07825006, 0.63204409, 0.0 ], [ 123.07735175, 0.63204409, 0.0 ], [ 123.07735175, 0.63024757, 0.0 ], [ 123.07825006, 0.63024757, 0.0 ], [ 123.07825006, 0.62934931, 0.0 ], [ 123.07914838, 0.62934931, 0.0 ] ] ] } },
{ "type": "Feature", "properties": { "gridcode": 2, "Bhy_Bjr": "Sedang", "Luas_Ha": 71.000000000399993, "SMBR_DATA": "Badan Nasional Penanggulangan Bencana (BNPB), 2015", "WADMPR": "Gorontalo" }, "geometry": { "type": "Polygon", "coordinates": [ [ [ 123.08992816, 0.63923017, 0.0 ], [ 123.08902985, 0.63923017, 0.0 ], [ 123.08902985, 0.63833191, 0.0 ], [ 123.08813153, 0.63833191, 0.0 ], [ 123.08813153, 0.63923017, 0.0 ], [ 123.08777875, 0.63923017, 0.0 ], [ 123.08723322, 0.63923017, 0.0 ], [ 123.08723322, 0.63965565, 0.0 ], [ 123.08723322, 0.64282321, 0.0 ], [ 123.0863349, 0.64282321, 0.0 ], [ 123.0863349, 0.64551798, 0.0 ], [ 123.08585148, 0.64551798, 0.0 ], [ 123.08543659, 0.64551798, 0.0 ], [ 123.08453827, 0.64551798, 0.0 ], [ 123.08453827, 0.64372147, 0.0 ], [ 123.08543659, 0.64372147, 0.0 ], [ 123.08543659, 0.64358022, 0.0 ], [ 123.08543659, 0.64192495, 0.0 ], [ 123.0863341, 0.64192495, 0.0 ], [ 123.0863349, 0.64192495, 0.0 ], [ 123.0863349, 0.64191976, 0.0 ], [ 123.0863349, 0.63653539, 0.0 ], [ 123.08543659, 0.63653539, 0.0 ], [ 123.08543659, 0.63384061, 0.0 ], [ 123.08453827, 0.63384061, 0.0 ], [ 123.08453827, 0.63294235, 0.0 ], [ 123.08363996, 0.63294235, 0.0 ], [ 123.08363996, 0.63204409, 0.0 ], [ 123.08184333, 0.63204409, 0.0 ], [ 123.08184333, 0.63119742, 0.0 ], [ 123.08184333, 0.62934931, 0.0 ], [ 123.0825475, 0.62934931, 0.0 ], [ 123.08274164, 0.62934931, 0.0 ], [ 123.08274164, 0.62869931, 0.0 ], [ 123.08274164, 0.62845105, 0.0 ], [ 123.08305492, 0.62845105, 0.0 ], [ 123.08323874, 0.62845105, 0.0 ], [ 123.08363996, 0.62845105, 0.0 ], [ 123.08543659, 0.62845105, 0.0 ], [ 123.08543659, 0.62934931, 0.0 ], [ 123.08723322, 0.62934931, 0.0 ], [ 123.08723322, 0.63024757, 0.0 ], [ 123.08902985, 0.63024757, 0.0 ], [ 123.08902985, 0.63114583, 0.0 ], [ 123.08992816, 0.63114583, 0.0 ], [ 123.08992816, 0.63384061, 0.0 ], [ 123.08992816, 0.63473887, 0.0 ], [ 123.08902985, 0.63473887, 0.0 ], [ 123.08902985, 0.63563713, 0.0 ], [ 123.08813153, 0.63563713, 0.0 ], [ 123.08813153, 0.63653539, 0.0 ], [ 123.08902985, 0.63653539, 0.0 ], [ 123.08902985, 0.63743365, 0.0 ], [ 123.08992816, 0.63743365, 0.0 ], [ 123.08992816, 0.63923017, 0.0 ] ] ] } },
{ "type": "Feature", "properties": { "gridcode": 1, "Bhy_Bjr": "Rendah", "Luas_Ha": 5.99999999993, "SMBR_DATA": "Badan Nasional Penanggulangan Bencana (BNPB), 2015", "WADMPR": "Gorontalo" }, "geometry": { "type": "Polygon", "coordinates": [ [ [ 123.06926691, 0.62036669, 0.0 ], [ 123.06926691, 0.62126495, 0.0 ], [ 123.0683686, 0.62126495, 0.0 ], [ 123.0683686, 0.62306148, 0.0 ], [ 123.06567365, 0.62306148, 0.0 ], [ 123.06567365, 0.62216321, 0.0 ], [ 123.06747028, 0.62216321, 0.0 ], [ 123.06747028, 0.62036669, 0.0 ], [ 123.06926691, 0.62036669, 0.0 ] ] ] } },
{ "type": "Feature", "properties": { "gridcode": 2, "Bhy_Bjr": "Sedang", "Luas_Ha": 1.00000000003, "SMBR_DATA": "Badan Nasional Penanggulangan Bencana (BNPB), 2015", "WADMPR": "Gorontalo" }, "geometry": { "type": "Polygon", "coordinates": [ [ [ 123.08274164, 0.62036669, 0.0 ], [ 123.08363996, 0.62036669, 0.0 ], [ 123.08363996, 0.62126495, 0.0 ], [ 123.08274164, 0.62126495, 0.0 ], [ 123.08274164, 0.62036669, 0.0 ] ] ] } },
{ "type": "Feature", "properties": { "gridcode": 1, "Bhy_Bjr": "Rendah", "Luas_Ha": 1.00000000003, "SMBR_DATA": "Badan Nasional Penanggulangan Bencana (BNPB), 2015", "WADMPR": "Gorontalo" }, "geometry": { "type": "Polygon", "coordinates": [ [ [ 123.07016523, 0.61946843, 0.0 ], [ 123.07016523, 0.62036669, 0.0 ], [ 123.06926691, 0.62036669, 0.0 ], [ 123.06926691, 0.61946843, 0.0 ], [ 123.07016523, 0.61946843, 0.0 ] ] ] } },
{ "type": "Feature", "properties": { "gridcode": 1, "Bhy_Bjr": "Rendah", "Luas_Ha": 74.999999999600007, "SMBR_DATA": "Badan Nasional Penanggulangan Bencana (BNPB), 2015", "WADMPR": "Gorontalo" }, "geometry": { "type": "Polygon", "coordinates": [ [ [ 123.08184333, 0.63204409, 0.0 ], [ 123.0809912, 0.63204409, 0.0 ], [ 123.08094501, 0.63204409, 0.0 ], [ 123.08094501, 0.63207752, 0.0 ], [ 123.08094501, 0.63294235, 0.0 ], [ 123.07948795, 0.63294235, 0.0 ], [ 123.07914838, 0.63294235, 0.0 ], [ 123.07914838, 0.62934931, 0.0 ], [ 123.07914838, 0.62845105, 0.0 ], [ 123.07735175, 0.62845105, 0.0 ], [ 123.07735175, 0.62755279, 0.0 ], [ 123.07645343, 0.62755279, 0.0 ], [ 123.07645343, 0.62665452, 0.0 ], [ 123.0746568, 0.62665452, 0.0 ], [ 123.0746568, 0.62575626, 0.0 ], [ 123.07375849, 0.62575626, 0.0 ], [ 123.07375849, 0.624858, 0.0 ], [ 123.07286017, 0.624858, 0.0 ], [ 123.07286017, 0.62395974, 0.0 ], [ 123.07196186, 0.62395974, 0.0 ], [ 123.07196186, 0.62036669, 0.0 ], [ 123.07106354, 0.62036669, 0.0 ], [ 123.07106354, 0.61946843, 0.0 ], [ 123.07016523, 0.61946843, 0.0 ], [ 123.07016523, 0.61857016, 0.0 ], [ 123.07106354, 0.61857016, 0.0 ], [ 123.07106354, 0.61764032, 0.0 ], [ 123.07106354, 0.61677364, 0.0 ], [ 123.07286017, 0.61677364, 0.0 ], [ 123.07286017, 0.61760017, 0.0 ], [ 123.07286017, 0.6176719, 0.0 ], [ 123.07412009, 0.6176719, 0.0 ], [ 123.07555512, 0.6176719, 0.0 ], [ 123.07555512, 0.62306148, 0.0 ], [ 123.07645343, 0.62306148, 0.0 ], [ 123.07645343, 0.62395974, 0.0 ], [ 123.07735175, 0.62395974, 0.0 ], [ 123.07735175, 0.624858, 0.0 ], [ 123.07713469, 0.624858, 0.0 ], [ 123.07645343, 0.624858, 0.0 ], [ 123.07645343, 0.62575626, 0.0 ], [ 123.07735175, 0.62575626, 0.0 ], [ 123.07735175, 0.62502722, 0.0 ], [ 123.07735175, 0.624858, 0.0 ], [ 123.07825006, 0.624858, 0.0 ], [ 123.07825006, 0.6257314, 0.0 ], [ 123.07825006, 0.62665452, 0.0 ], [ 123.07914838, 0.62665452, 0.0 ], [ 123.07914838, 0.62755279, 0.0 ], [ 123.08094501, 0.62755279, 0.0 ], [ 123.08094501, 0.62738267, 0.0 ], [ 123.08094501, 0.62665452, 0.0 ], [ 123.08363996, 0.62665452, 0.0 ], [ 123.08363996, 0.62790461, 0.0 ], [ 123.08363996, 0.62845105, 0.0 ], [ 123.08323874, 0.62845105, 0.0 ], [ 123.08305492, 0.62845105, 0.0 ], [ 123.08274164, 0.62845105, 0.0 ], [ 123.08274164, 0.62869931, 0.0 ], [ 123.08274164, 0.62934931, 0.0 ], [ 123.0825475, 0.62934931, 0.0 ], [ 123.08184333, 0.62934931, 0.0 ], [ 123.08184333, 0.63119742, 0.0 ], [ 123.08184333, 0.63204409, 0.0 ] ], [ [ 123.07375849, 0.61946843, 0.0 ], [ 123.0746568, 0.61946843, 0.0 ], [ 123.0746568, 0.61857016, 0.0 ], [ 123.07375849, 0.61857016, 0.0 ], [ 123.07375849, 0.61946843, 0.0 ] ] ] } },
{ "type": "Feature", "properties": { "gridcode": 3, "Bhy_Bjr": "Tinggi", "Luas_Ha": 28.999999999900002, "SMBR_DATA": "Badan Nasional Penanggulangan Bencana (BNPB), 2015", "WADMPR": "Gorontalo" }, "geometry": { "type": "Polygon", "coordinates": [ [ [ 123.08363996, 0.62126495, 0.0 ], [ 123.08453827, 0.62126495, 0.0 ], [ 123.08453827, 0.62395974, 0.0 ], [ 123.08184333, 0.62395974, 0.0 ], [ 123.08184333, 0.62306148, 0.0 ], [ 123.07914838, 0.62306148, 0.0 ], [ 123.07914838, 0.62036669, 0.0 ], [ 123.07825006, 0.62036669, 0.0 ], [ 123.07825006, 0.61946843, 0.0 ], [ 123.07914838, 0.61946843, 0.0 ], [ 123.07914838, 0.6176719, 0.0 ], [ 123.0800467, 0.6176719, 0.0 ], [ 123.0800467, 0.61677364, 0.0 ], [ 123.08094501, 0.61677364, 0.0 ], [ 123.08094501, 0.61857016, 0.0 ], [ 123.08184333, 0.61857016, 0.0 ], [ 123.08184333, 0.62036669, 0.0 ], [ 123.08274164, 0.62036669, 0.0 ], [ 123.08274164, 0.62126495, 0.0 ], [ 123.08363996, 0.62126495, 0.0 ] ] ] } },
{ "type": "Feature", "properties": { "gridcode": 2, "Bhy_Bjr": "Sedang", "Luas_Ha": 6.99999999993, "SMBR_DATA": "Badan Nasional Penanggulangan Bencana (BNPB), 2015", "WADMPR": "Gorontalo" }, "geometry": { "type": "Polygon", "coordinates": [ [ [ 123.08094501, 0.61677364, 0.0 ], [ 123.08274164, 0.61677364, 0.0 ], [ 123.08274164, 0.6176719, 0.0 ], [ 123.08363996, 0.6176719, 0.0 ], [ 123.08363996, 0.61857016, 0.0 ], [ 123.08274164, 0.61857016, 0.0 ], [ 123.08274164, 0.62036669, 0.0 ], [ 123.08184333, 0.62036669, 0.0 ], [ 123.08184333, 0.61857016, 0.0 ], [ 123.08094501, 0.61857016, 0.0 ], [ 123.08094501, 0.61677364, 0.0 ] ] ] } },
{ "type": "Feature", "properties": { "gridcode": 1, "Bhy_Bjr": "Rendah", "Luas_Ha": 63.000000000100002, "SMBR_DATA": "Badan Nasional Penanggulangan Bencana (BNPB), 2015", "WADMPR": "Gorontalo" }, "geometry": { "type": "Polygon", "coordinates": [ [ [ 123.09441974, 0.6176719, 0.0 ], [ 123.09441974, 0.61818083, 0.0 ], [ 123.09441974, 0.61946843, 0.0 ], [ 123.09621637, 0.61946843, 0.0 ], [ 123.09621637, 0.62036669, 0.0 ], [ 123.09711469, 0.62036669, 0.0 ], [ 123.09711469, 0.62126495, 0.0 ], [ 123.098013, 0.62126495, 0.0 ], [ 123.098013, 0.62216321, 0.0 ], [ 123.09891132, 0.62216321, 0.0 ], [ 123.09891132, 0.62306148, 0.0 ], [ 123.09980963, 0.62306148, 0.0 ], [ 123.09980963, 0.62395974, 0.0 ], [ 123.10070795, 0.62395974, 0.0 ], [ 123.10070795, 0.62434254, 0.0 ], [ 123.10070795, 0.624858, 0.0 ], [ 123.10250458, 0.624858, 0.0 ], [ 123.10250458, 0.62665452, 0.0 ], [ 123.10077123, 0.62665452, 0.0 ], [ 123.09980963, 0.62665452, 0.0 ], [ 123.09980963, 0.62755279, 0.0 ], [ 123.098013, 0.62755279, 0.0 ], [ 123.098013, 0.62575626, 0.0 ], [ 123.09711469, 0.62575626, 0.0 ], [ 123.09711469, 0.624858, 0.0 ], [ 123.09531805, 0.624858, 0.0 ], [ 123.09531805, 0.62395974, 0.0 ], [ 123.09262311, 0.62395974, 0.0 ], [ 123.09262311, 0.62216321, 0.0 ], [ 123.09172479, 0.62216321, 0.0 ], [ 123.09172479, 0.62036669, 0.0 ], [ 123.09082648, 0.62036669, 0.0 ], [ 123.09082648, 0.61890703, 0.0 ], [ 123.09082648, 0.61677364, 0.0 ], [ 123.09352142, 0.61677364, 0.0 ], [ 123.09352142, 0.6176719, 0.0 ], [ 123.09262311, 0.6176719, 0.0 ], [ 123.09262311, 0.61850094, 0.0 ], [ 123.09262311, 0.61857016, 0.0 ], [ 123.09352142, 0.61857016, 0.0 ], [ 123.09352142, 0.61840479, 0.0 ], [ 123.09352142, 0.6176719, 0.0 ], [ 123.09441974, 0.6176719, 0.0 ] ] ] } },
{ "type": "Feature", "properties": { "gridcode": 1, "Bhy_Bjr": "Rendah", "Luas_Ha": 4.00000000006, "SMBR_DATA": "Badan Nasional Penanggulangan Bencana (BNPB), 2015", "WADMPR": "Gorontalo" }, "geometry": { "type": "Polygon", "coordinates": [ [ [ 123.06747028, 0.61497711, 0.0 ], [ 123.06747028, 0.61677364, 0.0 ], [ 123.06657197, 0.61677364, 0.0 ], [ 123.06657197, 0.61587537, 0.0 ], [ 123.06477534, 0.61587537, 0.0 ], [ 123.06477534, 0.61497711, 0.0 ], [ 123.06567365, 0.61497711, 0.0 ], [ 123.06747028, 0.61497711, 0.0 ] ] ] } },
{ "type": "Feature", "properties": { "gridcode": 1, "Bhy_Bjr": "Rendah", "Luas_Ha": 6.00000000008, "SMBR_DATA": "Badan Nasional Penanggulangan Bencana (BNPB), 2015", "WADMPR": "Gorontalo" }, "geometry": { "type": "Polygon", "coordinates": [ [ [ 123.08723322, 0.61497711, 0.0 ], [ 123.08813153, 0.61497711, 0.0 ], [ 123.08813153, 0.61407885, 0.0 ], [ 123.08902985, 0.61407885, 0.0 ], [ 123.08902985, 0.61497711, 0.0 ], [ 123.08992816, 0.61497711, 0.0 ], [ 123.08992816, 0.61587537, 0.0 ], [ 123.09082648, 0.61587537, 0.0 ], [ 123.09082648, 0.61677364, 0.0 ], [ 123.08902985, 0.61677364, 0.0 ], [ 123.08902985, 0.61587537, 0.0 ], [ 123.08723322, 0.61587537, 0.0 ], [ 123.08723322, 0.61497711, 0.0 ] ] ] } },
{ "type": "Feature", "properties": { "gridcode": 3, "Bhy_Bjr": "Tinggi", "Luas_Ha": 1.00000000001, "SMBR_DATA": "Badan Nasional Penanggulangan Bencana (BNPB), 2015", "WADMPR": "Gorontalo" }, "geometry": { "type": "Polygon", "coordinates": [ [ [ 123.09352142, 0.61318058, 0.0 ], [ 123.09352142, 0.61407885, 0.0 ], [ 123.09262311, 0.61407885, 0.0 ], [ 123.09262311, 0.61318058, 0.0 ], [ 123.09352142, 0.61318058, 0.0 ] ] ] } },
{ "type": "Feature", "properties": { "gridcode": 3, "Bhy_Bjr": "Tinggi", "Luas_Ha": 1.99999999995, "SMBR_DATA": "Badan Nasional Penanggulangan Bencana (BNPB), 2015", "WADMPR": "Gorontalo" }, "geometry": { "type": "Polygon", "coordinates": [ [ [ 123.07555512, 0.61318058, 0.0 ], [ 123.07555512, 0.61407885, 0.0 ], [ 123.0746568, 0.61407885, 0.0 ], [ 123.0746568, 0.61228232, 0.0 ], [ 123.07555512, 0.61228232, 0.0 ], [ 123.07555512, 0.61318058, 0.0 ] ] ] } },
{ "type": "Feature", "properties": { "gridcode": 1, "Bhy_Bjr": "Rendah", "Luas_Ha": 0.99999999996, "SMBR_DATA": "Badan Nasional Penanggulangan Bencana (BNPB), 2015", "WADMPR": "Gorontalo" }, "geometry": { "type": "Polygon", "coordinates": [ [ [ 123.0800467, 0.60868926, 0.0 ], [ 123.0800467, 0.60929804, 0.0 ], [ 123.0800467, 0.60958753, 0.0 ], [ 123.07914838, 0.60958753, 0.0 ], [ 123.07914838, 0.60949548, 0.0 ], [ 123.07914838, 0.60868926, 0.0 ], [ 123.0800467, 0.60868926, 0.0 ] ] ] } },
{ "type": "Feature", "properties": { "gridcode": 3, "Bhy_Bjr": "Tinggi", "Luas_Ha": 1.00000000001, "SMBR_DATA": "Badan Nasional Penanggulangan Bencana (BNPB), 2015", "WADMPR": "Gorontalo" }, "geometry": { "type": "Polygon", "coordinates": [ [ [ 123.10879278, 0.60240141, 0.0 ], [ 123.10879278, 0.60329967, 0.0 ], [ 123.10789447, 0.60329967, 0.0 ], [ 123.10789447, 0.60240141, 0.0 ], [ 123.10879278, 0.60240141, 0.0 ] ] ] } },
{ "type": "Feature", "properties": { "gridcode": 3, "Bhy_Bjr": "Tinggi", "Luas_Ha": 5.00000000006, "SMBR_DATA": "Badan Nasional Penanggulangan Bencana (BNPB), 2015", "WADMPR": "Gorontalo" }, "geometry": { "type": "Polygon", "coordinates": [ [ [ 123.10699615, 0.60060487, 0.0 ], [ 123.10699615, 0.60240141, 0.0 ], [ 123.10519952, 0.60240141, 0.0 ], [ 123.10519952, 0.60150314, 0.0 ], [ 123.10609784, 0.60150314, 0.0 ], [ 123.10609784, 0.59880834, 0.0 ], [ 123.10699615, 0.59880834, 0.0 ], [ 123.10699615, 0.60060487, 0.0 ] ] ] } },
{ "type": "Feature", "properties": { "gridcode": 3, "Bhy_Bjr": "Tinggi", "Luas_Ha": 15.9999999994, "SMBR_DATA": "Badan Nasional Penanggulangan Bencana (BNPB), 2015", "WADMPR": "Gorontalo" }, "geometry": { "type": "Polygon", "coordinates": [ [ [ 123.09441974, 0.59521528, 0.0 ], [ 123.09531805, 0.59521528, 0.0 ], [ 123.09531805, 0.59611354, 0.0 ], [ 123.0888016, 0.59611354, 0.0 ], [ 123.08453827, 0.59611354, 0.0 ], [ 123.08453827, 0.59567189, 0.0 ], [ 123.08453827, 0.59521528, 0.0 ], [ 123.08564857, 0.59521528, 0.0 ], [ 123.08829571, 0.59521528, 0.0 ], [ 123.09082648, 0.59521528, 0.0 ], [ 123.09082648, 0.59431701, 0.0 ], [ 123.09441974, 0.59431701, 0.0 ], [ 123.09441974, 0.59521528, 0.0 ] ] ] } },
{ "type": "Feature", "properties": { "gridcode": 3, "Bhy_Bjr": "Tinggi", "Luas_Ha": 366.0, "SMBR_DATA": "Badan Nasional Penanggulangan Bencana (BNPB), 2015", "WADMPR": "Gorontalo" }, "geometry": { "type": "Polygon", "coordinates": [ [ [ 123.07106354, 0.59880834, 0.0 ], [ 123.0714184, 0.59880834, 0.0 ], [ 123.07196186, 0.59880834, 0.0 ], [ 123.07196186, 0.60060487, 0.0 ], [ 123.07286017, 0.60060487, 0.0 ], [ 123.07286017, 0.60150314, 0.0 ], [ 123.07375849, 0.60150314, 0.0 ], [ 123.07375849, 0.60240141, 0.0 ], [ 123.07555512, 0.60240141, 0.0 ], [ 123.07555512, 0.60282001, 0.0 ], [ 123.07555512, 0.60329967, 0.0 ], [ 123.07817497, 0.60329967, 0.0 ], [ 123.07823265, 0.60329967, 0.0 ], [ 123.07825006, 0.60329967, 0.0 ], [ 123.07825006, 0.60336217, 0.0 ], [ 123.07825006, 0.60419794, 0.0 ], [ 123.07862897, 0.60419794, 0.0 ], [ 123.08453827, 0.60419794, 0.0 ], [ 123.08453827, 0.6050962, 0.0 ], [ 123.0791384, 0.6050962, 0.0 ], [ 123.07904138, 0.6050962, 0.0 ], [ 123.07825006, 0.6050962, 0.0 ], [ 123.07825006, 0.60568795, 0.0 ], [ 123.07825006, 0.60599447, 0.0 ], [ 123.07738179, 0.60599447, 0.0 ], [ 123.07645343, 0.60599447, 0.0 ], [ 123.07645343, 0.60632596, 0.0 ], [ 123.07645343, 0.60689273, 0.0 ], [ 123.07286017, 0.60689273, 0.0 ], [ 123.07286017, 0.607791, 0.0 ], [ 123.07116108, 0.607791, 0.0 ], [ 123.07046942, 0.607791, 0.0 ], [ 123.07042262, 0.60776389, 0.0 ], [ 123.07016523, 0.60753583, 0.0 ], [ 123.07016523, 0.60689273, 0.0 ], [ 123.06965115, 0.60689273, 0.0 ], [ 123.06957035, 0.60676383, 0.0 ], [ 123.06942083, 0.6064405, 0.0 ], [ 123.06933859, 0.60612469, 0.0 ], [ 123.06926691, 0.60568588, 0.0 ], [ 123.06926691, 0.6050962, 0.0 ], [ 123.06918986, 0.6050962, 0.0 ], [ 123.06913586, 0.6046685, 0.0 ], [ 123.06905362, 0.6042399, 0.0 ], [ 123.06868729, 0.60327742, 0.0 ], [ 123.0684473, 0.60258104, 0.0 ], [ 123.06843931, 0.60255785, 0.0 ], [ 123.06836455, 0.60235483, 0.0 ], [ 123.06831221, 0.60203902, 0.0 ], [ 123.06828978, 0.60174576, 0.0 ], [ 123.06815521, 0.60130212, 0.0 ], [ 123.0679895, 0.60098987, 0.0 ], [ 123.06774279, 0.60075677, 0.0 ], [ 123.06760075, 0.60059135, 0.0 ], [ 123.06747366, 0.60035073, 0.0 ], [ 123.0673989, 0.60004995, 0.0 ], [ 123.06739142, 0.59981685, 0.0 ], [ 123.06738394, 0.59959879, 0.0 ], [ 123.06739889, 0.59926042, 0.0 ], [ 123.06739141, 0.59894461, 0.0 ], [ 123.06739888, 0.5985912, 0.0 ], [ 123.06726967, 0.59813416, 0.0 ], [ 123.06718343, 0.59791008, 0.0 ], [ 123.07016523, 0.59791008, 0.0 ], [ 123.07016523, 0.59880834, 0.0 ], [ 123.07106354, 0.59880834, 0.0 ] ] ] } },
{ "type": "Feature", "properties": { "gridcode": 1, "Bhy_Bjr": "Rendah", "Luas_Ha": 138.0, "SMBR_DATA": "Badan Nasional Penanggulangan Bencana (BNPB), 2015", "WADMPR": "Gorontalo" }, "geometry": { "type": "Polygon", "coordinates": [ [ [ 123.10340289, 0.60150314, 0.0 ], [ 123.10250458, 0.60150314, 0.0 ], [ 123.10250458, 0.60240141, 0.0 ], [ 123.10340289, 0.60240141, 0.0 ], [ 123.10340289, 0.60329967, 0.0 ], [ 123.10160626, 0.60329967, 0.0 ], [ 123.10160626, 0.60240141, 0.0 ], [ 123.10070795, 0.60240141, 0.0 ], [ 123.10070795, 0.60329967, 0.0 ], [ 123.09980963, 0.60329967, 0.0 ], [ 123.09980963, 0.60419794, 0.0 ], [ 123.09891132, 0.60419794, 0.0 ], [ 123.09891132, 0.60571541, 0.0 ], [ 123.09891132, 0.60689273, 0.0 ], [ 123.09621637, 0.60689273, 0.0 ], [ 123.09621637, 0.60599447, 0.0 ], [ 123.09406482, 0.60599447, 0.0 ], [ 123.09262311, 0.60599447, 0.0 ], [ 123.09262311, 0.60689273, 0.0 ], [ 123.09082648, 0.60689273, 0.0 ], [ 123.09082648, 0.60211764, 0.0 ], [ 123.09082648, 0.60060487, 0.0 ], [ 123.09127794, 0.60060487, 0.0 ], [ 123.09172479, 0.60060487, 0.0 ], [ 123.09172479, 0.59970661, 0.0 ], [ 123.09352142, 0.59970661, 0.0 ], [ 123.09352142, 0.59880834, 0.0 ], [ 123.09621637, 0.59880834, 0.0 ], [ 123.09621637, 0.59791008, 0.0 ], [ 123.09661328, 0.59791008, 0.0 ], [ 123.09891132, 0.59791008, 0.0 ], [ 123.09891132, 0.59611354, 0.0 ], [ 123.09980963, 0.59611354, 0.0 ], [ 123.09980963, 0.59341874, 0.0 ], [ 123.10070795, 0.59341874, 0.0 ], [ 123.10070795, 0.59162221, 0.0 ], [ 123.10250458, 0.59162221, 0.0 ], [ 123.10250458, 0.59252048, 0.0 ], [ 123.10258262, 0.59252048, 0.0 ], [ 123.10340289, 0.59252048, 0.0 ], [ 123.10340289, 0.59431701, 0.0 ], [ 123.10430121, 0.59431701, 0.0 ], [ 123.10430121, 0.59970661, 0.0 ], [ 123.10340289, 0.59970661, 0.0 ], [ 123.10340289, 0.60095615, 0.0 ], [ 123.10340289, 0.60150314, 0.0 ] ] ] } },
{ "type": "Feature", "properties": { "gridcode": 3, "Bhy_Bjr": "Tinggi", "Luas_Ha": 1.00000000003, "SMBR_DATA": "Badan Nasional Penanggulangan Bencana (BNPB), 2015", "WADMPR": "Gorontalo" }, "geometry": { "type": "Polygon", "coordinates": [ [ [ 123.10699615, 0.59072394, 0.0 ], [ 123.10699615, 0.59162221, 0.0 ], [ 123.10609784, 0.59162221, 0.0 ], [ 123.10609784, 0.59072394, 0.0 ], [ 123.10699615, 0.59072394, 0.0 ] ] ] } },
{ "type": "Feature", "properties": { "gridcode": 3, "Bhy_Bjr": "Tinggi", "Luas_Ha": 6.00000000007, "SMBR_DATA": "Badan Nasional Penanggulangan Bencana (BNPB), 2015", "WADMPR": "Gorontalo" }, "geometry": { "type": "Polygon", "coordinates": [ [ [ 123.06657197, 0.59265914, 0.0 ], [ 123.06657197, 0.59341874, 0.0 ], [ 123.06567365, 0.59341874, 0.0 ], [ 123.06567365, 0.59308944, 0.0 ], [ 123.06567365, 0.59162221, 0.0 ], [ 123.06477534, 0.59162221, 0.0 ], [ 123.06477534, 0.59072394, 0.0 ], [ 123.06567365, 0.59072394, 0.0 ], [ 123.06567365, 0.58982567, 0.0 ], [ 123.06657197, 0.58982567, 0.0 ], [ 123.06657197, 0.59072394, 0.0 ], [ 123.06747028, 0.59072394, 0.0 ], [ 123.06747028, 0.59162221, 0.0 ], [ 123.06657197, 0.59162221, 0.0 ], [ 123.06657197, 0.59265914, 0.0 ] ] ] } },
{ "type": "Feature", "properties": { "gridcode": 1, "Bhy_Bjr": "Rendah", "Luas_Ha": 5.00000000011, "SMBR_DATA": "Badan Nasional Penanggulangan Bencana (BNPB), 2015", "WADMPR": "Gorontalo" }, "geometry": { "type": "Polygon", "coordinates": [ [ [ 123.12945404, 0.58802914, 0.0 ], [ 123.13214898, 0.58802914, 0.0 ], [ 123.13214898, 0.58982567, 0.0 ], [ 123.13035235, 0.58982567, 0.0 ], [ 123.13035235, 0.58892741, 0.0 ], [ 123.12945404, 0.58892741, 0.0 ], [ 123.12945404, 0.58802914, 0.0 ] ] ] } },
{ "type": "Feature", "properties": { "gridcode": 3, "Bhy_Bjr": "Tinggi", "Luas_Ha": 1.00000000001, "SMBR_DATA": "Badan Nasional Penanggulangan Bencana (BNPB), 2015", "WADMPR": "Gorontalo" }, "geometry": { "type": "Polygon", "coordinates": [ [ [ 123.09352142, 0.5862326, 0.0 ], [ 123.09352142, 0.58713087, 0.0 ], [ 123.09262311, 0.58713087, 0.0 ], [ 123.09262311, 0.5862326, 0.0 ], [ 123.09352142, 0.5862326, 0.0 ] ] ] } },
{ "type": "Feature", "properties": { "gridcode": 1, "Bhy_Bjr": "Rendah", "Luas_Ha": 99.000000000499995, "SMBR_DATA": "Badan Nasional Penanggulangan Bencana (BNPB), 2015", "WADMPR": "Gorontalo" }, "geometry": { "type": "Polygon", "coordinates": [ [ [ 123.07106354, 0.58575606, 0.0 ], [ 123.07106354, 0.5862326, 0.0 ], [ 123.07196186, 0.5862326, 0.0 ], [ 123.07196186, 0.58713087, 0.0 ], [ 123.07286017, 0.58713087, 0.0 ], [ 123.07286017, 0.58802914, 0.0 ], [ 123.07324814, 0.58802914, 0.0 ], [ 123.0746568, 0.58802914, 0.0 ], [ 123.0746568, 0.58892741, 0.0 ], [ 123.07735175, 0.58892741, 0.0 ], [ 123.07735175, 0.58982567, 0.0 ], [ 123.07825006, 0.58982567, 0.0 ], [ 123.07825006, 0.59072394, 0.0 ], [ 123.07914838, 0.59072394, 0.0 ], [ 123.07914838, 0.59145505, 0.0 ], [ 123.07914838, 0.59252048, 0.0 ], [ 123.07825006, 0.59252048, 0.0 ], [ 123.07825006, 0.59521528, 0.0 ], [ 123.07735175, 0.59521528, 0.0 ], [ 123.07735175, 0.59611354, 0.0 ], [ 123.0800467, 0.59611354, 0.0 ], [ 123.0800467, 0.59768706, 0.0 ], [ 123.0800467, 0.59791008, 0.0 ], [ 123.08094501, 0.59791008, 0.0 ], [ 123.08094501, 0.59970661, 0.0 ], [ 123.08184333, 0.59970661, 0.0 ], [ 123.08184333, 0.60060487, 0.0 ], [ 123.0800467, 0.60060487, 0.0 ], [ 123.0800467, 0.60150314, 0.0 ], [ 123.07914838, 0.60150314, 0.0 ], [ 123.07914838, 0.60060487, 0.0 ], [ 123.07831094, 0.60060487, 0.0 ], [ 123.07626679, 0.60060487, 0.0 ], [ 123.07555512, 0.60060487, 0.0 ], [ 123.07555512, 0.5994478, 0.0 ], [ 123.07555512, 0.59791008, 0.0 ], [ 123.0746568, 0.59791008, 0.0 ], [ 123.0746568, 0.59741557, 0.0 ], [ 123.0746568, 0.59597088, 0.0 ], [ 123.0746568, 0.59521528, 0.0 ], [ 123.07403116, 0.59521528, 0.0 ], [ 123.07375849, 0.59521528, 0.0 ], [ 123.07375849, 0.59482396, 0.0 ], [ 123.07375849, 0.59468402, 0.0 ], [ 123.07375849, 0.59341874, 0.0 ], [ 123.07286017, 0.59341874, 0.0 ], [ 123.07286017, 0.59252048, 0.0 ], [ 123.07184997, 0.59252048, 0.0 ], [ 123.07106354, 0.59252048, 0.0 ], [ 123.07106354, 0.59180197, 0.0 ], [ 123.07106354, 0.59162221, 0.0 ], [ 123.07087729, 0.59162221, 0.0 ], [ 123.07016523, 0.59162221, 0.0 ], [ 123.07016523, 0.59096682, 0.0 ], [ 123.07016523, 0.58713087, 0.0 ], [ 123.06926691, 0.58713087, 0.0 ], [ 123.06926691, 0.58653017, 0.0 ], [ 123.06971564, 0.5863388, 0.0 ], [ 123.06997554, 0.5862326, 0.0 ], [ 123.07016523, 0.5862326, 0.0 ], [ 123.07016523, 0.58615577, 0.0 ], [ 123.07035277, 0.58608194, 0.0 ], [ 123.07083848, 0.5858574, 0.0 ], [ 123.07106354, 0.58575606, 0.0 ] ] ] } },
{ "type": "Feature", "properties": { "gridcode": 1, "Bhy_Bjr": "Rendah", "Luas_Ha": 16.0000000002, "SMBR_DATA": "Badan Nasional Penanggulangan Bencana (BNPB), 2015", "WADMPR": "Gorontalo" }, "geometry": { "type": "Polygon", "coordinates": [ [ [ 123.08992816, 0.58052617, 0.0 ], [ 123.08992816, 0.58084299, 0.0 ], [ 123.09082648, 0.58084299, 0.0 ], [ 123.09082648, 0.58263953, 0.0 ], [ 123.08992816, 0.58263953, 0.0 ], [ 123.08992816, 0.5835378, 0.0 ], [ 123.08723322, 0.5835378, 0.0 ], [ 123.08723322, 0.58263953, 0.0 ], [ 123.0863349, 0.58263953, 0.0 ], [ 123.0863349, 0.58104844, 0.0 ], [ 123.08973139, 0.58056641, 0.0 ], [ 123.08992816, 0.58052617, 0.0 ] ] ] } },
{ "type": "Feature", "properties": { "gridcode": 3, "Bhy_Bjr": "Tinggi", "Luas_Ha": 29.9999999998, "SMBR_DATA": "Badan Nasional Penanggulangan Bencana (BNPB), 2015", "WADMPR": "Gorontalo" }, "geometry": { "type": "Polygon", "coordinates": [ [ [ 123.10250458, 0.58802914, 0.0 ], [ 123.10070795, 0.58802914, 0.0 ], [ 123.10070795, 0.58713087, 0.0 ], [ 123.10060441, 0.58713087, 0.0 ], [ 123.09980963, 0.58713087, 0.0 ], [ 123.09980963, 0.58305048, 0.0 ], [ 123.09980963, 0.58174126, 0.0 ], [ 123.10070795, 0.58174126, 0.0 ], [ 123.10070795, 0.58084299, 0.0 ], [ 123.10137594, 0.58084299, 0.0 ], [ 123.10160626, 0.58084299, 0.0 ], [ 123.10160626, 0.58008052, 0.0 ], [ 123.10160626, 0.57994472, 0.0 ], [ 123.10163636, 0.57994472, 0.0 ], [ 123.10250458, 0.57994472, 0.0 ], [ 123.10250458, 0.58084299, 0.0 ], [ 123.10340289, 0.58084299, 0.0 ], [ 123.10340289, 0.58713087, 0.0 ], [ 123.10250458, 0.58713087, 0.0 ], [ 123.10250458, 0.58802914, 0.0 ] ] ] } },
{ "type": "Feature", "properties": { "gridcode": 3, "Bhy_Bjr": "Tinggi", "Luas_Ha": 3.99999999981, "SMBR_DATA": "Badan Nasional Penanggulangan Bencana (BNPB), 2015", "WADMPR": "Gorontalo" }, "geometry": { "type": "Polygon", "coordinates": [ [ [ 123.09441974, 0.57275856, 0.0 ], [ 123.09441974, 0.57365683, 0.0 ], [ 123.09082648, 0.57365683, 0.0 ], [ 123.09082648, 0.57275856, 0.0 ], [ 123.09441974, 0.57275856, 0.0 ] ] ] } },
{ "type": "Feature", "properties": { "gridcode": 1, "Bhy_Bjr": "Rendah", "Luas_Ha": 6.99999999982, "SMBR_DATA": "Badan Nasional Penanggulangan Bencana (BNPB), 2015", "WADMPR": "Gorontalo" }, "geometry": { "type": "Polygon", "coordinates": [ [ [ 123.14113213, 0.57186029, 0.0 ], [ 123.14113213, 0.57346506, 0.0 ], [ 123.14113213, 0.57365683, 0.0 ], [ 123.14023382, 0.57365683, 0.0 ], [ 123.14023382, 0.5745551, 0.0 ], [ 123.1393355, 0.5745551, 0.0 ], [ 123.1393355, 0.57365683, 0.0 ], [ 123.13843719, 0.57365683, 0.0 ], [ 123.13843719, 0.57186029, 0.0 ], [ 123.13936739, 0.57186029, 0.0 ], [ 123.14113213, 0.57186029, 0.0 ] ] ] } },
{ "type": "Feature", "properties": { "gridcode": 1, "Bhy_Bjr": "Rendah", "Luas_Ha": 25.9999999998, "SMBR_DATA": "Badan Nasional Penanggulangan Bencana (BNPB), 2015", "WADMPR": "Gorontalo" }, "geometry": { "type": "Polygon", "coordinates": [ [ [ 123.13664056, 0.57096202, 0.0 ], [ 123.13664056, 0.57275856, 0.0 ], [ 123.13753887, 0.57275856, 0.0 ], [ 123.13753887, 0.5745551, 0.0 ], [ 123.13394561, 0.5745551, 0.0 ], [ 123.13394561, 0.57545337, 0.0 ], [ 123.13125067, 0.57545337, 0.0 ], [ 123.13125067, 0.57275856, 0.0 ], [ 123.13214898, 0.57275856, 0.0 ], [ 123.13214898, 0.57186029, 0.0 ], [ 123.1330473, 0.57186029, 0.0 ], [ 123.1330473, 0.57096202, 0.0 ], [ 123.13664056, 0.57096202, 0.0 ] ] ] } },
{ "type": "Feature", "properties": { "gridcode": 3, "Bhy_Bjr": "Tinggi", "Luas_Ha": 2.00000000006, "SMBR_DATA": "Badan Nasional Penanggulangan Bencana (BNPB), 2015", "WADMPR": "Gorontalo" }, "geometry": { "type": "Polygon", "coordinates": [ [ [ 123.098013, 0.56826721, 0.0 ], [ 123.098013, 0.57006375, 0.0 ], [ 123.09711469, 0.57006375, 0.0 ], [ 123.09711469, 0.56826721, 0.0 ], [ 123.098013, 0.56826721, 0.0 ] ] ] } },
{ "type": "Feature", "properties": { "gridcode": 1, "Bhy_Bjr": "Rendah", "Luas_Ha": 4.0000000001, "SMBR_DATA": "Badan Nasional Penanggulangan Bencana (BNPB), 2015", "WADMPR": "Gorontalo" }, "geometry": { "type": "Polygon", "coordinates": [ [ [ 123.098013, 0.56377585, 0.0 ], [ 123.09891132, 0.56377585, 0.0 ], [ 123.09891132, 0.56467412, 0.0 ], [ 123.09621637, 0.56467412, 0.0 ], [ 123.09621637, 0.56377585, 0.0 ], [ 123.09711469, 0.56377585, 0.0 ], [ 123.09711469, 0.56312684, 0.0 ], [ 123.09711469, 0.56287758, 0.0 ], [ 123.09783387, 0.56287758, 0.0 ], [ 123.098013, 0.56287758, 0.0 ], [ 123.098013, 0.56377585, 0.0 ] ] ] } },
{ "type": "Feature", "properties": { "gridcode": 1, "Bhy_Bjr": "Rendah", "Luas_Ha": 643.0, "SMBR_DATA": "Badan Nasional Penanggulangan Bencana (BNPB), 2015", "WADMPR": "Gorontalo" }, "geometry": { "type": "Polygon", "coordinates": [ [ [ 123.12675909, 0.58713087, 0.0 ], [ 123.12675909, 0.58802914, 0.0 ], [ 123.12673765, 0.58802914, 0.0 ], [ 123.12586077, 0.58802914, 0.0 ], [ 123.12586077, 0.58850503, 0.0 ], [ 123.12586077, 0.58892741, 0.0 ], [ 123.12496246, 0.58892741, 0.0 ], [ 123.12496246, 0.59072394, 0.0 ], [ 123.12406414, 0.59072394, 0.0 ], [ 123.12406414, 0.59162221, 0.0 ], [ 123.12496246, 0.59162221, 0.0 ], [ 123.12496246, 0.5928327, 0.0 ], [ 123.12496246, 0.59431701, 0.0 ], [ 123.12406414, 0.59431701, 0.0 ], [ 123.12406414, 0.59341874, 0.0 ], [ 123.12316583, 0.59341874, 0.0 ], [ 123.12316583, 0.59252048, 0.0 ], [ 123.12226751, 0.59252048, 0.0 ], [ 123.12226751, 0.59341874, 0.0 ], [ 123.12047088, 0.59341874, 0.0 ], [ 123.12047088, 0.5920265, 0.0 ], [ 123.12047088, 0.59162221, 0.0 ], [ 123.12024013, 0.59162221, 0.0 ], [ 123.11957257, 0.59162221, 0.0 ], [ 123.11957257, 0.59341874, 0.0 ], [ 123.11867425, 0.59341874, 0.0 ], [ 123.11867425, 0.59431701, 0.0 ], [ 123.11777594, 0.59431701, 0.0 ], [ 123.11777594, 0.59521528, 0.0 ], [ 123.11597931, 0.59521528, 0.0 ], [ 123.11597931, 0.59611354, 0.0 ], [ 123.11508099, 0.59611354, 0.0 ], [ 123.11508099, 0.59701181, 0.0 ], [ 123.11238605, 0.59701181, 0.0 ], [ 123.11238605, 0.59785049, 0.0 ], [ 123.11238605, 0.59970661, 0.0 ], [ 123.11148773, 0.59970661, 0.0 ], [ 123.11148773, 0.60060487, 0.0 ], [ 123.11058941, 0.60060487, 0.0 ], [ 123.11058941, 0.59970661, 0.0 ], [ 123.1096911, 0.59970661, 0.0 ], [ 123.1096911, 0.59701181, 0.0 ], [ 123.10879278, 0.59701181, 0.0 ], [ 123.10879278, 0.59431701, 0.0 ], [ 123.1096911, 0.59431701, 0.0 ], [ 123.1096911, 0.59292877, 0.0 ], [ 123.1096911, 0.59196022, 0.0 ], [ 123.1096911, 0.59162221, 0.0 ], [ 123.11041266, 0.59162221, 0.0 ], [ 123.11058941, 0.59162221, 0.0 ], [ 123.11058941, 0.59153941, 0.0 ], [ 123.11058941, 0.59072394, 0.0 ], [ 123.1096911, 0.59072394, 0.0 ], [ 123.1096911, 0.58892741, 0.0 ], [ 123.10879278, 0.58892741, 0.0 ], [ 123.10879278, 0.58713087, 0.0 ], [ 123.10789447, 0.58713087, 0.0 ], [ 123.10789447, 0.58573377, 0.0 ], [ 123.10789447, 0.5835378, 0.0 ], [ 123.10699615, 0.5835378, 0.0 ], [ 123.10699615, 0.58239771, 0.0 ], [ 123.10699615, 0.58174126, 0.0 ], [ 123.10789447, 0.58174126, 0.0 ], [ 123.10789447, 0.58084299, 0.0 ], [ 123.10879278, 0.58084299, 0.0 ], [ 123.10879278, 0.57994472, 0.0 ], [ 123.1096911, 0.57994472, 0.0 ], [ 123.1096911, 0.57814818, 0.0 ], [ 123.11058941, 0.57814818, 0.0 ], [ 123.11058941, 0.57536774, 0.0 ], [ 123.11058941, 0.57275856, 0.0 ], [ 123.11148773, 0.57275856, 0.0 ], [ 123.11148773, 0.57186029, 0.0 ], [ 123.11238605, 0.57186029, 0.0 ], [ 123.11238605, 0.57096202, 0.0 ], [ 123.11328436, 0.57096202, 0.0 ], [ 123.11328436, 0.57063457, 0.0 ], [ 123.11328436, 0.56467231, 0.0 ], [ 123.11328436, 0.56377585, 0.0 ], [ 123.11418268, 0.56377585, 0.0 ], [ 123.11418268, 0.56287758, 0.0 ], [ 123.11687762, 0.56287758, 0.0 ], [ 123.11687762, 0.56377585, 0.0 ], [ 123.11867425, 0.56377585, 0.0 ], [ 123.11867425, 0.567728, 0.0 ], [ 123.11867425, 0.57275856, 0.0 ], [ 123.11777594, 0.57275856, 0.0 ], [ 123.11777594, 0.57365683, 0.0 ], [ 123.11888551, 0.57365683, 0.0 ], [ 123.12047088, 0.57365683, 0.0 ], [ 123.12047088, 0.57325679, 0.0 ], [ 123.12047088, 0.57096202, 0.0 ], [ 123.1213692, 0.57096202, 0.0 ], [ 123.1213692, 0.56963626, 0.0 ], [ 123.1213692, 0.56916548, 0.0 ], [ 123.12226751, 0.56916548, 0.0 ], [ 123.12226751, 0.56826721, 0.0 ], [ 123.12456013, 0.56826721, 0.0 ], [ 123.12489246, 0.56826721, 0.0 ], [ 123.12496246, 0.56826721, 0.0 ], [ 123.12496246, 0.56916548, 0.0 ], [ 123.12586077, 0.56916548, 0.0 ], [ 123.12586077, 0.57096202, 0.0 ], [ 123.12675909, 0.57096202, 0.0 ], [ 123.12675909, 0.57365683, 0.0 ], [ 123.12765741, 0.57365683, 0.0 ], [ 123.12765741, 0.5745551, 0.0 ], [ 123.12804699, 0.5745551, 0.0 ], [ 123.12855572, 0.5745551, 0.0 ], [ 123.12855572, 0.57545337, 0.0 ], [ 123.13035235, 0.57545337, 0.0 ], [ 123.13035235, 0.57635164, 0.0 ], [ 123.13125067, 0.57635164, 0.0 ], [ 123.13125067, 0.57814818, 0.0 ], [ 123.13214898, 0.57814818, 0.0 ], [ 123.13214898, 0.57904645, 0.0 ], [ 123.13214898, 0.58084299, 0.0 ], [ 123.13125067, 0.58084299, 0.0 ], [ 123.13125067, 0.58174126, 0.0 ], [ 123.13214898, 0.58174126, 0.0 ], [ 123.13214898, 0.58263953, 0.0 ], [ 123.1330473, 0.58263953, 0.0 ], [ 123.1330473, 0.5862326, 0.0 ], [ 123.13125067, 0.5862326, 0.0 ], [ 123.13125067, 0.58533433, 0.0 ], [ 123.12945404, 0.58533433, 0.0 ], [ 123.12945404, 0.58802914, 0.0 ], [ 123.12855572, 0.58802914, 0.0 ], [ 123.12855572, 0.58713087, 0.0 ], [ 123.12675909, 0.58713087, 0.0 ], [ 123.12675909, 0.5862326, 0.0 ], [ 123.12586077, 0.5862326, 0.0 ], [ 123.12586077, 0.58639415, 0.0 ], [ 123.12586077, 0.58713087, 0.0 ], [ 123.12636627, 0.58713087, 0.0 ], [ 123.12675909, 0.58713087, 0.0 ] ], [ [ 123.12316583, 0.58802914, 0.0 ], [ 123.12226751, 0.58802914, 0.0 ], [ 123.12226751, 0.58982567, 0.0 ], [ 123.12316583, 0.58982567, 0.0 ], [ 123.12316583, 0.58802914, 0.0 ] ] ] } },
{ "type": "Feature", "properties": { "gridcode": 1, "Bhy_Bjr": "Rendah", "Luas_Ha": 4.00000000001, "SMBR_DATA": "Badan Nasional Penanggulangan Bencana (BNPB), 2015", "WADMPR": "Gorontalo" }, "geometry": { "type": "Polygon", "coordinates": [ [ [ 123.14831866, 0.56197931, 0.0 ], [ 123.14831866, 0.56018276, 0.0 ], [ 123.14921697, 0.56018276, 0.0 ], [ 123.14921697, 0.56108103, 0.0 ], [ 123.15011529, 0.56108103, 0.0 ], [ 123.15011529, 0.56287758, 0.0 ], [ 123.14921697, 0.56287758, 0.0 ], [ 123.14921697, 0.56197931, 0.0 ], [ 123.14831866, 0.56197931, 0.0 ] ] ] } },
{ "type": "Feature", "properties": { "gridcode": 2, "Bhy_Bjr": "Sedang", "Luas_Ha": 2.99999999994, "SMBR_DATA": "Badan Nasional Penanggulangan Bencana (BNPB), 2015", "WADMPR": "Gorontalo" }, "geometry": { "type": "Polygon", "coordinates": [ [ [ 123.1510136, 0.55928449, 0.0 ], [ 123.1510136, 0.55838622, 0.0 ], [ 123.15191192, 0.55838622, 0.0 ], [ 123.15191192, 0.55928449, 0.0 ], [ 123.15281023, 0.55928449, 0.0 ], [ 123.15281023, 0.56018276, 0.0 ], [ 123.1510136, 0.56018276, 0.0 ], [ 123.1510136, 0.55928449, 0.0 ] ] ] } },
{ "type": "Feature", "properties": { "gridcode": 1, "Bhy_Bjr": "Rendah", "Luas_Ha": 23.0000000002, "SMBR_DATA": "Badan Nasional Penanggulangan Bencana (BNPB), 2015", "WADMPR": "Gorontalo" }, "geometry": { "type": "Polygon", "coordinates": [ [ [ 123.08813153, 0.55481891, 0.0 ], [ 123.08813153, 0.55479313, 0.0 ], [ 123.08992816, 0.55479313, 0.0 ], [ 123.08992816, 0.55437214, 0.0 ], [ 123.08992816, 0.55389485, 0.0 ], [ 123.09046237, 0.55389485, 0.0 ], [ 123.09060396, 0.55389485, 0.0 ], [ 123.09120531, 0.55389485, 0.0 ], [ 123.09262311, 0.55389485, 0.0 ], [ 123.09262311, 0.55339857, 0.0 ], [ 123.09262311, 0.55299658, 0.0 ], [ 123.09352142, 0.55299658, 0.0 ], [ 123.09352142, 0.55329235, 0.0 ], [ 123.09352142, 0.55389485, 0.0 ], [ 123.09400371, 0.55389485, 0.0 ], [ 123.09441974, 0.55389485, 0.0 ], [ 123.09441974, 0.55417634, 0.0 ], [ 123.09441974, 0.55479313, 0.0 ], [ 123.09531805, 0.55479313, 0.0 ], [ 123.09531805, 0.5556914, 0.0 ], [ 123.09441974, 0.5556914, 0.0 ], [ 123.09441974, 0.55658967, 0.0 ], [ 123.09352142, 0.55658967, 0.0 ], [ 123.09352142, 0.55748794, 0.0 ], [ 123.09172479, 0.55748794, 0.0 ], [ 123.09172479, 0.55658967, 0.0 ], [ 123.08870204, 0.55658967, 0.0 ], [ 123.08813153, 0.55481891, 0.0 ] ] ] } },
{ "type": "Feature", "properties": { "gridcode": 3, "Bhy_Bjr": "Tinggi", "Luas_Ha": 51.0, "SMBR_DATA": "Badan Nasional Penanggulangan Bencana (BNPB), 2015", "WADMPR": "Gorontalo" }, "geometry": { "type": "Polygon", "coordinates": [ [ [ 123.12047088, 0.55894006, 0.0 ], [ 123.12047088, 0.55928449, 0.0 ], [ 123.11597931, 0.55928449, 0.0 ], [ 123.11597931, 0.55838622, 0.0 ], [ 123.11579115, 0.55838622, 0.0 ], [ 123.11508099, 0.55838622, 0.0 ], [ 123.11508099, 0.55748794, 0.0 ], [ 123.11418268, 0.55748794, 0.0 ], [ 123.11418268, 0.55658967, 0.0 ], [ 123.11328436, 0.55658967, 0.0 ], [ 123.11328436, 0.5556914, 0.0 ], [ 123.11238605, 0.5556914, 0.0 ], [ 123.11238605, 0.55479313, 0.0 ], [ 123.11328436, 0.55479313, 0.0 ], [ 123.11328436, 0.55389485, 0.0 ], [ 123.11687762, 0.55389485, 0.0 ], [ 123.11687762, 0.55299658, 0.0 ], [ 123.1169788, 0.55299658, 0.0 ], [ 123.12047088, 0.55299658, 0.0 ], [ 123.12047088, 0.55389485, 0.0 ], [ 123.1213692, 0.55389485, 0.0 ], [ 123.1213692, 0.55748794, 0.0 ], [ 123.12047088, 0.55748794, 0.0 ], [ 123.12047088, 0.55894006, 0.0 ] ] ] } },
{ "type": "Feature", "properties": { "gridcode": 2, "Bhy_Bjr": "Sedang", "Luas_Ha": 5.00000000011, "SMBR_DATA": "Badan Nasional Penanggulangan Bencana (BNPB), 2015", "WADMPR": "Gorontalo" }, "geometry": { "type": "Polygon", "coordinates": [ [ [ 123.47171216, 0.55479313, 0.0 ], [ 123.47171216, 0.5556914, 0.0 ], [ 123.46991553, 0.5556914, 0.0 ], [ 123.46991553, 0.55299658, 0.0 ], [ 123.47081384, 0.55299658, 0.0 ], [ 123.47081384, 0.55389485, 0.0 ], [ 123.47171216, 0.55389485, 0.0 ], [ 123.47171216, 0.55479313, 0.0 ] ] ] } },
{ "type": "Feature", "properties": { "gridcode": 3, "Bhy_Bjr": "Tinggi", "Luas_Ha": 109.999999999, "SMBR_DATA": "Badan Nasional Penanggulangan Bencana (BNPB), 2015", "WADMPR": "Gorontalo" }, "geometry": { "type": "Polygon", "coordinates": [ [ [ 123.10430121, 0.55479313, 0.0 ], [ 123.10519952, 0.55479313, 0.0 ], [ 123.10519952, 0.55209831, 0.0 ], [ 123.10789447, 0.55209831, 0.0 ], [ 123.10789447, 0.55299658, 0.0 ], [ 123.10879278, 0.55299658, 0.0 ], [ 123.10879278, 0.55389485, 0.0 ], [ 123.1096911, 0.55389485, 0.0 ], [ 123.1096911, 0.5556914, 0.0 ], [ 123.10879278, 0.5556914, 0.0 ], [ 123.10879278, 0.55928449, 0.0 ], [ 123.10789447, 0.55928449, 0.0 ], [ 123.10789447, 0.56015475, 0.0 ], [ 123.10789447, 0.56018276, 0.0 ], [ 123.10879278, 0.56018276, 0.0 ], [ 123.10879278, 0.56356036, 0.0 ], [ 123.10879278, 0.56377585, 0.0 ], [ 123.10891695, 0.56377585, 0.0 ], [ 123.1096911, 0.56377585, 0.0 ], [ 123.1096911, 0.56507838, 0.0 ], [ 123.1096911, 0.56557239, 0.0 ], [ 123.10879278, 0.56557239, 0.0 ], [ 123.10879278, 0.57096202, 0.0 ], [ 123.10789447, 0.57096202, 0.0 ], [ 123.10789447, 0.57372654, 0.0 ], [ 123.10789447, 0.5745551, 0.0 ], [ 123.10699615, 0.5745551, 0.0 ], [ 123.10699615, 0.57545337, 0.0 ], [ 123.10628585, 0.57545337, 0.0 ], [ 123.10519952, 0.57545337, 0.0 ], [ 123.10519952, 0.5745551, 0.0 ], [ 123.10430121, 0.5745551, 0.0 ], [ 123.10430121, 0.57136909, 0.0 ], [ 123.10430121, 0.56647067, 0.0 ], [ 123.10519952, 0.56647067, 0.0 ], [ 123.10519952, 0.56073956, 0.0 ], [ 123.10519952, 0.5556914, 0.0 ], [ 123.10430121, 0.5556914, 0.0 ], [ 123.10430121, 0.55479313, 0.0 ] ] ] } },
{ "type": "Feature", "properties": { "gridcode": 1, "Bhy_Bjr": "Rendah", "Luas_Ha": 0.99999999996, "SMBR_DATA": "Badan Nasional Penanggulangan Bencana (BNPB), 2015", "WADMPR": "Gorontalo" }, "geometry": { "type": "Polygon", "coordinates": [ [ [ 123.12406414, 0.55030176, 0.0 ], [ 123.12406414, 0.55120003, 0.0 ], [ 123.12316583, 0.55120003, 0.0 ], [ 123.12316583, 0.55030176, 0.0 ], [ 123.12406414, 0.55030176, 0.0 ] ] ] } },
{ "type": "Feature", "properties": { "gridcode": 3, "Bhy_Bjr": "Tinggi", "Luas_Ha": 22.9999999998, "SMBR_DATA": "Badan Nasional Penanggulangan Bencana (BNPB), 2015", "WADMPR": "Gorontalo" }, "geometry": { "type": "Polygon", "coordinates": [ [ [ 123.10340289, 0.55163361, 0.0 ], [ 123.10340289, 0.55209831, 0.0 ], [ 123.10116912, 0.55209831, 0.0 ], [ 123.09752304, 0.55209831, 0.0 ], [ 123.09711469, 0.55209831, 0.0 ], [ 123.09711469, 0.55120003, 0.0 ], [ 123.09621637, 0.55120003, 0.0 ], [ 123.09621637, 0.54940348, 0.0 ], [ 123.09711469, 0.54940348, 0.0 ], [ 123.09711469, 0.54850521, 0.0 ], [ 123.098013, 0.54850521, 0.0 ], [ 123.098013, 0.54940348, 0.0 ], [ 123.10160626, 0.54940348, 0.0 ], [ 123.10160626, 0.55030176, 0.0 ], [ 123.10429245, 0.55030176, 0.0 ], [ 123.10430121, 0.55030176, 0.0 ], [ 123.10430121, 0.55032344, 0.0 ], [ 123.10430121, 0.55120003, 0.0 ], [ 123.10340289, 0.55120003, 0.0 ], [ 123.10340289, 0.55163361, 0.0 ] ] ] } },
{ "type": "Feature", "properties": { "gridcode": 1, "Bhy_Bjr": "Rendah", "Luas_Ha": 13.0000000002, "SMBR_DATA": "Badan Nasional Penanggulangan Bencana (BNPB), 2015", "WADMPR": "Gorontalo" }, "geometry": { "type": "Polygon", "coordinates": [ [ [ 123.47261047, 0.54760694, 0.0 ], [ 123.47261047, 0.55030176, 0.0 ], [ 123.47350879, 0.55030176, 0.0 ], [ 123.47350879, 0.55120003, 0.0 ], [ 123.47261047, 0.55120003, 0.0 ], [ 123.47261047, 0.55209831, 0.0 ], [ 123.47350879, 0.55209831, 0.0 ], [ 123.47350879, 0.55299658, 0.0 ], [ 123.47261047, 0.55299658, 0.0 ], [ 123.47261047, 0.55479313, 0.0 ], [ 123.47171216, 0.55479313, 0.0 ], [ 123.47171216, 0.55389485, 0.0 ], [ 123.47081384, 0.55389485, 0.0 ], [ 123.47081384, 0.55299658, 0.0 ], [ 123.47171216, 0.55299658, 0.0 ], [ 123.47171216, 0.55030176, 0.0 ], [ 123.47081384, 0.55030176, 0.0 ], [ 123.47081384, 0.54850521, 0.0 ], [ 123.47171216, 0.54850521, 0.0 ], [ 123.47171216, 0.54760694, 0.0 ], [ 123.47261047, 0.54760694, 0.0 ] ] ] } },
{ "type": "Feature", "properties": { "gridcode": 1, "Bhy_Bjr": "Rendah", "Luas_Ha": 13.0, "SMBR_DATA": "Badan Nasional Penanggulangan Bencana (BNPB), 2015", "WADMPR": "Gorontalo" }, "geometry": { "type": "Polygon", "coordinates": [ [ [ 123.40433851, 0.54760694, 0.0 ], [ 123.40433851, 0.54850521, 0.0 ], [ 123.4034402, 0.54850521, 0.0 ], [ 123.4034402, 0.54940348, 0.0 ], [ 123.40254188, 0.54940348, 0.0 ], [ 123.40254188, 0.55030176, 0.0 ], [ 123.40074525, 0.55030176, 0.0 ], [ 123.40074525, 0.54940348, 0.0 ], [ 123.39984694, 0.54940348, 0.0 ], [ 123.39984694, 0.54850521, 0.0 ], [ 123.40074525, 0.54850521, 0.0 ], [ 123.40074525, 0.54670866, 0.0 ], [ 123.4034402, 0.54670866, 0.0 ], [ 123.4034402, 0.54760694, 0.0 ], [ 123.40433851, 0.54760694, 0.0 ] ] ] } },
{ "type": "Feature", "properties": { "gridcode": 3, "Bhy_Bjr": "Tinggi", "Luas_Ha": 5.00000000004, "SMBR_DATA": "Badan Nasional Penanggulangan Bencana (BNPB), 2015", "WADMPR": "Gorontalo" }, "geometry": { "type": "Polygon", "coordinates": [ [ [ 123.13520162, 0.54581039, 0.0 ], [ 123.13607482, 0.54581039, 0.0 ], [ 123.13645408, 0.54581039, 0.0 ], [ 123.1393355, 0.54581039, 0.0 ], [ 123.1393355, 0.54670866, 0.0 ], [ 123.13689671, 0.54670866, 0.0 ], [ 123.13484393, 0.54670866, 0.0 ], [ 123.13484393, 0.54581039, 0.0 ], [ 123.13520162, 0.54581039, 0.0 ] ] ] } },
{ "type": "Feature", "properties": { "gridcode": 2, "Bhy_Bjr": "Sedang", "Luas_Ha": 7.00000000015, "SMBR_DATA": "Badan Nasional Penanggulangan Bencana (BNPB), 2015", "WADMPR": "Gorontalo" }, "geometry": { "type": "Polygon", "coordinates": [ [ [ 123.47261047, 0.54760694, 0.0 ], [ 123.47171216, 0.54760694, 0.0 ], [ 123.47171216, 0.54850521, 0.0 ], [ 123.47081384, 0.54850521, 0.0 ], [ 123.46991553, 0.54850521, 0.0 ], [ 123.46991553, 0.54760694, 0.0 ], [ 123.46991553, 0.54670866, 0.0 ], [ 123.47081384, 0.54670866, 0.0 ], [ 123.47081384, 0.54581039, 0.0 ], [ 123.47261047, 0.54581039, 0.0 ], [ 123.47261047, 0.54760694, 0.0 ] ] ] } },
{ "type": "Feature", "properties": { "gridcode": 2, "Bhy_Bjr": "Sedang", "Luas_Ha": 2.99999999994, "SMBR_DATA": "Badan Nasional Penanggulangan Bencana (BNPB), 2015", "WADMPR": "Gorontalo" }, "geometry": { "type": "Polygon", "coordinates": [ [ [ 123.41062672, 0.54491211, 0.0 ], [ 123.41242335, 0.54491211, 0.0 ], [ 123.41242335, 0.54581039, 0.0 ], [ 123.41152503, 0.54581039, 0.0 ], [ 123.41152503, 0.54670866, 0.0 ], [ 123.41062672, 0.54670866, 0.0 ], [ 123.41062672, 0.54581039, 0.0 ], [ 123.41062672, 0.54491211, 0.0 ] ] ] } },
{ "type": "Feature", "properties": { "gridcode": 2, "Bhy_Bjr": "Sedang", "Luas_Ha": 1.00000000001, "SMBR_DATA": "Badan Nasional Penanggulangan Bencana (BNPB), 2015", "WADMPR": "Gorontalo" }, "geometry": { "type": "Polygon", "coordinates": [ [ [ 123.47171216, 0.54401384, 0.0 ], [ 123.47171216, 0.54491211, 0.0 ], [ 123.47081384, 0.54491211, 0.0 ], [ 123.47081384, 0.54401384, 0.0 ], [ 123.47171216, 0.54401384, 0.0 ] ] ] } },
{ "type": "Feature", "properties": { "gridcode": 2, "Bhy_Bjr": "Sedang", "Luas_Ha": 0.99999999996, "SMBR_DATA": "Badan Nasional Penanggulangan Bencana (BNPB), 2015", "WADMPR": "Gorontalo" }, "geometry": { "type": "Polygon", "coordinates": [ [ [ 123.46901721, 0.54311556, 0.0 ], [ 123.46901721, 0.54401384, 0.0 ], [ 123.4681189, 0.54401384, 0.0 ], [ 123.4681189, 0.54311556, 0.0 ], [ 123.46901721, 0.54311556, 0.0 ] ] ] } },
{ "type": "Feature", "properties": { "gridcode": 3, "Bhy_Bjr": "Tinggi", "Luas_Ha": 8.9999999999900009, "SMBR_DATA": "Badan Nasional Penanggulangan Bencana (BNPB), 2015", "WADMPR": "Gorontalo" }, "geometry": { "type": "Polygon", "coordinates": [ [ [ 123.47081384, 0.54581039, 0.0 ], [ 123.47081384, 0.54670866, 0.0 ], [ 123.46991553, 0.54670866, 0.0 ], [ 123.46991553, 0.54760694, 0.0 ], [ 123.46901721, 0.54760694, 0.0 ], [ 123.46901721, 0.54581039, 0.0 ], [ 123.4681189, 0.54581039, 0.0 ], [ 123.4681189, 0.54491211, 0.0 ], [ 123.46901721, 0.54491211, 0.0 ], [ 123.46901721, 0.54401384, 0.0 ], [ 123.46901721, 0.54311556, 0.0 ], [ 123.46991553, 0.54311556, 0.0 ], [ 123.46991553, 0.54401384, 0.0 ], [ 123.47081384, 0.54401384, 0.0 ], [ 123.47081384, 0.54491211, 0.0 ], [ 123.47081384, 0.54581039, 0.0 ] ] ] } },
{ "type": "Feature", "properties": { "gridcode": 3, "Bhy_Bjr": "Tinggi", "Luas_Ha": 1.00000000001, "SMBR_DATA": "Badan Nasional Penanggulangan Bencana (BNPB), 2015", "WADMPR": "Gorontalo" }, "geometry": { "type": "Polygon", "coordinates": [ [ [ 123.47171216, 0.54311556, 0.0 ], [ 123.47171216, 0.54401384, 0.0 ], [ 123.47081384, 0.54401384, 0.0 ], [ 123.47081384, 0.54311556, 0.0 ], [ 123.47171216, 0.54311556, 0.0 ] ] ] } },
{ "type": "Feature", "properties": { "gridcode": 2, "Bhy_Bjr": "Sedang", "Luas_Ha": 1.00000000003, "SMBR_DATA": "Badan Nasional Penanggulangan Bencana (BNPB), 2015", "WADMPR": "Gorontalo" }, "geometry": { "type": "Polygon", "coordinates": [ [ [ 123.47171216, 0.54311556, 0.0 ], [ 123.47261047, 0.54311556, 0.0 ], [ 123.47261047, 0.54401384, 0.0 ], [ 123.47171216, 0.54401384, 0.0 ], [ 123.47171216, 0.54311556, 0.0 ] ] ] } },
{ "type": "Feature", "properties": { "gridcode": 1, "Bhy_Bjr": "Rendah", "Luas_Ha": 18.000000000099998, "SMBR_DATA": "Badan Nasional Penanggulangan Bencana (BNPB), 2015", "WADMPR": "Gorontalo" }, "geometry": { "type": "Polygon", "coordinates": [ [ [ 123.16179339, 0.53952246, 0.0 ], [ 123.16179339, 0.54131901, 0.0 ], [ 123.16089507, 0.54131901, 0.0 ], [ 123.16089507, 0.54221729, 0.0 ], [ 123.15909844, 0.54221729, 0.0 ], [ 123.15909844, 0.54244761, 0.0 ], [ 123.15909844, 0.54311556, 0.0 ], [ 123.15820012, 0.54311556, 0.0 ], [ 123.15820012, 0.54401384, 0.0 ], [ 123.15640349, 0.54401384, 0.0 ], [ 123.15640349, 0.54311556, 0.0 ], [ 123.15550518, 0.54311556, 0.0 ], [ 123.15550518, 0.54221729, 0.0 ], [ 123.15640349, 0.54221729, 0.0 ], [ 123.15640349, 0.54217126, 0.0 ], [ 123.15640349, 0.54131901, 0.0 ], [ 123.15730181, 0.54131901, 0.0 ], [ 123.15730181, 0.54042074, 0.0 ], [ 123.15999676, 0.54042074, 0.0 ], [ 123.15999676, 0.53952246, 0.0 ], [ 123.16179339, 0.53952246, 0.0 ] ] ] } },
{ "type": "Feature", "properties": { "gridcode": 3, "Bhy_Bjr": "Tinggi", "Luas_Ha": 4.00000000005, "SMBR_DATA": "Badan Nasional Penanggulangan Bencana (BNPB), 2015", "WADMPR": "Gorontalo" }, "geometry": { "type": "Polygon", "coordinates": [ [ [ 123.46991553, 0.53952246, 0.0 ], [ 123.47081384, 0.53952246, 0.0 ], [ 123.47081384, 0.54311556, 0.0 ], [ 123.46991553, 0.54311556, 0.0 ], [ 123.46991553, 0.53952246, 0.0 ] ] ] } },
{ "type": "Feature", "properties": { "gridcode": 1, "Bhy_Bjr": "Rendah", "Luas_Ha": 1.00000000003, "SMBR_DATA": "Badan Nasional Penanggulangan Bencana (BNPB), 2015", "WADMPR": "Gorontalo" }, "geometry": { "type": "Polygon", "coordinates": [ [ [ 123.1626917, 0.53862419, 0.0 ], [ 123.1626917, 0.53952246, 0.0 ], [ 123.16179339, 0.53952246, 0.0 ], [ 123.16179339, 0.53862419, 0.0 ], [ 123.1626917, 0.53862419, 0.0 ] ] ] } },
{ "type": "Feature", "properties": { "gridcode": 1, "Bhy_Bjr": "Rendah", "Luas_Ha": 0.99999999996, "SMBR_DATA": "Badan Nasional Penanggulangan Bencana (BNPB), 2015", "WADMPR": "Gorontalo" }, "geometry": { "type": "Polygon", "coordinates": [ [ [ 123.1626917, 0.53862419, 0.0 ], [ 123.1626917, 0.53772591, 0.0 ], [ 123.16359002, 0.53772591, 0.0 ], [ 123.16359002, 0.53862419, 0.0 ], [ 123.1626917, 0.53862419, 0.0 ] ] ] } },
{ "type": "Feature", "properties": { "gridcode": 1, "Bhy_Bjr": "Rendah", "Luas_Ha": 1.00000000001, "SMBR_DATA": "Badan Nasional Penanggulangan Bencana (BNPB), 2015", "WADMPR": "Gorontalo" }, "geometry": { "type": "Polygon", "coordinates": [ [ [ 123.42320313, 0.53772591, 0.0 ], [ 123.42320313, 0.53862419, 0.0 ], [ 123.42230482, 0.53862419, 0.0 ], [ 123.42230482, 0.53772591, 0.0 ], [ 123.42320313, 0.53772591, 0.0 ] ] ] } },
{ "type": "Feature", "properties": { "gridcode": 1, "Bhy_Bjr": "Rendah", "Luas_Ha": 8.9999999999, "SMBR_DATA": "Badan Nasional Penanggulangan Bencana (BNPB), 2015", "WADMPR": "Gorontalo" }, "geometry": { "type": "Polygon", "coordinates": [ [ [ 123.42679639, 0.53772591, 0.0 ], [ 123.42769471, 0.53772591, 0.0 ], [ 123.42769471, 0.54042074, 0.0 ], [ 123.42679639, 0.54042074, 0.0 ], [ 123.42679639, 0.54131901, 0.0 ], [ 123.4267349, 0.54131901, 0.0 ], [ 123.42410145, 0.54131901, 0.0 ], [ 123.42410145, 0.54042074, 0.0 ], [ 123.42499976, 0.54042074, 0.0 ], [ 123.42499976, 0.53952246, 0.0 ], [ 123.42589808, 0.53952246, 0.0 ], [ 123.42589808, 0.53893504, 0.0 ], [ 123.42589808, 0.53862419, 0.0 ], [ 123.42679639, 0.53862419, 0.0 ], [ 123.42679639, 0.53772591, 0.0 ] ] ] } },
{ "type": "Feature", "properties": { "gridcode": 2, "Bhy_Bjr": "Sedang", "Luas_Ha": 1.00000000003, "SMBR_DATA": "Badan Nasional Penanggulangan Bencana (BNPB), 2015", "WADMPR": "Gorontalo" }, "geometry": { "type": "Polygon", "coordinates": [ [ [ 123.42410145, 0.53682763, 0.0 ], [ 123.42410145, 0.53772591, 0.0 ], [ 123.42320313, 0.53772591, 0.0 ], [ 123.42320313, 0.53682763, 0.0 ], [ 123.42410145, 0.53682763, 0.0 ] ] ] } },
{ "type": "Feature", "properties": { "gridcode": 1, "Bhy_Bjr": "Rendah", "Luas_Ha": 9.0000000001299991, "SMBR_DATA": "Badan Nasional Penanggulangan Bencana (BNPB), 2015", "WADMPR": "Gorontalo" }, "geometry": { "type": "Polygon", "coordinates": [ [ [ 123.1743698, 0.53682763, 0.0 ], [ 123.17347148, 0.53682763, 0.0 ], [ 123.17347148, 0.53772591, 0.0 ], [ 123.17257317, 0.53772591, 0.0 ], [ 123.17257317, 0.53862419, 0.0 ], [ 123.17077654, 0.53862419, 0.0 ], [ 123.17077654, 0.53645477, 0.0 ], [ 123.17077654, 0.53592936, 0.0 ], [ 123.17100739, 0.53592936, 0.0 ], [ 123.1743698, 0.53592936, 0.0 ], [ 123.1743698, 0.53682763, 0.0 ] ] ] } },
{ "type": "Feature", "properties": { "gridcode": 2, "Bhy_Bjr": "Sedang", "Luas_Ha": 1.00000000003, "SMBR_DATA": "Badan Nasional Penanggulangan Bencana (BNPB), 2015", "WADMPR": "Gorontalo" }, "geometry": { "type": "Polygon", "coordinates": [ [ [ 123.45464417, 0.53592936, 0.0 ], [ 123.45464417, 0.53682763, 0.0 ], [ 123.45374585, 0.53682763, 0.0 ], [ 123.45374585, 0.53592936, 0.0 ], [ 123.45464417, 0.53592936, 0.0 ] ] ] } },
{ "type": "Feature", "properties": { "gridcode": 1, "Bhy_Bjr": "Rendah", "Luas_Ha": 21.000000000099998, "SMBR_DATA": "Badan Nasional Penanggulangan Bencana (BNPB), 2015", "WADMPR": "Gorontalo" }, "geometry": { "type": "Polygon", "coordinates": [ [ [ 123.4681189, 0.53772591, 0.0 ], [ 123.46542395, 0.53772591, 0.0 ], [ 123.46542395, 0.53862419, 0.0 ], [ 123.46632227, 0.53862419, 0.0 ], [ 123.46632227, 0.54042074, 0.0 ], [ 123.46542395, 0.54042074, 0.0 ], [ 123.46542395, 0.54221729, 0.0 ], [ 123.46452564, 0.54221729, 0.0 ], [ 123.46452564, 0.54311556, 0.0 ], [ 123.46362732, 0.54311556, 0.0 ], [ 123.46362732, 0.54042074, 0.0 ], [ 123.46272901, 0.54042074, 0.0 ], [ 123.46272901, 0.53952246, 0.0 ], [ 123.46362732, 0.53952246, 0.0 ], [ 123.46362732, 0.53772591, 0.0 ], [ 123.46452564, 0.53772591, 0.0 ], [ 123.46452564, 0.53682763, 0.0 ], [ 123.46542395, 0.53682763, 0.0 ], [ 123.46542395, 0.53592936, 0.0 ], [ 123.46722058, 0.53592936, 0.0 ], [ 123.4681189, 0.53592936, 0.0 ], [ 123.4681189, 0.53772591, 0.0 ] ] ] } },
{ "type": "Feature", "properties": { "gridcode": 1, "Bhy_Bjr": "Rendah", "Luas_Ha": 22.0000000002, "SMBR_DATA": "Badan Nasional Penanggulangan Bencana (BNPB), 2015", "WADMPR": "Gorontalo" }, "geometry": { "type": "Polygon", "coordinates": [ [ [ 123.18514958, 0.53592936, 0.0 ], [ 123.1860479, 0.53592936, 0.0 ], [ 123.1860479, 0.53682763, 0.0 ], [ 123.18694621, 0.53682763, 0.0 ], [ 123.18694621, 0.53772591, 0.0 ], [ 123.18784453, 0.53772591, 0.0 ], [ 123.18784453, 0.53952246, 0.0 ], [ 123.18425127, 0.53952246, 0.0 ], [ 123.18425127, 0.53862419, 0.0 ], [ 123.18234714, 0.53862419, 0.0 ], [ 123.18155632, 0.53862419, 0.0 ], [ 123.18155632, 0.53682763, 0.0 ], [ 123.18185329, 0.53682763, 0.0 ], [ 123.18245464, 0.53682763, 0.0 ], [ 123.18245464, 0.53503108, 0.0 ], [ 123.18335295, 0.53503108, 0.0 ], [ 123.18335295, 0.53592936, 0.0 ], [ 123.18514958, 0.53592936, 0.0 ] ] ] } },
{ "type": "Feature", "properties": { "gridcode": 1, "Bhy_Bjr": "Rendah", "Luas_Ha": 3.00000000007, "SMBR_DATA": "Badan Nasional Penanggulangan Bencana (BNPB), 2015", "WADMPR": "Gorontalo" }, "geometry": { "type": "Polygon", "coordinates": [ [ [ 123.40613514, 0.53503108, 0.0 ], [ 123.40613514, 0.53592936, 0.0 ], [ 123.4034402, 0.53592936, 0.0 ], [ 123.4034402, 0.53503108, 0.0 ], [ 123.40613514, 0.53503108, 0.0 ] ] ] } },
{ "type": "Feature", "properties": { "gridcode": 3, "Bhy_Bjr": "Tinggi", "Luas_Ha": 35.999999999700002, "SMBR_DATA": "Badan Nasional Penanggulangan Bencana (BNPB), 2015", "WADMPR": "Gorontalo" }, "geometry": { "type": "Polygon", "coordinates": [ [ [ 123.13035235, 0.54311556, 0.0 ], [ 123.12765741, 0.54311556, 0.0 ], [ 123.12765741, 0.54221729, 0.0 ], [ 123.12675909, 0.54221729, 0.0 ], [ 123.12675909, 0.53952246, 0.0 ], [ 123.12765741, 0.53952246, 0.0 ], [ 123.12765741, 0.53609812, 0.0 ], [ 123.12765741, 0.53503108, 0.0 ], [ 123.12855572, 0.53503108, 0.0 ], [ 123.12855572, 0.53413281, 0.0 ], [ 123.12945404, 0.53413281, 0.0 ], [ 123.12945404, 0.53503108, 0.0 ], [ 123.13035235, 0.53503108, 0.0 ], [ 123.13035235, 0.53548215, 0.0 ], [ 123.13035235, 0.53772591, 0.0 ], [ 123.13125067, 0.53772591, 0.0 ], [ 123.13125067, 0.5386047, 0.0 ], [ 123.13125067, 0.54158135, 0.0 ], [ 123.13125067, 0.54221729, 0.0 ], [ 123.13035235, 0.54221729, 0.0 ], [ 123.13035235, 0.54311556, 0.0 ] ] ] } },
{ "type": "Feature", "properties": { "gridcode": 2, "Bhy_Bjr": "Sedang", "Luas_Ha": 12.0000000001, "SMBR_DATA": "Badan Nasional Penanggulangan Bencana (BNPB), 2015", "WADMPR": "Gorontalo" }, "geometry": { "type": "Polygon", "coordinates": [ [ [ 123.42679639, 0.53772591, 0.0 ], [ 123.42679639, 0.53862419, 0.0 ], [ 123.42589808, 0.53862419, 0.0 ], [ 123.42589808, 0.53682763, 0.0 ], [ 123.4253107, 0.53682763, 0.0 ], [ 123.42410145, 0.53682763, 0.0 ], [ 123.42410145, 0.53592936, 0.0 ], [ 123.42499976, 0.53592936, 0.0 ], [ 123.42499976, 0.5358647, 0.0 ], [ 123.42499976, 0.53503108, 0.0 ], [ 123.42589808, 0.53503108, 0.0 ], [ 123.42589808, 0.53323453, 0.0 ], [ 123.42747993, 0.53323453, 0.0 ], [ 123.42859303, 0.53323453, 0.0 ], [ 123.42859303, 0.53413281, 0.0 ], [ 123.42773558, 0.53413281, 0.0 ], [ 123.42769471, 0.53413281, 0.0 ], [ 123.42769471, 0.53503108, 0.0 ], [ 123.42679639, 0.53503108, 0.0 ], [ 123.42679639, 0.53772591, 0.0 ] ] ] } },
{ "type": "Feature", "properties": { "gridcode": 1, "Bhy_Bjr": "Rendah", "Luas_Ha": 72.000000000200004, "SMBR_DATA": "Badan Nasional Penanggulangan Bencana (BNPB), 2015", "WADMPR": "Gorontalo" }, "geometry": { "type": "Polygon", "coordinates": [ [ [ 123.08067272, 0.53143798, 0.0 ], [ 123.08094501, 0.53143798, 0.0 ], [ 123.08094501, 0.53233625, 0.0 ], [ 123.088202, 0.53233625, 0.0 ], [ 123.08992816, 0.53233625, 0.0 ], [ 123.08992816, 0.53534575, 0.0 ], [ 123.08992816, 0.53592936, 0.0 ], [ 123.08813153, 0.53592936, 0.0 ], [ 123.08813153, 0.53503108, 0.0 ], [ 123.08742109, 0.53503108, 0.0 ], [ 123.08723322, 0.53503108, 0.0 ], [ 123.08723322, 0.53498315, 0.0 ], [ 123.08723322, 0.53413281, 0.0 ], [ 123.08578711, 0.53413281, 0.0 ], [ 123.08543659, 0.53413281, 0.0 ], [ 123.08543659, 0.53380004, 0.0 ], [ 123.08543659, 0.53323453, 0.0 ], [ 123.08483664, 0.53323453, 0.0 ], [ 123.08363996, 0.53323453, 0.0 ], [ 123.08363996, 0.53413281, 0.0 ], [ 123.08274164, 0.53413281, 0.0 ], [ 123.08274164, 0.53503108, 0.0 ], [ 123.08184333, 0.53503108, 0.0 ], [ 123.08184333, 0.53524525, 0.0 ], [ 123.08168, 0.53491, 0.0 ], [ 123.08134809, 0.53451852, 0.0 ], [ 123.0813783, 0.53449268, 0.0 ], [ 123.08126726, 0.53434124, 0.0 ], [ 123.08109748, 0.53390301, 0.0 ], [ 123.08109953, 0.53390191, 0.0 ], [ 123.08109473, 0.53389591, 0.0 ], [ 123.08109332, 0.53389226, 0.0 ], [ 123.08085248, 0.53342533, 0.0 ], [ 123.08087031, 0.53303921, 0.0 ], [ 123.08087019, 0.5330367, 0.0 ], [ 123.08085658, 0.53274314, 0.0 ], [ 123.0808518, 0.53266045, 0.0 ], [ 123.08076736, 0.53252177, 0.0 ], [ 123.08077201, 0.5325202, 0.0 ], [ 123.08075413, 0.53249171, 0.0 ], [ 123.08075026, 0.53245176, 0.0 ], [ 123.08074897, 0.53243487, 0.0 ], [ 123.0807522, 0.53240175, 0.0 ], [ 123.08080808, 0.53221441, 0.0 ], [ 123.0807929, 0.53191186, 0.0 ], [ 123.08074824, 0.53173576, 0.0 ], [ 123.08067272, 0.53143798, 0.0 ] ] ] } },
{ "type": "Feature", "properties": { "gridcode": 2, "Bhy_Bjr": "Sedang", "Luas_Ha": 11.9999999997, "SMBR_DATA": "Badan Nasional Penanggulangan Bencana (BNPB), 2015", "WADMPR": "Gorontalo" }, "geometry": { "type": "Polygon", "coordinates": [ [ [ 123.15191192, 0.53592936, 0.0 ], [ 123.15122093, 0.53592936, 0.0 ], [ 123.1510136, 0.53592936, 0.0 ], [ 123.1510136, 0.53503108, 0.0 ], [ 123.15011529, 0.53503108, 0.0 ], [ 123.15011529, 0.53323453, 0.0 ], [ 123.14921697, 0.53323453, 0.0 ], [ 123.14921697, 0.53233625, 0.0 ], [ 123.1508941, 0.53233625, 0.0 ], [ 123.1510136, 0.53233625, 0.0 ], [ 123.1510136, 0.53143798, 0.0 ], [ 123.15191192, 0.53143798, 0.0 ], [ 123.15191192, 0.53233625, 0.0 ], [ 123.15281023, 0.53233625, 0.0 ], [ 123.15281023, 0.53503108, 0.0 ], [ 123.15191192, 0.53503108, 0.0 ], [ 123.15191192, 0.53592936, 0.0 ] ] ] } },
{ "type": "Feature", "properties": { "gridcode": 1, "Bhy_Bjr": "Rendah", "Luas_Ha": 2.00000000002, "SMBR_DATA": "Badan Nasional Penanggulangan Bencana (BNPB), 2015", "WADMPR": "Gorontalo" }, "geometry": { "type": "Polygon", "coordinates": [ [ [ 123.41781324, 0.53143798, 0.0 ], [ 123.41781324, 0.53323453, 0.0 ], [ 123.41691493, 0.53323453, 0.0 ], [ 123.41691493, 0.53143798, 0.0 ], [ 123.41781324, 0.53143798, 0.0 ] ] ] } },
{ "type": "Feature", "properties": { "gridcode": 1, "Bhy_Bjr": "Rendah", "Luas_Ha": 139.0, "SMBR_DATA": "Badan Nasional Penanggulangan Bencana (BNPB), 2015", "WADMPR": "Gorontalo" }, "geometry": { "type": "Polygon", "coordinates": [ [ [ 123.41062672, 0.54581039, 0.0 ], [ 123.4097284, 0.54581039, 0.0 ], [ 123.4097284, 0.54670866, 0.0 ], [ 123.40883009, 0.54670866, 0.0 ], [ 123.40883009, 0.54760694, 0.0 ], [ 123.40793177, 0.54760694, 0.0 ], [ 123.40793177, 0.54670866, 0.0 ], [ 123.40703346, 0.54670866, 0.0 ], [ 123.40703346, 0.54760694, 0.0 ], [ 123.40613514, 0.54760694, 0.0 ], [ 123.40613514, 0.54670866, 0.0 ], [ 123.40523683, 0.54670866, 0.0 ], [ 123.40523683, 0.54760694, 0.0 ], [ 123.40433851, 0.54760694, 0.0 ], [ 123.40433851, 0.54670866, 0.0 ], [ 123.4034402, 0.54670866, 0.0 ], [ 123.4034402, 0.54581039, 0.0 ], [ 123.40433851, 0.54581039, 0.0 ], [ 123.40433851, 0.54401384, 0.0 ], [ 123.40523683, 0.54401384, 0.0 ], [ 123.40523683, 0.54311556, 0.0 ], [ 123.40613514, 0.54311556, 0.0 ], [ 123.40613514, 0.54401384, 0.0 ], [ 123.40703346, 0.54401384, 0.0 ], [ 123.40703346, 0.54491211, 0.0 ], [ 123.40793177, 0.54491211, 0.0 ], [ 123.40793177, 0.54311556, 0.0 ], [ 123.40703346, 0.54311556, 0.0 ], [ 123.40703346, 0.54131901, 0.0 ], [ 123.40883009, 0.54131901, 0.0 ], [ 123.40883009, 0.54042074, 0.0 ], [ 123.4097284, 0.54042074, 0.0 ], [ 123.4097284, 0.53772591, 0.0 ], [ 123.40883009, 0.53772591, 0.0 ], [ 123.40883009, 0.53592936, 0.0 ], [ 123.40793177, 0.53592936, 0.0 ], [ 123.40793177, 0.53413281, 0.0 ], [ 123.40613514, 0.53413281, 0.0 ], [ 123.40613514, 0.53233625, 0.0 ], [ 123.40703346, 0.53233625, 0.0 ], [ 123.40703346, 0.53143798, 0.0 ], [ 123.40793177, 0.53143798, 0.0 ], [ 123.40793177, 0.53233625, 0.0 ], [ 123.40883009, 0.53233625, 0.0 ], [ 123.40883009, 0.53323453, 0.0 ], [ 123.4097284, 0.53323453, 0.0 ], [ 123.4097284, 0.53503108, 0.0 ], [ 123.41062672, 0.53503108, 0.0 ], [ 123.41152503, 0.53503108, 0.0 ], [ 123.41152503, 0.53592936, 0.0 ], [ 123.41242335, 0.53592936, 0.0 ], [ 123.41242335, 0.53503108, 0.0 ], [ 123.41332167, 0.53503108, 0.0 ], [ 123.41332167, 0.53413281, 0.0 ], [ 123.41421998, 0.53413281, 0.0 ], [ 123.41421998, 0.53323453, 0.0 ], [ 123.4151183, 0.53323453, 0.0 ], [ 123.4151183, 0.53233625, 0.0 ], [ 123.41601661, 0.53233625, 0.0 ], [ 123.41601661, 0.53323453, 0.0 ], [ 123.41691493, 0.53323453, 0.0 ], [ 123.41691493, 0.53592936, 0.0 ], [ 123.41601661, 0.53592936, 0.0 ], [ 123.41601661, 0.53682763, 0.0 ], [ 123.4151183, 0.53682763, 0.0 ], [ 123.4151183, 0.53592936, 0.0 ], [ 123.41421998, 0.53592936, 0.0 ], [ 123.41421998, 0.53682763, 0.0 ], [ 123.4151183, 0.53682763, 0.0 ], [ 123.4151183, 0.53862419, 0.0 ], [ 123.41691493, 0.53862419, 0.0 ], [ 123.41691493, 0.53772591, 0.0 ], [ 123.41601661, 0.53772591, 0.0 ], [ 123.41601661, 0.53682763, 0.0 ], [ 123.41871156, 0.53682763, 0.0 ], [ 123.41871156, 0.53413281, 0.0 ], [ 123.41781324, 0.53413281, 0.0 ], [ 123.41781324, 0.53323453, 0.0 ], [ 123.42050819, 0.53323453, 0.0 ], [ 123.42050819, 0.53143798, 0.0 ], [ 123.42230482, 0.53143798, 0.0 ], [ 123.42230482, 0.53233625, 0.0 ], [ 123.42320313, 0.53233625, 0.0 ], [ 123.42320313, 0.53323453, 0.0 ], [ 123.42230482, 0.53323453, 0.0 ], [ 123.42230482, 0.53503108, 0.0 ], [ 123.42230482, 0.53592936, 0.0 ], [ 123.4214065, 0.53592936, 0.0 ], [ 123.4214065, 0.53503108, 0.0 ], [ 123.42050819, 0.53503108, 0.0 ], [ 123.42050819, 0.53862419, 0.0 ], [ 123.41960987, 0.53862419, 0.0 ], [ 123.41960987, 0.53952246, 0.0 ], [ 123.41871156, 0.53952246, 0.0 ], [ 123.41871156, 0.54221729, 0.0 ], [ 123.41601661, 0.54221729, 0.0 ], [ 123.41601661, 0.54131901, 0.0 ], [ 123.4151183, 0.54131901, 0.0 ], [ 123.4151183, 0.54042074, 0.0 ], [ 123.41152503, 0.54042074, 0.0 ], [ 123.41152503, 0.54131901, 0.0 ], [ 123.4097284, 0.54131901, 0.0 ], [ 123.4097284, 0.54221729, 0.0 ], [ 123.41062672, 0.54221729, 0.0 ], [ 123.41062672, 0.54311556, 0.0 ], [ 123.4097284, 0.54311556, 0.0 ], [ 123.4097284, 0.54401384, 0.0 ], [ 123.41062672, 0.54401384, 0.0 ], [ 123.41062672, 0.54491211, 0.0 ], [ 123.41062672, 0.54581039, 0.0 ] ] ] } },
{ "type": "Feature", "properties": { "gridcode": 3, "Bhy_Bjr": "Tinggi", "Luas_Ha": 8.0000000000499991, "SMBR_DATA": "Badan Nasional Penanggulangan Bencana (BNPB), 2015", "WADMPR": "Gorontalo" }, "geometry": { "type": "Polygon", "coordinates": [ [ [ 123.40164357, 0.5305397, 0.0 ], [ 123.40164357, 0.53143798, 0.0 ], [ 123.4034402, 0.53143798, 0.0 ], [ 123.4034402, 0.53233625, 0.0 ], [ 123.40433851, 0.53233625, 0.0 ], [ 123.40433851, 0.53323453, 0.0 ], [ 123.4034402, 0.53323453, 0.0 ], [ 123.40074525, 0.53323453, 0.0 ], [ 123.40074525, 0.5305397, 0.0 ], [ 123.40164357, 0.5305397, 0.0 ] ] ] } },
{ "type": "Feature", "properties": { "gridcode": 1, "Bhy_Bjr": "Rendah", "Luas_Ha": 0.99999999996, "SMBR_DATA": "Badan Nasional Penanggulangan Bencana (BNPB), 2015", "WADMPR": "Gorontalo" }, "geometry": { "type": "Polygon", "coordinates": [ [ [ 123.41871156, 0.5305397, 0.0 ], [ 123.41871156, 0.53143798, 0.0 ], [ 123.41781324, 0.53143798, 0.0 ], [ 123.41781324, 0.5305397, 0.0 ], [ 123.41871156, 0.5305397, 0.0 ] ] ] } },
{ "type": "Feature", "properties": { "gridcode": 2, "Bhy_Bjr": "Sedang", "Luas_Ha": 8.9999999999900009, "SMBR_DATA": "Badan Nasional Penanggulangan Bencana (BNPB), 2015", "WADMPR": "Gorontalo" }, "geometry": { "type": "Polygon", "coordinates": [ [ [ 123.45194922, 0.5305397, 0.0 ], [ 123.45374585, 0.5305397, 0.0 ], [ 123.45374585, 0.53143798, 0.0 ], [ 123.45464417, 0.53143798, 0.0 ], [ 123.45464417, 0.53413281, 0.0 ], [ 123.45374585, 0.53413281, 0.0 ], [ 123.45374585, 0.53323453, 0.0 ], [ 123.45194922, 0.53323453, 0.0 ], [ 123.45194922, 0.53143798, 0.0 ], [ 123.45194922, 0.5305397, 0.0 ] ] ] } },
{ "type": "Feature", "properties": { "gridcode": 2, "Bhy_Bjr": "Sedang", "Luas_Ha": 28.999999999500002, "SMBR_DATA": "Badan Nasional Penanggulangan Bencana (BNPB), 2015", "WADMPR": "Gorontalo" }, "geometry": { "type": "Polygon", "coordinates": [ [ [ 123.46991553, 0.53952246, 0.0 ], [ 123.46991553, 0.54311556, 0.0 ], [ 123.46901721, 0.54311556, 0.0 ], [ 123.46901721, 0.54221729, 0.0 ], [ 123.4681189, 0.54221729, 0.0 ], [ 123.4681189, 0.54131901, 0.0 ], [ 123.46901721, 0.54131901, 0.0 ], [ 123.46901721, 0.54042074, 0.0 ], [ 123.4681189, 0.54042074, 0.0 ], [ 123.4681189, 0.53772591, 0.0 ], [ 123.4681189, 0.53592936, 0.0 ], [ 123.46722058, 0.53592936, 0.0 ], [ 123.46722058, 0.53413281, 0.0 ], [ 123.46722058, 0.5305397, 0.0 ], [ 123.46901721, 0.5305397, 0.0 ], [ 123.46901721, 0.53323453, 0.0 ], [ 123.46991553, 0.53323453, 0.0 ], [ 123.46991553, 0.53952246, 0.0 ] ] ] } },
{ "type": "Feature", "properties": { "gridcode": 1, "Bhy_Bjr": "Rendah", "Luas_Ha": 1.00000000001, "SMBR_DATA": "Badan Nasional Penanggulangan Bencana (BNPB), 2015", "WADMPR": "Gorontalo" }, "geometry": { "type": "Polygon", "coordinates": [ [ [ 123.43667786, 0.52964142, 0.0 ], [ 123.43667786, 0.5305397, 0.0 ], [ 123.43577955, 0.5305397, 0.0 ], [ 123.43577955, 0.52964142, 0.0 ], [ 123.43667786, 0.52964142, 0.0 ] ] ] } },
{ "type": "Feature", "properties": { "gridcode": 3, "Bhy_Bjr": "Tinggi", "Luas_Ha": 7.00000000021, "SMBR_DATA": "Badan Nasional Penanggulangan Bencana (BNPB), 2015", "WADMPR": "Gorontalo" }, "geometry": { "type": "Polygon", "coordinates": [ [ [ 123.46901721, 0.5305397, 0.0 ], [ 123.46901721, 0.52964142, 0.0 ], [ 123.46991553, 0.52964142, 0.0 ], [ 123.46991553, 0.5305397, 0.0 ], [ 123.47081384, 0.5305397, 0.0 ], [ 123.47081384, 0.53323453, 0.0 ], [ 123.46991553, 0.53323453, 0.0 ], [ 123.46901721, 0.53323453, 0.0 ], [ 123.46901721, 0.5305397, 0.0 ] ] ] } },
{ "type": "Feature", "properties": { "gridcode": 3, "Bhy_Bjr": "Tinggi", "Luas_Ha": 49.999999999899998, "SMBR_DATA": "Badan Nasional Penanggulangan Bencana (BNPB), 2015", "WADMPR": "Gorontalo" }, "geometry": { "type": "Polygon", "coordinates": [ [ [ 123.17975969, 0.53952246, 0.0 ], [ 123.17975969, 0.54042074, 0.0 ], [ 123.17886138, 0.54042074, 0.0 ], [ 123.17886138, 0.54131901, 0.0 ], [ 123.17706475, 0.54131901, 0.0 ], [ 123.17706475, 0.54042074, 0.0 ], [ 123.17796306, 0.54042074, 0.0 ], [ 123.17796306, 0.53952246, 0.0 ], [ 123.17706475, 0.53952246, 0.0 ], [ 123.17706475, 0.53772591, 0.0 ], [ 123.17796306, 0.53772591, 0.0 ], [ 123.17796306, 0.53592936, 0.0 ], [ 123.17706475, 0.53592936, 0.0 ], [ 123.17706475, 0.5358676, 0.0 ], [ 123.17706475, 0.53413281, 0.0 ], [ 123.17616643, 0.53413281, 0.0 ], [ 123.17616643, 0.53233625, 0.0 ], [ 123.17526812, 0.53233625, 0.0 ], [ 123.17526812, 0.5305397, 0.0 ], [ 123.17347148, 0.5305397, 0.0 ], [ 123.17347148, 0.52964142, 0.0 ], [ 123.17347148, 0.52874315, 0.0 ], [ 123.17526812, 0.52874315, 0.0 ], [ 123.17526812, 0.52964142, 0.0 ], [ 123.17886138, 0.52964142, 0.0 ], [ 123.17886138, 0.5305397, 0.0 ], [ 123.18065801, 0.5305397, 0.0 ], [ 123.18146159, 0.5305397, 0.0 ], [ 123.18155632, 0.5305397, 0.0 ], [ 123.18155632, 0.53323453, 0.0 ], [ 123.1812741, 0.53323453, 0.0 ], [ 123.18065801, 0.53323453, 0.0 ], [ 123.18065801, 0.53413281, 0.0 ], [ 123.17975969, 0.53413281, 0.0 ], [ 123.17975969, 0.53592936, 0.0 ], [ 123.17943811, 0.53592936, 0.0 ], [ 123.17886138, 0.53592936, 0.0 ], [ 123.17886138, 0.53862419, 0.0 ], [ 123.17975969, 0.53862419, 0.0 ], [ 123.17975969, 0.53952246, 0.0 ] ] ] } },
{ "type": "Feature", "properties": { "gridcode": 3, "Bhy_Bjr": "Tinggi", "Luas_Ha": 5.9999999999, "SMBR_DATA": "Badan Nasional Penanggulangan Bencana (BNPB), 2015", "WADMPR": "Gorontalo" }, "geometry": { "type": "Polygon", "coordinates": [ [ [ 123.38996547, 0.52874315, 0.0 ], [ 123.38996547, 0.52964142, 0.0 ], [ 123.39086378, 0.52964142, 0.0 ], [ 123.39086378, 0.53143798, 0.0 ], [ 123.38906715, 0.53143798, 0.0 ], [ 123.38906715, 0.5305397, 0.0 ], [ 123.38816884, 0.5305397, 0.0 ], [ 123.38816884, 0.52964142, 0.0 ], [ 123.38906715, 0.52964142, 0.0 ], [ 123.38906715, 0.52874315, 0.0 ], [ 123.38996547, 0.52874315, 0.0 ] ] ] } },
{ "type": "Feature", "properties": { "gridcode": 2, "Bhy_Bjr": "Sedang", "Luas_Ha": 16.9999999998, "SMBR_DATA": "Badan Nasional Penanggulangan Bencana (BNPB), 2015", "WADMPR": "Gorontalo" }, "geometry": { "type": "Polygon", "coordinates": [ [ [ 123.42499976, 0.5305397, 0.0 ], [ 123.42499976, 0.53413281, 0.0 ], [ 123.42443154, 0.53413281, 0.0 ], [ 123.42320313, 0.53413281, 0.0 ], [ 123.42320313, 0.53503108, 0.0 ], [ 123.42230482, 0.53503108, 0.0 ], [ 123.42230482, 0.53323453, 0.0 ], [ 123.42320313, 0.53323453, 0.0 ], [ 123.42320313, 0.53233625, 0.0 ], [ 123.42230482, 0.53233625, 0.0 ], [ 123.42230482, 0.53143798, 0.0 ], [ 123.42230482, 0.52964142, 0.0 ], [ 123.42320313, 0.52964142, 0.0 ], [ 123.42320313, 0.52962556, 0.0 ], [ 123.42320313, 0.52874315, 0.0 ], [ 123.42499976, 0.52874315, 0.0 ], [ 123.42499976, 0.5305397, 0.0 ] ] ] } },
{ "type": "Feature", "properties": { "gridcode": 3, "Bhy_Bjr": "Tinggi", "Luas_Ha": 1.99999999995, "SMBR_DATA": "Badan Nasional Penanggulangan Bencana (BNPB), 2015", "WADMPR": "Gorontalo" }, "geometry": { "type": "Polygon", "coordinates": [ [ [ 123.42589808, 0.52874315, 0.0 ], [ 123.42589808, 0.5305397, 0.0 ], [ 123.42499976, 0.5305397, 0.0 ], [ 123.42499976, 0.52874315, 0.0 ], [ 123.42589808, 0.52874315, 0.0 ] ] ] } },
{ "type": "Feature", "properties": { "gridcode": 2, "Bhy_Bjr": "Sedang", "Luas_Ha": 3.99999999995, "SMBR_DATA": "Badan Nasional Penanggulangan Bencana (BNPB), 2015", "WADMPR": "Gorontalo" }, "geometry": { "type": "Polygon", "coordinates": [ [ [ 123.38906715, 0.52874315, 0.0 ], [ 123.38906715, 0.52964142, 0.0 ], [ 123.38816884, 0.52964142, 0.0 ], [ 123.38727052, 0.52964142, 0.0 ], [ 123.38727052, 0.52784487, 0.0 ], [ 123.38906715, 0.52784487, 0.0 ], [ 123.38906715, 0.52874315, 0.0 ] ] ] } },
{ "type": "Feature", "properties": { "gridcode": 1, "Bhy_Bjr": "Rendah", "Luas_Ha": 3.00000000007, "SMBR_DATA": "Badan Nasional Penanggulangan Bencana (BNPB), 2015", "WADMPR": "Gorontalo" }, "geometry": { "type": "Polygon", "coordinates": [ [ [ 123.39625368, 0.52784487, 0.0 ], [ 123.39625368, 0.52874315, 0.0 ], [ 123.39355873, 0.52874315, 0.0 ], [ 123.39355873, 0.52784487, 0.0 ], [ 123.39625368, 0.52784487, 0.0 ] ] ] } },
{ "type": "Feature", "properties": { "gridcode": 3, "Bhy_Bjr": "Tinggi", "Luas_Ha": 2.00000000004, "SMBR_DATA": "Badan Nasional Penanggulangan Bencana (BNPB), 2015", "WADMPR": "Gorontalo" }, "geometry": { "type": "Polygon", "coordinates": [ [ [ 123.4151183, 0.52784487, 0.0 ], [ 123.41601661, 0.52784487, 0.0 ], [ 123.41601661, 0.52874315, 0.0 ], [ 123.41421998, 0.52874315, 0.0 ], [ 123.41421998, 0.52784487, 0.0 ], [ 123.4151183, 0.52784487, 0.0 ] ] ] } },
{ "type": "Feature", "properties": { "gridcode": 3, "Bhy_Bjr": "Tinggi", "Luas_Ha": 6.00000000002, "SMBR_DATA": "Badan Nasional Penanggulangan Bencana (BNPB), 2015", "WADMPR": "Gorontalo" }, "geometry": { "type": "Polygon", "coordinates": [ [ [ 123.10609784, 0.52964142, 0.0 ], [ 123.10609784, 0.52874315, 0.0 ], [ 123.10430121, 0.52874315, 0.0 ], [ 123.10430121, 0.52784487, 0.0 ], [ 123.10578149, 0.52784487, 0.0 ], [ 123.10609784, 0.52784487, 0.0 ], [ 123.10609784, 0.52694659, 0.0 ], [ 123.10699615, 0.52694659, 0.0 ], [ 123.10699615, 0.52784487, 0.0 ], [ 123.10789447, 0.52784487, 0.0 ], [ 123.10789447, 0.52874315, 0.0 ], [ 123.10699615, 0.52874315, 0.0 ], [ 123.10699615, 0.52964142, 0.0 ], [ 123.10665037, 0.52964142, 0.0 ], [ 123.10609784, 0.52964142, 0.0 ] ] ] } },
{ "type": "Feature", "properties": { "gridcode": 1, "Bhy_Bjr": "Rendah", "Luas_Ha": 298.0, "SMBR_DATA": "Badan Nasional Penanggulangan Bencana (BNPB), 2015", "WADMPR": "Gorontalo" }, "geometry": { "type": "Polygon", "coordinates": [ [ [ 123.10699615, 0.53143798, 0.0 ], [ 123.10774999, 0.53143798, 0.0 ], [ 123.10907114, 0.53143798, 0.0 ], [ 123.11058941, 0.53143798, 0.0 ], [ 123.11058941, 0.5305397, 0.0 ], [ 123.11121316, 0.5305397, 0.0 ], [ 123.11655795, 0.5305397, 0.0 ], [ 123.11687762, 0.5305397, 0.0 ], [ 123.11687762, 0.52784487, 0.0 ], [ 123.11957257, 0.52784487, 0.0 ], [ 123.11957257, 0.52694659, 0.0 ], [ 123.12007226, 0.52694659, 0.0 ], [ 123.12047088, 0.52694659, 0.0 ], [ 123.12047088, 0.52745979, 0.0 ], [ 123.12047088, 0.52784487, 0.0 ], [ 123.12089289, 0.52784487, 0.0 ], [ 123.1213692, 0.52784487, 0.0 ], [ 123.1213692, 0.528, 0.0 ], [ 123.1213692, 0.52964142, 0.0 ], [ 123.12047088, 0.52964142, 0.0 ], [ 123.12047088, 0.5305397, 0.0 ], [ 123.11777594, 0.5305397, 0.0 ], [ 123.11777594, 0.53323453, 0.0 ], [ 123.11743414, 0.53323453, 0.0 ], [ 123.11597931, 0.53323453, 0.0 ], [ 123.11597931, 0.53413281, 0.0 ], [ 123.11328436, 0.53413281, 0.0 ], [ 123.11328436, 0.53503108, 0.0 ], [ 123.11307057, 0.53503108, 0.0 ], [ 123.11148773, 0.53503108, 0.0 ], [ 123.11148773, 0.53592936, 0.0 ], [ 123.10879278, 0.53592936, 0.0 ], [ 123.10879278, 0.53682763, 0.0 ], [ 123.10703843, 0.53682763, 0.0 ], [ 123.10609784, 0.53682763, 0.0 ], [ 123.10609784, 0.53772591, 0.0 ], [ 123.10734973, 0.53772591, 0.0 ], [ 123.10789447, 0.53772591, 0.0 ], [ 123.10789447, 0.53862419, 0.0 ], [ 123.11148773, 0.53862419, 0.0 ], [ 123.11148773, 0.53952246, 0.0 ], [ 123.11328436, 0.53952246, 0.0 ], [ 123.11328436, 0.54042074, 0.0 ], [ 123.11418268, 0.54042074, 0.0 ], [ 123.11418268, 0.54131901, 0.0 ], [ 123.1146926, 0.54131901, 0.0 ], [ 123.11508099, 0.54131901, 0.0 ], [ 123.11508099, 0.54221729, 0.0 ], [ 123.11479675, 0.54221729, 0.0 ], [ 123.11418268, 0.54221729, 0.0 ], [ 123.11418268, 0.54311556, 0.0 ], [ 123.10847039, 0.54311556, 0.0 ], [ 123.10789447, 0.54311556, 0.0 ], [ 123.10789447, 0.54401384, 0.0 ], [ 123.10519952, 0.54401384, 0.0 ], [ 123.10519952, 0.54311556, 0.0 ], [ 123.10250458, 0.54311556, 0.0 ], [ 123.10250458, 0.54221729, 0.0 ], [ 123.10195756, 0.54221729, 0.0 ], [ 123.09711469, 0.54221729, 0.0 ], [ 123.09711469, 0.54131901, 0.0 ], [ 123.09621637, 0.54131901, 0.0 ], [ 123.09621637, 0.54042074, 0.0 ], [ 123.09531805, 0.54042074, 0.0 ], [ 123.09531805, 0.53952246, 0.0 ], [ 123.09366445, 0.53952246, 0.0 ], [ 123.09352142, 0.53952246, 0.0 ], [ 123.09352142, 0.53862419, 0.0 ], [ 123.09172479, 0.53862419, 0.0 ], [ 123.09172479, 0.53952246, 0.0 ], [ 123.09082648, 0.53952246, 0.0 ], [ 123.09082648, 0.54221729, 0.0 ], [ 123.08992816, 0.54221729, 0.0 ], [ 123.08992816, 0.54311556, 0.0 ], [ 123.089085, 0.54311556, 0.0 ], [ 123.08813153, 0.54311556, 0.0 ], [ 123.08813153, 0.54221729, 0.0 ], [ 123.08723322, 0.54221729, 0.0 ], [ 123.08723322, 0.54042074, 0.0 ], [ 123.08813153, 0.54042074, 0.0 ], [ 123.08813153, 0.53973577, 0.0 ], [ 123.08813153, 0.53862419, 0.0 ], [ 123.08992816, 0.53862419, 0.0 ], [ 123.08992816, 0.53682763, 0.0 ], [ 123.09352142, 0.53682763, 0.0 ], [ 123.09352142, 0.53626874, 0.0 ], [ 123.09352142, 0.53592936, 0.0 ], [ 123.09525199, 0.53592936, 0.0 ], [ 123.09531805, 0.53592936, 0.0 ], [ 123.09531805, 0.53590423, 0.0 ], [ 123.09531805, 0.53413281, 0.0 ], [ 123.09555648, 0.53413281, 0.0 ], [ 123.09621637, 0.53413281, 0.0 ], [ 123.09621637, 0.53233625, 0.0 ], [ 123.09711469, 0.53233625, 0.0 ], [ 123.09711469, 0.53143798, 0.0 ], [ 123.09886014, 0.53143798, 0.0 ], [ 123.1034311, 0.53143798, 0.0 ], [ 123.10430121, 0.53143798, 0.0 ], [ 123.10699615, 0.53143798, 0.0 ] ] ] } },
{ "type": "Feature", "properties": { "gridcode": 2, "Bhy_Bjr": "Sedang", "Luas_Ha": 43.0, "SMBR_DATA": "Badan Nasional Penanggulangan Bencana (BNPB), 2015", "WADMPR": "Gorontalo" }, "geometry": { "type": "Polygon", "coordinates": [ [ [ 123.14292876, 0.52784487, 0.0 ], [ 123.14341443, 0.52784487, 0.0 ], [ 123.14382708, 0.52784487, 0.0 ], [ 123.14382708, 0.52907576, 0.0 ], [ 123.14382708, 0.52964142, 0.0 ], [ 123.1447254, 0.52964142, 0.0 ], [ 123.1447254, 0.53323453, 0.0 ], [ 123.14113213, 0.53323453, 0.0 ], [ 123.14113213, 0.5305397, 0.0 ], [ 123.13967788, 0.5305397, 0.0 ], [ 123.1393355, 0.5305397, 0.0 ], [ 123.1393355, 0.52964142, 0.0 ], [ 123.13574224, 0.52964142, 0.0 ], [ 123.13574224, 0.52784487, 0.0 ], [ 123.13664056, 0.52784487, 0.0 ], [ 123.13664056, 0.52694659, 0.0 ], [ 123.13906442, 0.52694659, 0.0 ], [ 123.14292876, 0.52694659, 0.0 ], [ 123.14292876, 0.52784487, 0.0 ] ] ] } },
{ "type": "Feature", "properties": { "gridcode": 1, "Bhy_Bjr": "Rendah", "Luas_Ha": 0.99999999996, "SMBR_DATA": "Badan Nasional Penanggulangan Bencana (BNPB), 2015", "WADMPR": "Gorontalo" }, "geometry": { "type": "Polygon", "coordinates": [ [ [ 123.39715199, 0.52694659, 0.0 ], [ 123.39715199, 0.52784487, 0.0 ], [ 123.39625368, 0.52784487, 0.0 ], [ 123.39625368, 0.52694659, 0.0 ], [ 123.39715199, 0.52694659, 0.0 ] ] ] } },
{ "type": "Feature", "properties": { "gridcode": 1, "Bhy_Bjr": "Rendah", "Luas_Ha": 1.00000000003, "SMBR_DATA": "Badan Nasional Penanggulangan Bencana (BNPB), 2015", "WADMPR": "Gorontalo" }, "geometry": { "type": "Polygon", "coordinates": [ [ [ 123.39984694, 0.52694659, 0.0 ], [ 123.40074525, 0.52694659, 0.0 ], [ 123.40074525, 0.52784487, 0.0 ], [ 123.39984694, 0.52784487, 0.0 ], [ 123.39984694, 0.52694659, 0.0 ] ] ] } },
{ "type": "Feature", "properties": { "gridcode": 3, "Bhy_Bjr": "Tinggi", "Luas_Ha": 17.9999999996, "SMBR_DATA": "Badan Nasional Penanggulangan Bencana (BNPB), 2015", "WADMPR": "Gorontalo" }, "geometry": { "type": "Polygon", "coordinates": [ [ [ 123.41332167, 0.52874315, 0.0 ], [ 123.41332167, 0.52964142, 0.0 ], [ 123.41242335, 0.52964142, 0.0 ], [ 123.41242335, 0.5305397, 0.0 ], [ 123.41152503, 0.5305397, 0.0 ], [ 123.41152503, 0.52964142, 0.0 ], [ 123.40703346, 0.52964142, 0.0 ], [ 123.40703346, 0.52874315, 0.0 ], [ 123.40613514, 0.52874315, 0.0 ], [ 123.40613514, 0.52784487, 0.0 ], [ 123.40703346, 0.52784487, 0.0 ], [ 123.40703346, 0.52694659, 0.0 ], [ 123.40883009, 0.52694659, 0.0 ], [ 123.40883009, 0.52784487, 0.0 ], [ 123.41332167, 0.52784487, 0.0 ], [ 123.41332167, 0.52874315, 0.0 ] ] ] } },
{ "type": "Feature", "properties": { "gridcode": 2, "Bhy_Bjr": "Sedang", "Luas_Ha": 11.0, "SMBR_DATA": "Badan Nasional Penanggulangan Bencana (BNPB), 2015", "WADMPR": "Gorontalo" }, "geometry": { "type": "Polygon", "coordinates": [ [ [ 123.42859303, 0.52964142, 0.0 ], [ 123.42859303, 0.53143798, 0.0 ], [ 123.42769471, 0.53143798, 0.0 ], [ 123.42769471, 0.5305397, 0.0 ], [ 123.42682204, 0.5305397, 0.0 ], [ 123.42679639, 0.5305397, 0.0 ], [ 123.42679639, 0.53143798, 0.0 ], [ 123.42589808, 0.53143798, 0.0 ], [ 123.42589808, 0.5305397, 0.0 ], [ 123.42589808, 0.52874315, 0.0 ], [ 123.426406, 0.52874315, 0.0 ], [ 123.42679639, 0.52874315, 0.0 ], [ 123.42679639, 0.52694659, 0.0 ], [ 123.42769471, 0.52694659, 0.0 ], [ 123.42769471, 0.52784487, 0.0 ], [ 123.42859303, 0.52784487, 0.0 ], [ 123.42859303, 0.52964142, 0.0 ] ] ] } },
{ "type": "Feature", "properties": { "gridcode": 2, "Bhy_Bjr": "Sedang", "Luas_Ha": 7.99999999984, "SMBR_DATA": "Badan Nasional Penanggulangan Bencana (BNPB), 2015", "WADMPR": "Gorontalo" }, "geometry": { "type": "Polygon", "coordinates": [ [ [ 123.45913574, 0.52694659, 0.0 ], [ 123.45913574, 0.52784487, 0.0 ], [ 123.45823743, 0.52784487, 0.0 ], [ 123.45823743, 0.52964142, 0.0 ], [ 123.4564408, 0.52964142, 0.0 ], [ 123.4564408, 0.52874315, 0.0 ], [ 123.45554248, 0.52874315, 0.0 ], [ 123.45554248, 0.52784487, 0.0 ], [ 123.4564408, 0.52784487, 0.0 ], [ 123.4564408, 0.52694659, 0.0 ], [ 123.45913574, 0.52694659, 0.0 ] ] ] } },
{ "type": "Feature", "properties": { "gridcode": 1, "Bhy_Bjr": "Rendah", "Luas_Ha": 38.0, "SMBR_DATA": "Badan Nasional Penanggulangan Bencana (BNPB), 2015", "WADMPR": "Gorontalo" }, "geometry": { "type": "Polygon", "coordinates": [ [ [ 123.46722058, 0.53413281, 0.0 ], [ 123.46542395, 0.53413281, 0.0 ], [ 123.46542395, 0.53503108, 0.0 ], [ 123.46452564, 0.53503108, 0.0 ], [ 123.46452564, 0.53323453, 0.0 ], [ 123.46272901, 0.53323453, 0.0 ], [ 123.46272901, 0.53143798, 0.0 ], [ 123.46183069, 0.53143798, 0.0 ], [ 123.46183069, 0.5305397, 0.0 ], [ 123.46093238, 0.5305397, 0.0 ], [ 123.46093238, 0.52964142, 0.0 ], [ 123.46183069, 0.52964142, 0.0 ], [ 123.46183069, 0.52874315, 0.0 ], [ 123.46272901, 0.52874315, 0.0 ], [ 123.46272901, 0.52784487, 0.0 ], [ 123.46452564, 0.52784487, 0.0 ], [ 123.46452564, 0.52694659, 0.0 ], [ 123.46632227, 0.52694659, 0.0 ], [ 123.46632227, 0.52964142, 0.0 ], [ 123.46722058, 0.52964142, 0.0 ], [ 123.46722058, 0.5305397, 0.0 ], [ 123.46722058, 0.53413281, 0.0 ] ] ] } },
{ "type": "Feature", "properties": { "gridcode": 3, "Bhy_Bjr": "Tinggi", "Luas_Ha": 60.999999999099998, "SMBR_DATA": "Badan Nasional Penanggulangan Bencana (BNPB), 2015", "WADMPR": "Gorontalo" }, "geometry": { "type": "Polygon", "coordinates": [ [ [ 123.09441974, 0.52604832, 0.0 ], [ 123.09441974, 0.52784487, 0.0 ], [ 123.09621637, 0.52784487, 0.0 ], [ 123.09621637, 0.52874315, 0.0 ], [ 123.09531805, 0.52874315, 0.0 ], [ 123.09531805, 0.52964142, 0.0 ], [ 123.09441974, 0.52964142, 0.0 ], [ 123.09441974, 0.5305397, 0.0 ], [ 123.09397697, 0.5305397, 0.0 ], [ 123.09352142, 0.5305397, 0.0 ], [ 123.09352142, 0.53143798, 0.0 ], [ 123.09307431, 0.53143798, 0.0 ], [ 123.09262311, 0.53143798, 0.0 ], [ 123.09262311, 0.5305397, 0.0 ], [ 123.09082648, 0.5305397, 0.0 ], [ 123.09082648, 0.52964142, 0.0 ], [ 123.08743211, 0.52964142, 0.0 ], [ 123.07974604, 0.52964142, 0.0 ], [ 123.07967986, 0.52899243, 0.0 ], [ 123.07954308, 0.52854529, 0.0 ], [ 123.07949316, 0.52810805, 0.0 ], [ 123.07958735, 0.52810806, 0.0 ], [ 123.0796952, 0.52812615, 0.0 ], [ 123.08005243, 0.5282687, 0.0 ], [ 123.07998119, 0.5279964, 0.0 ], [ 123.0803434, 0.52751059, 0.0 ], [ 123.08084994, 0.52729075, 0.0 ], [ 123.08274164, 0.52737493, 0.0 ], [ 123.08274164, 0.52874315, 0.0 ], [ 123.08363996, 0.52874315, 0.0 ], [ 123.08363996, 0.52784487, 0.0 ], [ 123.0863349, 0.52784487, 0.0 ], [ 123.0863349, 0.52874315, 0.0 ], [ 123.08741876, 0.52874315, 0.0 ], [ 123.08902985, 0.52874315, 0.0 ], [ 123.08902985, 0.52784487, 0.0 ], [ 123.08992816, 0.52784487, 0.0 ], [ 123.08992816, 0.52694659, 0.0 ], [ 123.09172479, 0.52694659, 0.0 ], [ 123.09233244, 0.52694659, 0.0 ], [ 123.09352142, 0.52694659, 0.0 ], [ 123.09352142, 0.52604832, 0.0 ], [ 123.09441974, 0.52604832, 0.0 ] ] ] } },
{ "type": "Feature", "properties": { "gridcode": 2, "Bhy_Bjr": "Sedang", "Luas_Ha": 1.00000000001, "SMBR_DATA": "Badan Nasional Penanggulangan Bencana (BNPB), 2015", "WADMPR": "Gorontalo" }, "geometry": { "type": "Polygon", "coordinates": [ [ [ 123.47261047, 0.52604832, 0.0 ], [ 123.47350879, 0.52604832, 0.0 ], [ 123.47350879, 0.52694659, 0.0 ], [ 123.47261047, 0.52694659, 0.0 ], [ 123.47261047, 0.52604832, 0.0 ] ] ] } },
{ "type": "Feature", "properties": { "gridcode": 1, "Bhy_Bjr": "Rendah", "Luas_Ha": 1.00000000003, "SMBR_DATA": "Badan Nasional Penanggulangan Bencana (BNPB), 2015", "WADMPR": "Gorontalo" }, "geometry": { "type": "Polygon", "coordinates": [ [ [ 123.09711469, 0.52515004, 0.0 ], [ 123.09778798, 0.52515004, 0.0 ], [ 123.098013, 0.52515004, 0.0 ], [ 123.098013, 0.52604832, 0.0 ], [ 123.09780616, 0.52604832, 0.0 ], [ 123.09711469, 0.52604832, 0.0 ], [ 123.09711469, 0.52515004, 0.0 ] ] ] } },
{ "type": "Feature", "properties": { "gridcode": 2, "Bhy_Bjr": "Sedang", "Luas_Ha": 6.00000000005, "SMBR_DATA": "Badan Nasional Penanggulangan Bencana (BNPB), 2015", "WADMPR": "Gorontalo" }, "geometry": { "type": "Polygon", "coordinates": [ [ [ 123.17975969, 0.52515004, 0.0 ], [ 123.17975969, 0.52604832, 0.0 ], [ 123.17886138, 0.52604832, 0.0 ], [ 123.17886138, 0.52694659, 0.0 ], [ 123.17706475, 0.52694659, 0.0 ], [ 123.17706475, 0.52604832, 0.0 ], [ 123.17616643, 0.52604832, 0.0 ], [ 123.17616643, 0.52515004, 0.0 ], [ 123.17975969, 0.52515004, 0.0 ] ] ] } },
{ "type": "Feature", "properties": { "gridcode": 3, "Bhy_Bjr": "Tinggi", "Luas_Ha": 2.00000000006, "SMBR_DATA": "Badan Nasional Penanggulangan Bencana (BNPB), 2015", "WADMPR": "Gorontalo" }, "geometry": { "type": "Polygon", "coordinates": [ [ [ 123.42679639, 0.52515004, 0.0 ], [ 123.42679639, 0.52694659, 0.0 ], [ 123.42599731, 0.52694659, 0.0 ], [ 123.42589808, 0.52694659, 0.0 ], [ 123.42589808, 0.52515004, 0.0 ], [ 123.42590304, 0.52515004, 0.0 ], [ 123.42679639, 0.52515004, 0.0 ] ] ] } },
{ "type": "Feature", "properties": { "gridcode": 1, "Bhy_Bjr": "Rendah", "Luas_Ha": 7.00000000006, "SMBR_DATA": "Badan Nasional Penanggulangan Bencana (BNPB), 2015", "WADMPR": "Gorontalo" }, "geometry": { "type": "Polygon", "coordinates": [ [ [ 123.48698352, 0.52515004, 0.0 ], [ 123.48788183, 0.52515004, 0.0 ], [ 123.48788183, 0.52604832, 0.0 ], [ 123.48878015, 0.52604832, 0.0 ], [ 123.48878015, 0.52694659, 0.0 ], [ 123.48788183, 0.52694659, 0.0 ], [ 123.48788183, 0.52784487, 0.0 ], [ 123.48698352, 0.52784487, 0.0 ], [ 123.48698352, 0.52964142, 0.0 ], [ 123.4860852, 0.52964142, 0.0 ], [ 123.4860852, 0.52694659, 0.0 ], [ 123.48698352, 0.52694659, 0.0 ], [ 123.48698352, 0.52515004, 0.0 ] ] ] } },
{ "type": "Feature", "properties": { "gridcode": 2, "Bhy_Bjr": "Sedang", "Luas_Ha": 6.99999999993, "SMBR_DATA": "Badan Nasional Penanggulangan Bencana (BNPB), 2015", "WADMPR": "Gorontalo" }, "geometry": { "type": "Polygon", "coordinates": [ [ [ 123.08992816, 0.52694659, 0.0 ], [ 123.08992816, 0.52425176, 0.0 ], [ 123.09136911, 0.52425176, 0.0 ], [ 123.09172479, 0.52425176, 0.0 ], [ 123.09172479, 0.52515004, 0.0 ], [ 123.09262311, 0.52515004, 0.0 ], [ 123.09262311, 0.52604832, 0.0 ], [ 123.09201133, 0.52604832, 0.0 ], [ 123.09172479, 0.52604832, 0.0 ], [ 123.09172479, 0.52694659, 0.0 ], [ 123.08992816, 0.52694659, 0.0 ] ] ] } },
{ "type": "Feature", "properties": { "gridcode": 2, "Bhy_Bjr": "Sedang", "Luas_Ha": 0.99999999996, "SMBR_DATA": "Badan Nasional Penanggulangan Bencana (BNPB), 2015", "WADMPR": "Gorontalo" }, "geometry": { "type": "Polygon", "coordinates": [ [ [ 123.11328436, 0.52425176, 0.0 ], [ 123.11328436, 0.52515004, 0.0 ], [ 123.11238605, 0.52515004, 0.0 ], [ 123.11238605, 0.52425176, 0.0 ], [ 123.11328436, 0.52425176, 0.0 ] ] ] } },
{ "type": "Feature", "properties": { "gridcode": 3, "Bhy_Bjr": "Tinggi", "Luas_Ha": 1.00000000003, "SMBR_DATA": "Badan Nasional Penanggulangan Bencana (BNPB), 2015", "WADMPR": "Gorontalo" }, "geometry": { "type": "Polygon", "coordinates": [ [ [ 123.18335295, 0.52425176, 0.0 ], [ 123.18335295, 0.52428157, 0.0 ], [ 123.18335295, 0.52515004, 0.0 ], [ 123.18291574, 0.52515004, 0.0 ], [ 123.18245464, 0.52515004, 0.0 ], [ 123.18245464, 0.52425176, 0.0 ], [ 123.18335295, 0.52425176, 0.0 ] ] ] } },
{ "type": "Feature", "properties": { "gridcode": 3, "Bhy_Bjr": "Tinggi", "Luas_Ha": 9.99999999994, "SMBR_DATA": "Badan Nasional Penanggulangan Bencana (BNPB), 2015", "WADMPR": "Gorontalo" }, "geometry": { "type": "Polygon", "coordinates": [ [ [ 123.39266041, 0.52425176, 0.0 ], [ 123.39266041, 0.52515004, 0.0 ], [ 123.3917621, 0.52515004, 0.0 ], [ 123.3917621, 0.52604832, 0.0 ], [ 123.39086378, 0.52604832, 0.0 ], [ 123.39086378, 0.52784487, 0.0 ], [ 123.38996547, 0.52784487, 0.0 ], [ 123.38996547, 0.52604832, 0.0 ], [ 123.38906715, 0.52604832, 0.0 ], [ 123.38906715, 0.52515004, 0.0 ], [ 123.38816884, 0.52515004, 0.0 ], [ 123.38816884, 0.52425176, 0.0 ], [ 123.39266041, 0.52425176, 0.0 ] ] ] } },
{ "type": "Feature", "properties": { "gridcode": 3, "Bhy_Bjr": "Tinggi", "Luas_Ha": 4.0000000001, "SMBR_DATA": "Badan Nasional Penanggulangan Bencana (BNPB), 2015", "WADMPR": "Gorontalo" }, "geometry": { "type": "Polygon", "coordinates": [ [ [ 123.42410145, 0.52425176, 0.0 ], [ 123.42410145, 0.52604832, 0.0 ], [ 123.42320313, 0.52604832, 0.0 ], [ 123.42320313, 0.52515004, 0.0 ], [ 123.42191778, 0.52515004, 0.0 ], [ 123.4214065, 0.52515004, 0.0 ], [ 123.4214065, 0.52425176, 0.0 ], [ 123.42169784, 0.52425176, 0.0 ], [ 123.42410145, 0.52425176, 0.0 ] ] ] } },
{ "type": "Feature", "properties": { "gridcode": 2, "Bhy_Bjr": "Sedang", "Luas_Ha": 1.00000000003, "SMBR_DATA": "Badan Nasional Penanggulangan Bencana (BNPB), 2015", "WADMPR": "Gorontalo" }, "geometry": { "type": "Polygon", "coordinates": [ [ [ 123.42859303, 0.52425176, 0.0 ], [ 123.42859303, 0.52515004, 0.0 ], [ 123.42840648, 0.52515004, 0.0 ], [ 123.42769471, 0.52515004, 0.0 ], [ 123.42769471, 0.52425176, 0.0 ], [ 123.42830404, 0.52425176, 0.0 ], [ 123.42859303, 0.52425176, 0.0 ] ] ] } },
{ "type": "Feature", "properties": { "gridcode": 2, "Bhy_Bjr": "Sedang", "Luas_Ha": 16.000000000099998, "SMBR_DATA": "Badan Nasional Penanggulangan Bencana (BNPB), 2015", "WADMPR": "Gorontalo" }, "geometry": { "type": "Polygon", "coordinates": [ [ [ 123.46632227, 0.52694659, 0.0 ], [ 123.46452564, 0.52694659, 0.0 ], [ 123.46452564, 0.52784487, 0.0 ], [ 123.46272901, 0.52784487, 0.0 ], [ 123.46272901, 0.52874315, 0.0 ], [ 123.46183069, 0.52874315, 0.0 ], [ 123.46183069, 0.52784487, 0.0 ], [ 123.46093238, 0.52784487, 0.0 ], [ 123.46093238, 0.52694659, 0.0 ], [ 123.46183069, 0.52694659, 0.0 ], [ 123.46183069, 0.52604832, 0.0 ], [ 123.46183069, 0.52425176, 0.0 ], [ 123.46362732, 0.52425176, 0.0 ], [ 123.46362732, 0.52515004, 0.0 ], [ 123.46542395, 0.52515004, 0.0 ], [ 123.46542395, 0.52604832, 0.0 ], [ 123.46632227, 0.52604832, 0.0 ], [ 123.46632227, 0.52694659, 0.0 ] ] ] } },
{ "type": "Feature", "properties": { "gridcode": 3, "Bhy_Bjr": "Tinggi", "Luas_Ha": 1.99999999991, "SMBR_DATA": "Badan Nasional Penanggulangan Bencana (BNPB), 2015", "WADMPR": "Gorontalo" }, "geometry": { "type": "Polygon", "coordinates": [ [ [ 123.16493662, 0.52335348, 0.0 ], [ 123.16538665, 0.52335348, 0.0 ], [ 123.16538665, 0.52425176, 0.0 ], [ 123.16507272, 0.52425176, 0.0 ], [ 123.16359002, 0.52425176, 0.0 ], [ 123.16359002, 0.52335348, 0.0 ], [ 123.16493662, 0.52335348, 0.0 ] ] ] } },
{ "type": "Feature", "properties": { "gridcode": 2, "Bhy_Bjr": "Sedang", "Luas_Ha": 3.00000000002, "SMBR_DATA": "Badan Nasional Penanggulangan Bencana (BNPB), 2015", "WADMPR": "Gorontalo" }, "geometry": { "type": "Polygon", "coordinates": [ [ [ 123.18065801, 0.52335348, 0.0 ], [ 123.18155632, 0.52335348, 0.0 ], [ 123.18155632, 0.52515004, 0.0 ], [ 123.17975969, 0.52515004, 0.0 ], [ 123.17975969, 0.52425176, 0.0 ], [ 123.18065801, 0.52425176, 0.0 ], [ 123.18065801, 0.52335348, 0.0 ] ] ] } },
{ "type": "Feature", "properties": { "gridcode": 3, "Bhy_Bjr": "Tinggi", "Luas_Ha": 0.99999999996, "SMBR_DATA": "Badan Nasional Penanggulangan Bencana (BNPB), 2015", "WADMPR": "Gorontalo" }, "geometry": { "type": "Polygon", "coordinates": [ [ [ 123.39266041, 0.52335348, 0.0 ], [ 123.39355873, 0.52335348, 0.0 ], [ 123.39355873, 0.52425176, 0.0 ], [ 123.39266041, 0.52425176, 0.0 ], [ 123.39266041, 0.52335348, 0.0 ] ] ] } },
{ "type": "Feature", "properties": { "gridcode": 2, "Bhy_Bjr": "Sedang", "Luas_Ha": 135.0, "SMBR_DATA": "Badan Nasional Penanggulangan Bencana (BNPB), 2015", "WADMPR": "Gorontalo" }, "geometry": { "type": "Polygon", "coordinates": [ [ [ 123.41601661, 0.53233625, 0.0 ], [ 123.4151183, 0.53233625, 0.0 ], [ 123.4151183, 0.53323453, 0.0 ], [ 123.41421998, 0.53323453, 0.0 ], [ 123.41421998, 0.53413281, 0.0 ], [ 123.41332167, 0.53413281, 0.0 ], [ 123.41332167, 0.53503108, 0.0 ], [ 123.41242335, 0.53503108, 0.0 ], [ 123.41242335, 0.53592936, 0.0 ], [ 123.41152503, 0.53592936, 0.0 ], [ 123.41152503, 0.53503108, 0.0 ], [ 123.41152503, 0.53413281, 0.0 ], [ 123.41062672, 0.53413281, 0.0 ], [ 123.41062672, 0.53503108, 0.0 ], [ 123.4097284, 0.53503108, 0.0 ], [ 123.4097284, 0.53323453, 0.0 ], [ 123.40883009, 0.53323453, 0.0 ], [ 123.40883009, 0.53233625, 0.0 ], [ 123.40793177, 0.53233625, 0.0 ], [ 123.40793177, 0.53143798, 0.0 ], [ 123.40703346, 0.53143798, 0.0 ], [ 123.40703346, 0.53233625, 0.0 ], [ 123.40613514, 0.53233625, 0.0 ], [ 123.40613514, 0.53413281, 0.0 ], [ 123.40613514, 0.53503108, 0.0 ], [ 123.4034402, 0.53503108, 0.0 ], [ 123.4034402, 0.53323453, 0.0 ], [ 123.40433851, 0.53323453, 0.0 ], [ 123.40433851, 0.53233625, 0.0 ], [ 123.4034402, 0.53233625, 0.0 ], [ 123.4034402, 0.53143798, 0.0 ], [ 123.40164357, 0.53143798, 0.0 ], [ 123.40164357, 0.5305397, 0.0 ], [ 123.40433851, 0.5305397, 0.0 ], [ 123.40433851, 0.52964142, 0.0 ], [ 123.40523683, 0.52964142, 0.0 ], [ 123.40523683, 0.52874315, 0.0 ], [ 123.40433851, 0.52874315, 0.0 ], [ 123.40433851, 0.52784487, 0.0 ], [ 123.4034402, 0.52784487, 0.0 ], [ 123.4034402, 0.52694659, 0.0 ], [ 123.40433851, 0.52694659, 0.0 ], [ 123.40433851, 0.52604832, 0.0 ], [ 123.40613514, 0.52604832, 0.0 ], [ 123.40613514, 0.52515004, 0.0 ], [ 123.41152503, 0.52515004, 0.0 ], [ 123.41152503, 0.52604832, 0.0 ], [ 123.41242335, 0.52604832, 0.0 ], [ 123.41242335, 0.52515004, 0.0 ], [ 123.41332167, 0.52515004, 0.0 ], [ 123.41332167, 0.52425176, 0.0 ], [ 123.41421998, 0.52425176, 0.0 ], [ 123.4151183, 0.52425176, 0.0 ], [ 123.4151183, 0.52515004, 0.0 ], [ 123.41421998, 0.52515004, 0.0 ], [ 123.41421998, 0.52604832, 0.0 ], [ 123.41332167, 0.52604832, 0.0 ], [ 123.41332167, 0.52694659, 0.0 ], [ 123.4151183, 0.52694659, 0.0 ], [ 123.4151183, 0.52784487, 0.0 ], [ 123.41421998, 0.52784487, 0.0 ], [ 123.41332167, 0.52784487, 0.0 ], [ 123.40883009, 0.52784487, 0.0 ], [ 123.40883009, 0.52694659, 0.0 ], [ 123.40703346, 0.52694659, 0.0 ], [ 123.40703346, 0.52784487, 0.0 ], [ 123.40613514, 0.52784487, 0.0 ], [ 123.40613514, 0.52874315, 0.0 ], [ 123.40703346, 0.52874315, 0.0 ], [ 123.40703346, 0.52964142, 0.0 ], [ 123.41152503, 0.52964142, 0.0 ], [ 123.41152503, 0.5305397, 0.0 ], [ 123.41242335, 0.5305397, 0.0 ], [ 123.41242335, 0.52964142, 0.0 ], [ 123.41332167, 0.52964142, 0.0 ], [ 123.41332167, 0.52874315, 0.0 ], [ 123.41421998, 0.52874315, 0.0 ], [ 123.41601661, 0.52874315, 0.0 ], [ 123.41781324, 0.52874315, 0.0 ], [ 123.41781324, 0.52694659, 0.0 ], [ 123.41871156, 0.52694659, 0.0 ], [ 123.41871156, 0.52604832, 0.0 ], [ 123.41781324, 0.52604832, 0.0 ], [ 123.41781324, 0.52515004, 0.0 ], [ 123.41691493, 0.52515004, 0.0 ], [ 123.41691493, 0.52425176, 0.0 ], [ 123.41781324, 0.52425176, 0.0 ], [ 123.41781324, 0.52335348, 0.0 ], [ 123.41871156, 0.52335348, 0.0 ], [ 123.41871156, 0.52425176, 0.0 ], [ 123.4214065, 0.52425176, 0.0 ], [ 123.4214065, 0.52515004, 0.0 ], [ 123.42191778, 0.52515004, 0.0 ], [ 123.42320313, 0.52515004, 0.0 ], [ 123.42320313, 0.52604832, 0.0 ], [ 123.42320313, 0.52694659, 0.0 ], [ 123.42238063, 0.52694659, 0.0 ], [ 123.4214065, 0.52694659, 0.0 ], [ 123.4214065, 0.52784487, 0.0 ], [ 123.42050819, 0.52784487, 0.0 ], [ 123.42050819, 0.52874315, 0.0 ], [ 123.41960987, 0.52874315, 0.0 ], [ 123.41960987, 0.52964142, 0.0 ], [ 123.41871156, 0.52964142, 0.0 ], [ 123.41871156, 0.5305397, 0.0 ], [ 123.41781324, 0.5305397, 0.0 ], [ 123.41781324, 0.53143798, 0.0 ], [ 123.41691493, 0.53143798, 0.0 ], [ 123.41601661, 0.53143798, 0.0 ], [ 123.41601661, 0.5305397, 0.0 ], [ 123.4151183, 0.5305397, 0.0 ], [ 123.4151183, 0.53143798, 0.0 ], [ 123.41601661, 0.53143798, 0.0 ], [ 123.41601661, 0.53233625, 0.0 ] ] ] } },
{ "type": "Feature", "properties": { "gridcode": 3, "Bhy_Bjr": "Tinggi", "Luas_Ha": 2.99999999987, "SMBR_DATA": "Badan Nasional Penanggulangan Bencana (BNPB), 2015", "WADMPR": "Gorontalo" }, "geometry": { "type": "Polygon", "coordinates": [ [ [ 123.4214065, 0.52335348, 0.0 ], [ 123.4214065, 0.52425176, 0.0 ], [ 123.41871156, 0.52425176, 0.0 ], [ 123.41871156, 0.52335348, 0.0 ], [ 123.42050819, 0.52335348, 0.0 ], [ 123.4214065, 0.52335348, 0.0 ] ] ] } },
{ "type": "Feature", "properties": { "gridcode": 2, "Bhy_Bjr": "Sedang", "Luas_Ha": 10.9999999999, "SMBR_DATA": "Badan Nasional Penanggulangan Bencana (BNPB), 2015", "WADMPR": "Gorontalo" }, "geometry": { "type": "Polygon", "coordinates": [ [ [ 123.47261047, 0.52604832, 0.0 ], [ 123.47081384, 0.52604832, 0.0 ], [ 123.47081384, 0.52694659, 0.0 ], [ 123.4681189, 0.52694659, 0.0 ], [ 123.4681189, 0.52335348, 0.0 ], [ 123.46901721, 0.52335348, 0.0 ], [ 123.46901721, 0.52425176, 0.0 ], [ 123.46991553, 0.52425176, 0.0 ], [ 123.46991553, 0.52515004, 0.0 ], [ 123.47261047, 0.52515004, 0.0 ], [ 123.47261047, 0.52604832, 0.0 ] ] ] } },
{ "type": "Feature", "properties": { "gridcode": 1, "Bhy_Bjr": "Rendah", "Luas_Ha": 19.999999999900002, "SMBR_DATA": "Badan Nasional Penanggulangan Bencana (BNPB), 2015", "WADMPR": "Gorontalo" }, "geometry": { "type": "Polygon", "coordinates": [ [ [ 123.10699615, 0.52335348, 0.0 ], [ 123.10699615, 0.52425176, 0.0 ], [ 123.10519952, 0.52425176, 0.0 ], [ 123.10519952, 0.52515004, 0.0 ], [ 123.10468214, 0.52515004, 0.0 ], [ 123.10340289, 0.52515004, 0.0 ], [ 123.10340289, 0.52604832, 0.0 ], [ 123.10250458, 0.52604832, 0.0 ], [ 123.10250458, 0.52694659, 0.0 ], [ 123.10184586, 0.52694659, 0.0 ], [ 123.10160626, 0.52694659, 0.0 ], [ 123.10160626, 0.52639531, 0.0 ], [ 123.10160626, 0.52604832, 0.0 ], [ 123.10145546, 0.52604832, 0.0 ], [ 123.09891132, 0.52604832, 0.0 ], [ 123.09891132, 0.52515004, 0.0 ], [ 123.10070795, 0.52515004, 0.0 ], [ 123.10070795, 0.52425176, 0.0 ], [ 123.10107176, 0.52425176, 0.0 ], [ 123.10160626, 0.52425176, 0.0 ], [ 123.10160626, 0.52335348, 0.0 ], [ 123.10430121, 0.52335348, 0.0 ], [ 123.10430121, 0.52323434, 0.0 ], [ 123.10430121, 0.5224552, 0.0 ], [ 123.10699615, 0.5224552, 0.0 ], [ 123.10699615, 0.52335348, 0.0 ] ] ] } },
{ "type": "Feature", "properties": { "gridcode": 3, "Bhy_Bjr": "Tinggi", "Luas_Ha": 1.00000000003, "SMBR_DATA": "Badan Nasional Penanggulangan Bencana (BNPB), 2015", "WADMPR": "Gorontalo" }, "geometry": { "type": "Polygon", "coordinates": [ [ [ 123.42230482, 0.5224552, 0.0 ], [ 123.42230482, 0.52335348, 0.0 ], [ 123.42148852, 0.52335348, 0.0 ], [ 123.4214065, 0.52335348, 0.0 ], [ 123.4214065, 0.52300152, 0.0 ], [ 123.4214065, 0.5224552, 0.0 ], [ 123.42230482, 0.5224552, 0.0 ] ] ] } },
{ "type": "Feature", "properties": { "gridcode": 2, "Bhy_Bjr": "Sedang", "Luas_Ha": 3.00000000002, "SMBR_DATA": "Badan Nasional Penanggulangan Bencana (BNPB), 2015", "WADMPR": "Gorontalo" }, "geometry": { "type": "Polygon", "coordinates": [ [ [ 123.42949134, 0.5224552, 0.0 ], [ 123.42949134, 0.52425176, 0.0 ], [ 123.42859303, 0.52425176, 0.0 ], [ 123.42859303, 0.52335348, 0.0 ], [ 123.42823856, 0.52335348, 0.0 ], [ 123.42769471, 0.52335348, 0.0 ], [ 123.42769471, 0.5224552, 0.0 ], [ 123.42822476, 0.5224552, 0.0 ], [ 123.42949134, 0.5224552, 0.0 ] ] ] } },
{ "type": "Feature", "properties": { "gridcode": 2, "Bhy_Bjr": "Sedang", "Luas_Ha": 1.00000000001, "SMBR_DATA": "Badan Nasional Penanggulangan Bencana (BNPB), 2015", "WADMPR": "Gorontalo" }, "geometry": { "type": "Polygon", "coordinates": [ [ [ 123.4681189, 0.52335348, 0.0 ], [ 123.46722058, 0.52335348, 0.0 ], [ 123.46722058, 0.5224552, 0.0 ], [ 123.4681189, 0.5224552, 0.0 ], [ 123.4681189, 0.52335348, 0.0 ] ] ] } },
{ "type": "Feature", "properties": { "gridcode": 1, "Bhy_Bjr": "Rendah", "Luas_Ha": 1052.0, "SMBR_DATA": "Badan Nasional Penanggulangan Bencana (BNPB), 2015", "WADMPR": "Gorontalo" }, "geometry": { "type": "Polygon", "coordinates": [ [ [ 123.14921697, 0.56287758, 0.0 ], [ 123.14921697, 0.56467412, 0.0 ], [ 123.14831866, 0.56467412, 0.0 ], [ 123.14831866, 0.56557239, 0.0 ], [ 123.14714492, 0.56557239, 0.0 ], [ 123.14652203, 0.56557239, 0.0 ], [ 123.14652203, 0.56467412, 0.0 ], [ 123.1447254, 0.56467412, 0.0 ], [ 123.1447254, 0.56149243, 0.0 ], [ 123.1447254, 0.56108103, 0.0 ], [ 123.14431672, 0.56108103, 0.0 ], [ 123.14382708, 0.56108103, 0.0 ], [ 123.14382708, 0.56084636, 0.0 ], [ 123.14382708, 0.56018276, 0.0 ], [ 123.14338097, 0.56018276, 0.0 ], [ 123.14292876, 0.56018276, 0.0 ], [ 123.14292876, 0.56108103, 0.0 ], [ 123.14113213, 0.56108103, 0.0 ], [ 123.14113213, 0.56287758, 0.0 ], [ 123.14203045, 0.56287758, 0.0 ], [ 123.14203045, 0.56377585, 0.0 ], [ 123.14153016, 0.56377585, 0.0 ], [ 123.14113213, 0.56377585, 0.0 ], [ 123.14113213, 0.56467412, 0.0 ], [ 123.1393355, 0.56467412, 0.0 ], [ 123.1393355, 0.56647067, 0.0 ], [ 123.13540875, 0.56647067, 0.0 ], [ 123.13282521, 0.56647067, 0.0 ], [ 123.12868435, 0.56647067, 0.0 ], [ 123.12765741, 0.56647067, 0.0 ], [ 123.12765741, 0.56557239, 0.0 ], [ 123.12675909, 0.56557239, 0.0 ], [ 123.12675909, 0.56287758, 0.0 ], [ 123.12586077, 0.56287758, 0.0 ], [ 123.12586077, 0.56197931, 0.0 ], [ 123.12496246, 0.56197931, 0.0 ], [ 123.12496246, 0.56108103, 0.0 ], [ 123.12406414, 0.56108103, 0.0 ], [ 123.12406414, 0.56018276, 0.0 ], [ 123.12316583, 0.56018276, 0.0 ], [ 123.12316583, 0.55928449, 0.0 ], [ 123.12406414, 0.55928449, 0.0 ], [ 123.12406414, 0.5556914, 0.0 ], [ 123.12496246, 0.5556914, 0.0 ], [ 123.12496246, 0.55389485, 0.0 ], [ 123.12406414, 0.55389485, 0.0 ], [ 123.12406414, 0.55120003, 0.0 ], [ 123.12496246, 0.55120003, 0.0 ], [ 123.12496246, 0.55030176, 0.0 ], [ 123.12406414, 0.55030176, 0.0 ], [ 123.12406414, 0.54940348, 0.0 ], [ 123.12542372, 0.54940348, 0.0 ], [ 123.12855572, 0.54940348, 0.0 ], [ 123.12855572, 0.54850521, 0.0 ], [ 123.12945404, 0.54850521, 0.0 ], [ 123.12945404, 0.55030176, 0.0 ], [ 123.13035235, 0.55030176, 0.0 ], [ 123.13035235, 0.55120003, 0.0 ], [ 123.13125067, 0.55120003, 0.0 ], [ 123.13125067, 0.55209831, 0.0 ], [ 123.13356156, 0.55209831, 0.0 ], [ 123.13484393, 0.55209831, 0.0 ], [ 123.13484393, 0.55120003, 0.0 ], [ 123.13664056, 0.55120003, 0.0 ], [ 123.13664056, 0.55030176, 0.0 ], [ 123.13836013, 0.55030176, 0.0 ], [ 123.14023382, 0.55030176, 0.0 ], [ 123.14023382, 0.55120003, 0.0 ], [ 123.14203045, 0.55120003, 0.0 ], [ 123.14203045, 0.55209831, 0.0 ], [ 123.14292876, 0.55209831, 0.0 ], [ 123.14292876, 0.55299658, 0.0 ], [ 123.14382708, 0.55299658, 0.0 ], [ 123.14382708, 0.55389485, 0.0 ], [ 123.14450019, 0.55389485, 0.0 ], [ 123.1447254, 0.55389485, 0.0 ], [ 123.1447254, 0.5556914, 0.0 ], [ 123.14562371, 0.5556914, 0.0 ], [ 123.14562371, 0.55658967, 0.0 ], [ 123.14652203, 0.55658967, 0.0 ], [ 123.14652203, 0.55748794, 0.0 ], [ 123.14831866, 0.55748794, 0.0 ], [ 123.14831866, 0.55658967, 0.0 ], [ 123.14921697, 0.55658967, 0.0 ], [ 123.14921697, 0.55030176, 0.0 ], [ 123.14831866, 0.55030176, 0.0 ], [ 123.14831866, 0.54850521, 0.0 ], [ 123.14742034, 0.54850521, 0.0 ], [ 123.14742034, 0.54760694, 0.0 ], [ 123.14652203, 0.54760694, 0.0 ], [ 123.14652203, 0.54670866, 0.0 ], [ 123.14617683, 0.54670866, 0.0 ], [ 123.14578585, 0.54670866, 0.0 ], [ 123.14562371, 0.54670866, 0.0 ], [ 123.14562371, 0.54660603, 0.0 ], [ 123.14562371, 0.54581039, 0.0 ], [ 123.14382708, 0.54581039, 0.0 ], [ 123.14382708, 0.54491211, 0.0 ], [ 123.14297662, 0.54491211, 0.0 ], [ 123.14292876, 0.54491211, 0.0 ], [ 123.14203045, 0.54491211, 0.0 ], [ 123.14203045, 0.54401384, 0.0 ], [ 123.13843719, 0.54401384, 0.0 ], [ 123.13843719, 0.54311556, 0.0 ], [ 123.13664056, 0.54311556, 0.0 ], [ 123.13664056, 0.54221729, 0.0 ], [ 123.13574224, 0.54221729, 0.0 ], [ 123.13574224, 0.53991007, 0.0 ], [ 123.13574224, 0.53952246, 0.0 ], [ 123.13584993, 0.53952246, 0.0 ], [ 123.13664056, 0.53952246, 0.0 ], [ 123.13664056, 0.53862419, 0.0 ], [ 123.13753887, 0.53862419, 0.0 ], [ 123.13753887, 0.53772591, 0.0 ], [ 123.13843719, 0.53772591, 0.0 ], [ 123.13843719, 0.53728039, 0.0 ], [ 123.13843719, 0.53682763, 0.0 ], [ 123.13753887, 0.53682763, 0.0 ], [ 123.13753887, 0.53592936, 0.0 ], [ 123.13664056, 0.53592936, 0.0 ], [ 123.13664056, 0.53503108, 0.0 ], [ 123.13574224, 0.53503108, 0.0 ], [ 123.13574224, 0.5305397, 0.0 ], [ 123.13484393, 0.5305397, 0.0 ], [ 123.13484393, 0.52964142, 0.0 ], [ 123.1330473, 0.52964142, 0.0 ], [ 123.1330473, 0.52651724, 0.0 ], [ 123.1330473, 0.52335348, 0.0 ], [ 123.13484393, 0.52335348, 0.0 ], [ 123.13484393, 0.5224552, 0.0 ], [ 123.13753887, 0.5224552, 0.0 ], [ 123.13753887, 0.52155693, 0.0 ], [ 123.1393355, 0.52155693, 0.0 ], [ 123.1393355, 0.52194403, 0.0 ], [ 123.1393355, 0.5224552, 0.0 ], [ 123.14062809, 0.5224552, 0.0 ], [ 123.14382708, 0.5224552, 0.0 ], [ 123.14382708, 0.52335348, 0.0 ], [ 123.14518474, 0.52335348, 0.0 ], [ 123.14742034, 0.52335348, 0.0 ], [ 123.14742034, 0.52425176, 0.0 ], [ 123.14831866, 0.52425176, 0.0 ], [ 123.14831866, 0.52335348, 0.0 ], [ 123.15011529, 0.52335348, 0.0 ], [ 123.15011529, 0.5224552, 0.0 ], [ 123.15191192, 0.5224552, 0.0 ], [ 123.15191192, 0.52335348, 0.0 ], [ 123.15281023, 0.52335348, 0.0 ], [ 123.15281023, 0.52425176, 0.0 ], [ 123.15370855, 0.52425176, 0.0 ], [ 123.15370855, 0.52607188, 0.0 ], [ 123.15370855, 0.52784487, 0.0 ], [ 123.15460686, 0.52784487, 0.0 ], [ 123.15460686, 0.52964142, 0.0 ], [ 123.15550518, 0.52964142, 0.0 ], [ 123.15550518, 0.5305397, 0.0 ], [ 123.15640349, 0.5305397, 0.0 ], [ 123.15640349, 0.52964142, 0.0 ], [ 123.15730181, 0.52964142, 0.0 ], [ 123.15730181, 0.52874315, 0.0 ], [ 123.15820012, 0.52874315, 0.0 ], [ 123.15820012, 0.52784487, 0.0 ], [ 123.16142432, 0.52784487, 0.0 ], [ 123.16179339, 0.52784487, 0.0 ], [ 123.16179339, 0.52763419, 0.0 ], [ 123.16179339, 0.52694659, 0.0 ], [ 123.16525964, 0.52694659, 0.0 ], [ 123.16987822, 0.52694659, 0.0 ], [ 123.16987822, 0.53006436, 0.0 ], [ 123.16987822, 0.53143798, 0.0 ], [ 123.16897991, 0.53143798, 0.0 ], [ 123.16718328, 0.53143798, 0.0 ], [ 123.16718328, 0.52964142, 0.0 ], [ 123.16538665, 0.52964142, 0.0 ], [ 123.16538665, 0.5305397, 0.0 ], [ 123.16448833, 0.5305397, 0.0 ], [ 123.16448833, 0.53143798, 0.0 ], [ 123.1626917, 0.53143798, 0.0 ], [ 123.1626917, 0.53189255, 0.0 ], [ 123.1626917, 0.53323453, 0.0 ], [ 123.16179339, 0.53323453, 0.0 ], [ 123.16179339, 0.53413281, 0.0 ], [ 123.16089507, 0.53413281, 0.0 ], [ 123.16089507, 0.53323453, 0.0 ], [ 123.15999676, 0.53323453, 0.0 ], [ 123.15999676, 0.53413281, 0.0 ], [ 123.15909844, 0.53413281, 0.0 ], [ 123.15909844, 0.53503108, 0.0 ], [ 123.16179339, 0.53503108, 0.0 ], [ 123.16179339, 0.53862419, 0.0 ], [ 123.16089507, 0.53862419, 0.0 ], [ 123.16089507, 0.53772591, 0.0 ], [ 123.15999676, 0.53772591, 0.0 ], [ 123.15999676, 0.53682763, 0.0 ], [ 123.15820012, 0.53682763, 0.0 ], [ 123.15820012, 0.53772591, 0.0 ], [ 123.15730181, 0.53772591, 0.0 ], [ 123.15730181, 0.53682763, 0.0 ], [ 123.15640349, 0.53682763, 0.0 ], [ 123.15640349, 0.53772591, 0.0 ], [ 123.15460686, 0.53772591, 0.0 ], [ 123.15460686, 0.53862419, 0.0 ], [ 123.15550518, 0.53862419, 0.0 ], [ 123.15550518, 0.54042074, 0.0 ], [ 123.15640349, 0.54042074, 0.0 ], [ 123.15640349, 0.54131901, 0.0 ], [ 123.15550518, 0.54131901, 0.0 ], [ 123.15550518, 0.5421038, 0.0 ], [ 123.15550518, 0.54221729, 0.0 ], [ 123.15370855, 0.54221729, 0.0 ], [ 123.15370855, 0.54311556, 0.0 ], [ 123.15281023, 0.54311556, 0.0 ], [ 123.15281023, 0.54221729, 0.0 ], [ 123.15191192, 0.54221729, 0.0 ], [ 123.15191192, 0.54131901, 0.0 ], [ 123.1510136, 0.54131901, 0.0 ], [ 123.1510136, 0.54005567, 0.0 ], [ 123.1510136, 0.53952246, 0.0 ], [ 123.1519816, 0.53952246, 0.0 ], [ 123.15260581, 0.53952246, 0.0 ], [ 123.15281023, 0.53952246, 0.0 ], [ 123.15281023, 0.53772591, 0.0 ], [ 123.15198904, 0.53772591, 0.0 ], [ 123.15011529, 0.53772591, 0.0 ], [ 123.15011529, 0.53862419, 0.0 ], [ 123.14921697, 0.53862419, 0.0 ], [ 123.14921697, 0.54027163, 0.0 ], [ 123.14921697, 0.54131901, 0.0 ], [ 123.14831866, 0.54131901, 0.0 ], [ 123.14831866, 0.54221729, 0.0 ], [ 123.15191192, 0.54221729, 0.0 ], [ 123.15191192, 0.54311556, 0.0 ], [ 123.15281023, 0.54311556, 0.0 ], [ 123.15281023, 0.54491211, 0.0 ], [ 123.15191192, 0.54491211, 0.0 ], [ 123.15191192, 0.54670866, 0.0 ], [ 123.15281023, 0.54670866, 0.0 ], [ 123.15281023, 0.54685584, 0.0 ], [ 123.15281023, 0.54760694, 0.0 ], [ 123.15370855, 0.54760694, 0.0 ], [ 123.15370855, 0.54670866, 0.0 ], [ 123.1555562, 0.54670866, 0.0 ], [ 123.15640349, 0.54670866, 0.0 ], [ 123.15640349, 0.54491211, 0.0 ], [ 123.15730181, 0.54491211, 0.0 ], [ 123.15730181, 0.54670866, 0.0 ], [ 123.15820012, 0.54670866, 0.0 ], [ 123.15820012, 0.54760694, 0.0 ], [ 123.15812675, 0.54760694, 0.0 ], [ 123.15730181, 0.54760694, 0.0 ], [ 123.15730181, 0.55030176, 0.0 ], [ 123.15820012, 0.55030176, 0.0 ], [ 123.15820012, 0.55120003, 0.0 ], [ 123.15909844, 0.55120003, 0.0 ], [ 123.15909844, 0.55209831, 0.0 ], [ 123.15550518, 0.55209831, 0.0 ], [ 123.15550518, 0.55299658, 0.0 ], [ 123.15370855, 0.55299658, 0.0 ], [ 123.15370855, 0.55389485, 0.0 ], [ 123.15281023, 0.55389485, 0.0 ], [ 123.15281023, 0.55748794, 0.0 ], [ 123.15370855, 0.55748794, 0.0 ], [ 123.15370855, 0.55928449, 0.0 ], [ 123.15460686, 0.55928449, 0.0 ], [ 123.15460686, 0.56018276, 0.0 ], [ 123.15281023, 0.56018276, 0.0 ], [ 123.15281023, 0.55928449, 0.0 ], [ 123.15191192, 0.55928449, 0.0 ], [ 123.15191192, 0.55838622, 0.0 ], [ 123.1510136, 0.55838622, 0.0 ], [ 123.1510136, 0.55928449, 0.0 ], [ 123.14742034, 0.55928449, 0.0 ], [ 123.14742034, 0.56018276, 0.0 ], [ 123.14652203, 0.56018276, 0.0 ], [ 123.14652203, 0.56108103, 0.0 ], [ 123.14742034, 0.56108103, 0.0 ], [ 123.14742034, 0.56197931, 0.0 ], [ 123.14831866, 0.56197931, 0.0 ], [ 123.14831866, 0.56287758, 0.0 ], [ 123.14921697, 0.56287758, 0.0 ] ], [ [ 123.1330473, 0.56287758, 0.0 ], [ 123.13214898, 0.56287758, 0.0 ], [ 123.13214898, 0.56377585, 0.0 ], [ 123.1330473, 0.56377585, 0.0 ], [ 123.1330473, 0.56287758, 0.0 ] ], [ [ 123.13484393, 0.55658967, 0.0 ], [ 123.13574224, 0.55658967, 0.0 ], [ 123.13574224, 0.55582229, 0.0 ], [ 123.13574224, 0.5556914, 0.0 ], [ 123.13565368, 0.5556914, 0.0 ], [ 123.13484393, 0.5556914, 0.0 ], [ 123.13484393, 0.55658967, 0.0 ] ], [ [ 123.14652203, 0.54311556, 0.0 ], [ 123.14742034, 0.54311556, 0.0 ], [ 123.14742034, 0.54221729, 0.0 ], [ 123.14652203, 0.54221729, 0.0 ], [ 123.14652203, 0.54311556, 0.0 ] ], [ [ 123.13753887, 0.54042074, 0.0 ], [ 123.1393355, 0.54042074, 0.0 ], [ 123.1393355, 0.53952246, 0.0 ], [ 123.13753887, 0.53952246, 0.0 ], [ 123.13753887, 0.54042074, 0.0 ] ], [ [ 123.14292876, 0.53952246, 0.0 ], [ 123.14382708, 0.53952246, 0.0 ], [ 123.14382708, 0.53862419, 0.0 ], [ 123.14292876, 0.53862419, 0.0 ], [ 123.14292876, 0.53952246, 0.0 ] ], [ [ 123.14652203, 0.53772591, 0.0 ], [ 123.14831866, 0.53772591, 0.0 ], [ 123.14831866, 0.53728103, 0.0 ], [ 123.14831866, 0.53682763, 0.0 ], [ 123.14820671, 0.53682763, 0.0 ], [ 123.14652203, 0.53682763, 0.0 ], [ 123.14652203, 0.53772591, 0.0 ] ], [ [ 123.14562371, 0.53592936, 0.0 ], [ 123.14382708, 0.53592936, 0.0 ], [ 123.14382708, 0.53772591, 0.0 ], [ 123.14562371, 0.53772591, 0.0 ], [ 123.14562371, 0.53592936, 0.0 ] ], [ [ 123.15191192, 0.53592936, 0.0 ], [ 123.15191192, 0.53503108, 0.0 ], [ 123.15281023, 0.53503108, 0.0 ], [ 123.15281023, 0.53233625, 0.0 ], [ 123.15191192, 0.53233625, 0.0 ], [ 123.15191192, 0.53143798, 0.0 ], [ 123.1510136, 0.53143798, 0.0 ], [ 123.1510136, 0.53233625, 0.0 ], [ 123.1508941, 0.53233625, 0.0 ], [ 123.14921697, 0.53233625, 0.0 ], [ 123.14921697, 0.53323453, 0.0 ], [ 123.15011529, 0.53323453, 0.0 ], [ 123.15011529, 0.53503108, 0.0 ], [ 123.1510136, 0.53503108, 0.0 ], [ 123.1510136, 0.53592936, 0.0 ], [ 123.15122093, 0.53592936, 0.0 ], [ 123.15191192, 0.53592936, 0.0 ] ], [ [ 123.14292876, 0.52784487, 0.0 ], [ 123.14292876, 0.52694659, 0.0 ], [ 123.13906442, 0.52694659, 0.0 ], [ 123.13664056, 0.52694659, 0.0 ], [ 123.13664056, 0.52784487, 0.0 ], [ 123.13574224, 0.52784487, 0.0 ], [ 123.13574224, 0.52964142, 0.0 ], [ 123.1393355, 0.52964142, 0.0 ], [ 123.1393355, 0.5305397, 0.0 ], [ 123.13967788, 0.5305397, 0.0 ], [ 123.14113213, 0.5305397, 0.0 ], [ 123.14113213, 0.53323453, 0.0 ], [ 123.1447254, 0.53323453, 0.0 ], [ 123.1447254, 0.52964142, 0.0 ], [ 123.14382708, 0.52964142, 0.0 ], [ 123.14382708, 0.52907576, 0.0 ], [ 123.14382708, 0.52784487, 0.0 ], [ 123.14341443, 0.52784487, 0.0 ], [ 123.14292876, 0.52784487, 0.0 ] ], [ [ 123.14742034, 0.52694659, 0.0 ], [ 123.14831866, 0.52694659, 0.0 ], [ 123.14831866, 0.52665633, 0.0 ], [ 123.14831866, 0.52515004, 0.0 ], [ 123.14742034, 0.52515004, 0.0 ], [ 123.14742034, 0.52659944, 0.0 ], [ 123.14742034, 0.52694659, 0.0 ] ], [ [ 123.14562371, 0.53035136, 0.0 ], [ 123.14562371, 0.5305397, 0.0 ], [ 123.1456379, 0.5305397, 0.0 ], [ 123.1464545, 0.5305397, 0.0 ], [ 123.14652203, 0.5305397, 0.0 ], [ 123.14652203, 0.52964142, 0.0 ], [ 123.1461872, 0.52964142, 0.0 ], [ 123.14562371, 0.52964142, 0.0 ], [ 123.14562371, 0.53035136, 0.0 ] ], [ [ 123.13843719, 0.52418666, 0.0 ], [ 123.13843719, 0.52425176, 0.0 ], [ 123.13846313, 0.52425176, 0.0 ], [ 123.1393355, 0.52425176, 0.0 ], [ 123.1393355, 0.52335348, 0.0 ], [ 123.13843719, 0.52335348, 0.0 ], [ 123.13843719, 0.52418666, 0.0 ] ], [ [ 123.16089507, 0.52964142, 0.0 ], [ 123.16179339, 0.52964142, 0.0 ], [ 123.16179339, 0.52927258, 0.0 ], [ 123.16179339, 0.52874315, 0.0 ], [ 123.16165383, 0.52874315, 0.0 ], [ 123.16089507, 0.52874315, 0.0 ], [ 123.16089507, 0.52964142, 0.0 ] ], [ [ 123.16538665, 0.52874315, 0.0 ], [ 123.16546321, 0.52874315, 0.0 ], [ 123.16628496, 0.52874315, 0.0 ], [ 123.16628496, 0.52784487, 0.0 ], [ 123.16538665, 0.52784487, 0.0 ], [ 123.16538665, 0.52811731, 0.0 ], [ 123.16538665, 0.52874315, 0.0 ] ] ] } },
{ "type": "Feature", "properties": { "gridcode": 3, "Bhy_Bjr": "Tinggi", "Luas_Ha": 1.00000000001, "SMBR_DATA": "Badan Nasional Penanggulangan Bencana (BNPB), 2015", "WADMPR": "Gorontalo" }, "geometry": { "type": "Polygon", "coordinates": [ [ [ 123.18425127, 0.52155693, 0.0 ], [ 123.18425127, 0.52184122, 0.0 ], [ 123.18425127, 0.52226532, 0.0 ], [ 123.18425127, 0.5224552, 0.0 ], [ 123.18415306, 0.5224552, 0.0 ], [ 123.18335295, 0.5224552, 0.0 ], [ 123.18335295, 0.52155693, 0.0 ], [ 123.18401152, 0.52155693, 0.0 ], [ 123.18425127, 0.52155693, 0.0 ] ] ] } },
{ "type": "Feature", "properties": { "gridcode": 2, "Bhy_Bjr": "Sedang", "Luas_Ha": 1.00000000001, "SMBR_DATA": "Badan Nasional Penanggulangan Bencana (BNPB), 2015", "WADMPR": "Gorontalo" }, "geometry": { "type": "Polygon", "coordinates": [ [ [ 123.41601661, 0.52155693, 0.0 ], [ 123.41601661, 0.5224552, 0.0 ], [ 123.4151183, 0.5224552, 0.0 ], [ 123.4151183, 0.52155693, 0.0 ], [ 123.41601661, 0.52155693, 0.0 ] ] ] } },
{ "type": "Feature", "properties": { "gridcode": 2, "Bhy_Bjr": "Sedang", "Luas_Ha": 1.00000000001, "SMBR_DATA": "Badan Nasional Penanggulangan Bencana (BNPB), 2015", "WADMPR": "Gorontalo" }, "geometry": { "type": "Polygon", "coordinates": [ [ [ 123.41691493, 0.52155693, 0.0 ], [ 123.41781324, 0.52155693, 0.0 ], [ 123.41781324, 0.5224552, 0.0 ], [ 123.41691493, 0.5224552, 0.0 ], [ 123.41691493, 0.52155693, 0.0 ] ] ] } },
{ "type": "Feature", "properties": { "gridcode": 3, "Bhy_Bjr": "Tinggi", "Luas_Ha": 9.9999999998500009, "SMBR_DATA": "Badan Nasional Penanggulangan Bencana (BNPB), 2015", "WADMPR": "Gorontalo" }, "geometry": { "type": "Polygon", "coordinates": [ [ [ 123.42859303, 0.52425176, 0.0 ], [ 123.42830404, 0.52425176, 0.0 ], [ 123.42769471, 0.52425176, 0.0 ], [ 123.42769471, 0.52515004, 0.0 ], [ 123.42679639, 0.52515004, 0.0 ], [ 123.42679639, 0.52335348, 0.0 ], [ 123.42586674, 0.52335348, 0.0 ], [ 123.42499976, 0.52335348, 0.0 ], [ 123.42499976, 0.52425176, 0.0 ], [ 123.42410145, 0.52425176, 0.0 ], [ 123.42410145, 0.5224552, 0.0 ], [ 123.42499976, 0.5224552, 0.0 ], [ 123.42499976, 0.52155693, 0.0 ], [ 123.42587437, 0.52155693, 0.0 ], [ 123.42589808, 0.52155693, 0.0 ], [ 123.42679639, 0.52155693, 0.0 ], [ 123.42679639, 0.5224552, 0.0 ], [ 123.42769471, 0.5224552, 0.0 ], [ 123.42769471, 0.52335348, 0.0 ], [ 123.42823856, 0.52335348, 0.0 ], [ 123.42859303, 0.52335348, 0.0 ], [ 123.42859303, 0.52425176, 0.0 ] ] ] } },
{ "type": "Feature", "properties": { "gridcode": 3, "Bhy_Bjr": "Tinggi", "Luas_Ha": 1.00000000001, "SMBR_DATA": "Badan Nasional Penanggulangan Bencana (BNPB), 2015", "WADMPR": "Gorontalo" }, "geometry": { "type": "Polygon", "coordinates": [ [ [ 123.46542395, 0.52155693, 0.0 ], [ 123.46632227, 0.52155693, 0.0 ], [ 123.46632227, 0.5224552, 0.0 ], [ 123.46542395, 0.5224552, 0.0 ], [ 123.46542395, 0.52155693, 0.0 ] ] ] } },
{ "type": "Feature", "properties": { "gridcode": 3, "Bhy_Bjr": "Tinggi", "Luas_Ha": 1.00000000003, "SMBR_DATA": "Badan Nasional Penanggulangan Bencana (BNPB), 2015", "WADMPR": "Gorontalo" }, "geometry": { "type": "Polygon", "coordinates": [ [ [ 123.13125067, 0.52155693, 0.0 ], [ 123.13125067, 0.52065865, 0.0 ], [ 123.13214898, 0.52065865, 0.0 ], [ 123.13214898, 0.52155693, 0.0 ], [ 123.13125067, 0.52155693, 0.0 ] ] ] } },
{ "type": "Feature", "properties": { "gridcode": 2, "Bhy_Bjr": "Sedang", "Luas_Ha": 1.00000000001, "SMBR_DATA": "Badan Nasional Penanggulangan Bencana (BNPB), 2015", "WADMPR": "Gorontalo" }, "geometry": { "type": "Polygon", "coordinates": [ [ [ 123.42769471, 0.52065865, 0.0 ], [ 123.42769471, 0.52155693, 0.0 ], [ 123.42679639, 0.52155693, 0.0 ], [ 123.42679639, 0.52065865, 0.0 ], [ 123.42769471, 0.52065865, 0.0 ] ] ] } },
{ "type": "Feature", "properties": { "gridcode": 2, "Bhy_Bjr": "Sedang", "Luas_Ha": 5.99999999997, "SMBR_DATA": "Badan Nasional Penanggulangan Bencana (BNPB), 2015", "WADMPR": "Gorontalo" }, "geometry": { "type": "Polygon", "coordinates": [ [ [ 123.4330846, 0.52335348, 0.0 ], [ 123.4330846, 0.52425176, 0.0 ], [ 123.43148752, 0.52425176, 0.0 ], [ 123.43128797, 0.52425176, 0.0 ], [ 123.43128797, 0.52335348, 0.0 ], [ 123.43137583, 0.52335348, 0.0 ], [ 123.43218629, 0.52335348, 0.0 ], [ 123.43218629, 0.5224552, 0.0 ], [ 123.43132321, 0.5224552, 0.0 ], [ 123.43128797, 0.5224552, 0.0 ], [ 123.43128797, 0.52155693, 0.0 ], [ 123.43128945, 0.52155693, 0.0 ], [ 123.43218629, 0.52155693, 0.0 ], [ 123.43218629, 0.52065865, 0.0 ], [ 123.4330846, 0.52065865, 0.0 ], [ 123.4330846, 0.52335348, 0.0 ] ] ] } },
{ "type": "Feature", "properties": { "gridcode": 1, "Bhy_Bjr": "Rendah", "Luas_Ha": 0.99999999996, "SMBR_DATA": "Badan Nasional Penanggulangan Bencana (BNPB), 2015", "WADMPR": "Gorontalo" }, "geometry": { "type": "Polygon", "coordinates": [ [ [ 123.4914751, 0.52065865, 0.0 ], [ 123.4914751, 0.52155693, 0.0 ], [ 123.49057678, 0.52155693, 0.0 ], [ 123.49057678, 0.52065865, 0.0 ], [ 123.4914751, 0.52065865, 0.0 ] ] ] } },
{ "type": "Feature", "properties": { "gridcode": 2, "Bhy_Bjr": "Sedang", "Luas_Ha": 1.00000000003, "SMBR_DATA": "Badan Nasional Penanggulangan Bencana (BNPB), 2015", "WADMPR": "Gorontalo" }, "geometry": { "type": "Polygon", "coordinates": [ [ [ 123.12226751, 0.51976037, 0.0 ], [ 123.12226751, 0.52065865, 0.0 ], [ 123.1213692, 0.52065865, 0.0 ], [ 123.1213692, 0.51976037, 0.0 ], [ 123.12226751, 0.51976037, 0.0 ] ] ] } },
{ "type": "Feature", "properties": { "gridcode": 3, "Bhy_Bjr": "Tinggi", "Luas_Ha": 3.00000000005, "SMBR_DATA": "Badan Nasional Penanggulangan Bencana (BNPB), 2015", "WADMPR": "Gorontalo" }, "geometry": { "type": "Polygon", "coordinates": [ [ [ 123.38996547, 0.52065865, 0.0 ], [ 123.38996547, 0.52155693, 0.0 ], [ 123.38906715, 0.52155693, 0.0 ], [ 123.38906715, 0.52065865, 0.0 ], [ 123.38816884, 0.52065865, 0.0 ], [ 123.38816884, 0.51976037, 0.0 ], [ 123.38996547, 0.51976037, 0.0 ], [ 123.38996547, 0.52065865, 0.0 ] ] ] } },
{ "type": "Feature", "properties": { "gridcode": 2, "Bhy_Bjr": "Sedang", "Luas_Ha": 0.99999999996, "SMBR_DATA": "Badan Nasional Penanggulangan Bencana (BNPB), 2015", "WADMPR": "Gorontalo" }, "geometry": { "type": "Polygon", "coordinates": [ [ [ 123.39086378, 0.51976037, 0.0 ], [ 123.39086378, 0.52065865, 0.0 ], [ 123.38996547, 0.52065865, 0.0 ], [ 123.38996547, 0.51976037, 0.0 ], [ 123.39086378, 0.51976037, 0.0 ] ] ] } },
{ "type": "Feature", "properties": { "gridcode": 3, "Bhy_Bjr": "Tinggi", "Luas_Ha": 1.00000000001, "SMBR_DATA": "Badan Nasional Penanggulangan Bencana (BNPB), 2015", "WADMPR": "Gorontalo" }, "geometry": { "type": "Polygon", "coordinates": [ [ [ 123.46542395, 0.51976037, 0.0 ], [ 123.46632227, 0.51976037, 0.0 ], [ 123.46632227, 0.52065865, 0.0 ], [ 123.46542395, 0.52065865, 0.0 ], [ 123.46542395, 0.51976037, 0.0 ] ] ] } },
{ "type": "Feature", "properties": { "gridcode": 2, "Bhy_Bjr": "Sedang", "Luas_Ha": 9.00000000008, "SMBR_DATA": "Badan Nasional Penanggulangan Bencana (BNPB), 2015", "WADMPR": "Gorontalo" }, "geometry": { "type": "Polygon", "coordinates": [ [ [ 123.11418268, 0.52065865, 0.0 ], [ 123.11361422, 0.52065865, 0.0 ], [ 123.11238605, 0.52065865, 0.0 ], [ 123.11238605, 0.52155693, 0.0 ], [ 123.11148773, 0.52155693, 0.0 ], [ 123.11148773, 0.5224552, 0.0 ], [ 123.11058941, 0.5224552, 0.0 ], [ 123.11058941, 0.52065865, 0.0 ], [ 123.11148773, 0.52065865, 0.0 ], [ 123.11148773, 0.51976037, 0.0 ], [ 123.11238605, 0.51976037, 0.0 ], [ 123.11238605, 0.51886209, 0.0 ], [ 123.11357719, 0.51886209, 0.0 ], [ 123.11508099, 0.51886209, 0.0 ], [ 123.11508099, 0.51976037, 0.0 ], [ 123.11418268, 0.51976037, 0.0 ], [ 123.11418268, 0.52065865, 0.0 ] ] ] } },
{ "type": "Feature", "properties": { "gridcode": 3, "Bhy_Bjr": "Tinggi", "Luas_Ha": 21.000000000099998, "SMBR_DATA": "Badan Nasional Penanggulangan Bencana (BNPB), 2015", "WADMPR": "Gorontalo" }, "geometry": { "type": "Polygon", "coordinates": [ [ [ 123.11597931, 0.51886209, 0.0 ], [ 123.11597931, 0.52155693, 0.0 ], [ 123.11687762, 0.52155693, 0.0 ], [ 123.11687762, 0.52335348, 0.0 ], [ 123.11777594, 0.52335348, 0.0 ], [ 123.11777594, 0.52425176, 0.0 ], [ 123.11687762, 0.52425176, 0.0 ], [ 123.11687762, 0.52515004, 0.0 ], [ 123.11479185, 0.52515004, 0.0 ], [ 123.11328436, 0.52515004, 0.0 ], [ 123.11328436, 0.52425176, 0.0 ], [ 123.11328436, 0.5224552, 0.0 ], [ 123.11373196, 0.5224552, 0.0 ], [ 123.11418268, 0.5224552, 0.0 ], [ 123.11418268, 0.52065865, 0.0 ], [ 123.11418268, 0.51976037, 0.0 ], [ 123.11508099, 0.51976037, 0.0 ], [ 123.11508099, 0.51886209, 0.0 ], [ 123.11597931, 0.51886209, 0.0 ] ] ] } },
{ "type": "Feature", "properties": { "gridcode": 3, "Bhy_Bjr": "Tinggi", "Luas_Ha": 63.9999999996, "SMBR_DATA": "Badan Nasional Penanggulangan Bencana (BNPB), 2015", "WADMPR": "Gorontalo" }, "geometry": { "type": "Polygon", "coordinates": [ [ [ 123.13125067, 0.52155693, 0.0 ], [ 123.13125067, 0.5224552, 0.0 ], [ 123.13035235, 0.5224552, 0.0 ], [ 123.13035235, 0.52522748, 0.0 ], [ 123.13035235, 0.52964142, 0.0 ], [ 123.12945404, 0.52964142, 0.0 ], [ 123.12945404, 0.53143366, 0.0 ], [ 123.12945404, 0.53143798, 0.0 ], [ 123.12855572, 0.53143798, 0.0 ], [ 123.12855572, 0.53094716, 0.0 ], [ 123.12855572, 0.5305397, 0.0 ], [ 123.12813686, 0.5305397, 0.0 ], [ 123.12765741, 0.5305397, 0.0 ], [ 123.12765741, 0.52990564, 0.0 ], [ 123.12765741, 0.52874315, 0.0 ], [ 123.12715261, 0.52874315, 0.0 ], [ 123.12675909, 0.52874315, 0.0 ], [ 123.12675909, 0.52770349, 0.0 ], [ 123.12675909, 0.52694659, 0.0 ], [ 123.12651974, 0.52694659, 0.0 ], [ 123.12586077, 0.52694659, 0.0 ], [ 123.12586077, 0.52604832, 0.0 ], [ 123.12406414, 0.52604832, 0.0 ], [ 123.12406414, 0.52515004, 0.0 ], [ 123.12316583, 0.52515004, 0.0 ], [ 123.12316583, 0.5251365, 0.0 ], [ 123.12316583, 0.52425176, 0.0 ], [ 123.12226751, 0.52425176, 0.0 ], [ 123.12226751, 0.52335348, 0.0 ], [ 123.12299029, 0.52335348, 0.0 ], [ 123.12316583, 0.52335348, 0.0 ], [ 123.12316583, 0.5224552, 0.0 ], [ 123.12406414, 0.5224552, 0.0 ], [ 123.12406414, 0.52155693, 0.0 ], [ 123.12496246, 0.52155693, 0.0 ], [ 123.12496246, 0.52065865, 0.0 ], [ 123.12586077, 0.52065865, 0.0 ], [ 123.12586077, 0.51886209, 0.0 ], [ 123.12675909, 0.51886209, 0.0 ], [ 123.12675909, 0.52155693, 0.0 ], [ 123.12765741, 0.52155693, 0.0 ], [ 123.12765741, 0.52065865, 0.0 ], [ 123.12855572, 0.52065865, 0.0 ], [ 123.12855572, 0.52155693, 0.0 ], [ 123.13125067, 0.52155693, 0.0 ] ] ] } },
{ "type": "Feature", "properties": { "gridcode": 2, "Bhy_Bjr": "Sedang", "Luas_Ha": 6.99999999983, "SMBR_DATA": "Badan Nasional Penanggulangan Bencana (BNPB), 2015", "WADMPR": "Gorontalo" }, "geometry": { "type": "Polygon", "coordinates": [ [ [ 123.18065801, 0.52335348, 0.0 ], [ 123.17886138, 0.52335348, 0.0 ], [ 123.17886138, 0.51886209, 0.0 ], [ 123.17975969, 0.51886209, 0.0 ], [ 123.17975969, 0.52155693, 0.0 ], [ 123.18065801, 0.52155693, 0.0 ], [ 123.18065801, 0.52335348, 0.0 ] ] ] } },
{ "type": "Feature", "properties": { "gridcode": 2, "Bhy_Bjr": "Sedang", "Luas_Ha": 3.00000000007, "SMBR_DATA": "Badan Nasional Penanggulangan Bencana (BNPB), 2015", "WADMPR": "Gorontalo" }, "geometry": { "type": "Polygon", "coordinates": [ [ [ 123.40074525, 0.51976037, 0.0 ], [ 123.40074525, 0.52065865, 0.0 ], [ 123.39894862, 0.52065865, 0.0 ], [ 123.39894862, 0.51976037, 0.0 ], [ 123.39984694, 0.51976037, 0.0 ], [ 123.39984694, 0.51886209, 0.0 ], [ 123.40074525, 0.51886209, 0.0 ], [ 123.40074525, 0.51976037, 0.0 ] ] ] } },
{ "type": "Feature", "properties": { "gridcode": 3, "Bhy_Bjr": "Tinggi", "Luas_Ha": 1.00000000003, "SMBR_DATA": "Badan Nasional Penanggulangan Bencana (BNPB), 2015", "WADMPR": "Gorontalo" }, "geometry": { "type": "Polygon", "coordinates": [ [ [ 123.49327173, 0.51886209, 0.0 ], [ 123.49327173, 0.51976037, 0.0 ], [ 123.49237341, 0.51976037, 0.0 ], [ 123.49237341, 0.51886209, 0.0 ], [ 123.49327173, 0.51886209, 0.0 ] ] ] } },
{ "type": "Feature", "properties": { "gridcode": 3, "Bhy_Bjr": "Tinggi", "Luas_Ha": 3.99999999993, "SMBR_DATA": "Badan Nasional Penanggulangan Bencana (BNPB), 2015", "WADMPR": "Gorontalo" }, "geometry": { "type": "Polygon", "coordinates": [ [ [ 123.13664056, 0.51886209, 0.0 ], [ 123.13664056, 0.51976037, 0.0 ], [ 123.13484393, 0.51976037, 0.0 ], [ 123.13484393, 0.51796381, 0.0 ], [ 123.13664056, 0.51796381, 0.0 ], [ 123.13664056, 0.51886209, 0.0 ] ] ] } },
{ "type": "Feature", "properties": { "gridcode": 2, "Bhy_Bjr": "Sedang", "Luas_Ha": 1.00000000003, "SMBR_DATA": "Badan Nasional Penanggulangan Bencana (BNPB), 2015", "WADMPR": "Gorontalo" }, "geometry": { "type": "Polygon", "coordinates": [ [ [ 123.13753887, 0.51796381, 0.0 ], [ 123.13753887, 0.51886209, 0.0 ], [ 123.13664056, 0.51886209, 0.0 ], [ 123.13664056, 0.51796381, 0.0 ], [ 123.13753887, 0.51796381, 0.0 ] ] ] } },
{ "type": "Feature", "properties": { "gridcode": 2, "Bhy_Bjr": "Sedang", "Luas_Ha": 13.0, "SMBR_DATA": "Badan Nasional Penanggulangan Bencana (BNPB), 2015", "WADMPR": "Gorontalo" }, "geometry": { "type": "Polygon", "coordinates": [ [ [ 123.43218629, 0.51886209, 0.0 ], [ 123.43128797, 0.51886209, 0.0 ], [ 123.43128797, 0.52065865, 0.0 ], [ 123.43125569, 0.52065865, 0.0 ], [ 123.43038966, 0.52065865, 0.0 ], [ 123.43038966, 0.5224552, 0.0 ], [ 123.42949134, 0.5224552, 0.0 ], [ 123.42949134, 0.52155693, 0.0 ], [ 123.42859303, 0.52155693, 0.0 ], [ 123.42859303, 0.52065865, 0.0 ], [ 123.42819715, 0.52065865, 0.0 ], [ 123.42769471, 0.52065865, 0.0 ], [ 123.42769471, 0.51976037, 0.0 ], [ 123.42818335, 0.51976037, 0.0 ], [ 123.42859303, 0.51976037, 0.0 ], [ 123.42859303, 0.51886209, 0.0 ], [ 123.42949134, 0.51886209, 0.0 ], [ 123.42949134, 0.51796381, 0.0 ], [ 123.43117705, 0.51796381, 0.0 ], [ 123.43218629, 0.51796381, 0.0 ], [ 123.43218629, 0.51886209, 0.0 ] ] ] } },
{ "type": "Feature", "properties": { "gridcode": 1, "Bhy_Bjr": "Rendah", "Luas_Ha": 13.0000000002, "SMBR_DATA": "Badan Nasional Penanggulangan Bencana (BNPB), 2015", "WADMPR": "Gorontalo" }, "geometry": { "type": "Polygon", "coordinates": [ [ [ 123.43488123, 0.52155693, 0.0 ], [ 123.43398292, 0.52155693, 0.0 ], [ 123.43398292, 0.52335348, 0.0 ], [ 123.4330846, 0.52335348, 0.0 ], [ 123.4330846, 0.52065865, 0.0 ], [ 123.43218629, 0.52065865, 0.0 ], [ 123.43218629, 0.51886209, 0.0 ], [ 123.4330846, 0.51886209, 0.0 ], [ 123.4330846, 0.51796381, 0.0 ], [ 123.43398292, 0.51796381, 0.0 ], [ 123.43398292, 0.51886209, 0.0 ], [ 123.43577955, 0.51886209, 0.0 ], [ 123.43577955, 0.52065865, 0.0 ], [ 123.43488123, 0.52065865, 0.0 ], [ 123.43488123, 0.52155693, 0.0 ] ] ] } },
{ "type": "Feature", "properties": { "gridcode": 1, "Bhy_Bjr": "Rendah", "Luas_Ha": 3.00000000007, "SMBR_DATA": "Badan Nasional Penanggulangan Bencana (BNPB), 2015", "WADMPR": "Gorontalo" }, "geometry": { "type": "Polygon", "coordinates": [ [ [ 123.43757618, 0.51796381, 0.0 ], [ 123.43757618, 0.51976037, 0.0 ], [ 123.43667786, 0.51976037, 0.0 ], [ 123.43667786, 0.51886209, 0.0 ], [ 123.43577955, 0.51886209, 0.0 ], [ 123.43577955, 0.51796381, 0.0 ], [ 123.43757618, 0.51796381, 0.0 ] ] ] } },
{ "type": "Feature", "properties": { "gridcode": 2, "Bhy_Bjr": "Sedang", "Luas_Ha": 11645.0, "SMBR_DATA": "Badan Nasional Penanggulangan Bencana (BNPB), 2015", "WADMPR": "Gorontalo" }, "geometry": { "type": "MultiPolygon", "coordinates": [ [ [ [ 123.07016523, 0.5862326, 0.0 ], [ 123.06997554, 0.5862326, 0.0 ], [ 123.07012039, 0.58617342, 0.0 ], [ 123.07016523, 0.58615577, 0.0 ], [ 123.07016523, 0.5862326, 0.0 ] ] ], [ [ [ 123.06926691, 0.6050962, 0.0 ], [ 123.06926691, 0.60568588, 0.0 ], [ 123.06925549, 0.60561594, 0.0 ], [ 123.06918986, 0.6050962, 0.0 ], [ 123.06926691, 0.6050962, 0.0 ] ] ], [ [ [ 123.07016523, 0.60689273, 0.0 ], [ 123.07016523, 0.60753583, 0.0 ], [ 123.07010863, 0.60748568, 0.0 ], [ 123.06978716, 0.60710972, 0.0 ], [ 123.06965115, 0.60689273, 0.0 ], [ 123.07016523, 0.60689273, 0.0 ] ] ], [ [ [ 123.13753887, 0.57096202, 0.0 ], [ 123.13664056, 0.57096202, 0.0 ], [ 123.1330473, 0.57096202, 0.0 ], [ 123.1330473, 0.57186029, 0.0 ], [ 123.13214898, 0.57186029, 0.0 ], [ 123.13214898, 0.57275856, 0.0 ], [ 123.13125067, 0.57275856, 0.0 ], [ 123.13125067, 0.57545337, 0.0 ], [ 123.13394561, 0.57545337, 0.0 ], [ 123.13394561, 0.57724991, 0.0 ], [ 123.1330473, 0.57724991, 0.0 ], [ 123.1330473, 0.57904645, 0.0 ], [ 123.13214898, 0.57904645, 0.0 ], [ 123.13214898, 0.57814818, 0.0 ], [ 123.13125067, 0.57814818, 0.0 ], [ 123.13125067, 0.57635164, 0.0 ], [ 123.13035235, 0.57635164, 0.0 ], [ 123.13035235, 0.57545337, 0.0 ], [ 123.12855572, 0.57545337, 0.0 ], [ 123.12855572, 0.5745551, 0.0 ], [ 123.12804699, 0.5745551, 0.0 ], [ 123.12765741, 0.5745551, 0.0 ], [ 123.12765741, 0.57365683, 0.0 ], [ 123.12675909, 0.57365683, 0.0 ], [ 123.12675909, 0.57096202, 0.0 ], [ 123.12586077, 0.57096202, 0.0 ], [ 123.12586077, 0.56916548, 0.0 ], [ 123.12496246, 0.56916548, 0.0 ], [ 123.12496246, 0.56826721, 0.0 ], [ 123.12489246, 0.56826721, 0.0 ], [ 123.12456013, 0.56826721, 0.0 ], [ 123.12226751, 0.56826721, 0.0 ], [ 123.12226751, 0.56916548, 0.0 ], [ 123.1213692, 0.56916548, 0.0 ], [ 123.1213692, 0.56963626, 0.0 ], [ 123.1213692, 0.57096202, 0.0 ], [ 123.12047088, 0.57096202, 0.0 ], [ 123.12047088, 0.57325679, 0.0 ], [ 123.12047088, 0.57365683, 0.0 ], [ 123.11888551, 0.57365683, 0.0 ], [ 123.11777594, 0.57365683, 0.0 ], [ 123.11777594, 0.57275856, 0.0 ], [ 123.11867425, 0.57275856, 0.0 ], [ 123.11867425, 0.567728, 0.0 ], [ 123.11867425, 0.56377585, 0.0 ], [ 123.11687762, 0.56377585, 0.0 ], [ 123.11687762, 0.56287758, 0.0 ], [ 123.11418268, 0.56287758, 0.0 ], [ 123.11418268, 0.56377585, 0.0 ], [ 123.11328436, 0.56377585, 0.0 ], [ 123.11328436, 0.56467231, 0.0 ], [ 123.11328436, 0.57063457, 0.0 ], [ 123.11328436, 0.57096202, 0.0 ], [ 123.11238605, 0.57096202, 0.0 ], [ 123.11238605, 0.57186029, 0.0 ], [ 123.11148773, 0.57186029, 0.0 ], [ 123.11148773, 0.57275856, 0.0 ], [ 123.11058941, 0.57275856, 0.0 ], [ 123.11058941, 0.57536774, 0.0 ], [ 123.11058941, 0.57814818, 0.0 ], [ 123.1096911, 0.57814818, 0.0 ], [ 123.1096911, 0.57994472, 0.0 ], [ 123.10879278, 0.57994472, 0.0 ], [ 123.10879278, 0.58084299, 0.0 ], [ 123.10789447, 0.58084299, 0.0 ], [ 123.10789447, 0.58174126, 0.0 ], [ 123.10699615, 0.58174126, 0.0 ], [ 123.10699615, 0.58239771, 0.0 ], [ 123.10699615, 0.5835378, 0.0 ], [ 123.10789447, 0.5835378, 0.0 ], [ 123.10789447, 0.58573377, 0.0 ], [ 123.10789447, 0.58713087, 0.0 ], [ 123.10879278, 0.58713087, 0.0 ], [ 123.10879278, 0.58892741, 0.0 ], [ 123.1096911, 0.58892741, 0.0 ], [ 123.1096911, 0.59072394, 0.0 ], [ 123.11058941, 0.59072394, 0.0 ], [ 123.11058941, 0.59153941, 0.0 ], [ 123.11058941, 0.59162221, 0.0 ], [ 123.11041266, 0.59162221, 0.0 ], [ 123.1096911, 0.59162221, 0.0 ], [ 123.1096911, 0.59196022, 0.0 ], [ 123.1096911, 0.59292877, 0.0 ], [ 123.1096911, 0.59431701, 0.0 ], [ 123.10879278, 0.59431701, 0.0 ], [ 123.10879278, 0.59701181, 0.0 ], [ 123.1096911, 0.59701181, 0.0 ], [ 123.1096911, 0.59970661, 0.0 ], [ 123.11058941, 0.59970661, 0.0 ], [ 123.11058941, 0.60060487, 0.0 ], [ 123.11058941, 0.60150314, 0.0 ], [ 123.1096911, 0.60150314, 0.0 ], [ 123.1096911, 0.60240141, 0.0 ], [ 123.10879278, 0.60240141, 0.0 ], [ 123.10789447, 0.60240141, 0.0 ], [ 123.10789447, 0.60060487, 0.0 ], [ 123.10699615, 0.60060487, 0.0 ], [ 123.10699615, 0.59880834, 0.0 ], [ 123.10609784, 0.59880834, 0.0 ], [ 123.10609784, 0.60150314, 0.0 ], [ 123.10519952, 0.60150314, 0.0 ], [ 123.10385538, 0.60150314, 0.0 ], [ 123.10340289, 0.60150314, 0.0 ], [ 123.10340289, 0.60095615, 0.0 ], [ 123.10340289, 0.59970661, 0.0 ], [ 123.10430121, 0.59970661, 0.0 ], [ 123.10430121, 0.59431701, 0.0 ], [ 123.10340289, 0.59431701, 0.0 ], [ 123.10340289, 0.59252048, 0.0 ], [ 123.10258262, 0.59252048, 0.0 ], [ 123.10250458, 0.59252048, 0.0 ], [ 123.10250458, 0.59162221, 0.0 ], [ 123.10070795, 0.59162221, 0.0 ], [ 123.10070795, 0.59341874, 0.0 ], [ 123.09980963, 0.59341874, 0.0 ], [ 123.09980963, 0.59611354, 0.0 ], [ 123.09891132, 0.59611354, 0.0 ], [ 123.09891132, 0.59791008, 0.0 ], [ 123.09661328, 0.59791008, 0.0 ], [ 123.09621637, 0.59791008, 0.0 ], [ 123.09621637, 0.59880834, 0.0 ], [ 123.09352142, 0.59880834, 0.0 ], [ 123.09352142, 0.59970661, 0.0 ], [ 123.09172479, 0.59970661, 0.0 ], [ 123.09172479, 0.60060487, 0.0 ], [ 123.09127794, 0.60060487, 0.0 ], [ 123.09082648, 0.60060487, 0.0 ], [ 123.09082648, 0.60211764, 0.0 ], [ 123.09082648, 0.60689273, 0.0 ], [ 123.08992816, 0.60689273, 0.0 ], [ 123.08992816, 0.607791, 0.0 ], [ 123.08723322, 0.607791, 0.0 ], [ 123.08723322, 0.60868926, 0.0 ], [ 123.0863349, 0.60868926, 0.0 ], [ 123.0863349, 0.60958753, 0.0 ], [ 123.08723322, 0.60958753, 0.0 ], [ 123.08723322, 0.60998813, 0.0 ], [ 123.08723322, 0.61048579, 0.0 ], [ 123.08813153, 0.61048579, 0.0 ], [ 123.08813153, 0.61138406, 0.0 ], [ 123.09172479, 0.61138406, 0.0 ], [ 123.09172479, 0.61228232, 0.0 ], [ 123.09352142, 0.61228232, 0.0 ], [ 123.09352142, 0.61318058, 0.0 ], [ 123.09262311, 0.61318058, 0.0 ], [ 123.09262311, 0.61407885, 0.0 ], [ 123.09352142, 0.61407885, 0.0 ], [ 123.09352142, 0.61497711, 0.0 ], [ 123.09441974, 0.61497711, 0.0 ], [ 123.09441974, 0.61587537, 0.0 ], [ 123.09531805, 0.61587537, 0.0 ], [ 123.09531805, 0.61497711, 0.0 ], [ 123.09621637, 0.61497711, 0.0 ], [ 123.09621637, 0.61677364, 0.0 ], [ 123.09531805, 0.61677364, 0.0 ], [ 123.09531805, 0.6176719, 0.0 ], [ 123.09441974, 0.6176719, 0.0 ], [ 123.09352142, 0.6176719, 0.0 ], [ 123.09352142, 0.61677364, 0.0 ], [ 123.09082648, 0.61677364, 0.0 ], [ 123.09082648, 0.61587537, 0.0 ], [ 123.08992816, 0.61587537, 0.0 ], [ 123.08992816, 0.61497711, 0.0 ], [ 123.08902985, 0.61497711, 0.0 ], [ 123.08902985, 0.61407885, 0.0 ], [ 123.08813153, 0.61407885, 0.0 ], [ 123.08813153, 0.61497711, 0.0 ], [ 123.08723322, 0.61497711, 0.0 ], [ 123.0863349, 0.61497711, 0.0 ], [ 123.0863349, 0.61587537, 0.0 ], [ 123.08543659, 0.61587537, 0.0 ], [ 123.08543659, 0.61497711, 0.0 ], [ 123.08453827, 0.61497711, 0.0 ], [ 123.08453827, 0.61318058, 0.0 ], [ 123.08365925, 0.61318058, 0.0 ], [ 123.08184333, 0.61318058, 0.0 ], [ 123.08184333, 0.61407885, 0.0 ], [ 123.08094501, 0.61407885, 0.0 ], [ 123.08094501, 0.61445167, 0.0 ], [ 123.08094501, 0.61497711, 0.0 ], [ 123.0800467, 0.61497711, 0.0 ], [ 123.0800467, 0.61442196, 0.0 ], [ 123.0800467, 0.61407885, 0.0 ], [ 123.07914838, 0.61407885, 0.0 ], [ 123.07914838, 0.61318058, 0.0 ], [ 123.07825006, 0.61318058, 0.0 ], [ 123.07825006, 0.61228232, 0.0 ], [ 123.07645343, 0.61228232, 0.0 ], [ 123.07645343, 0.61318058, 0.0 ], [ 123.07555512, 0.61318058, 0.0 ], [ 123.07555512, 0.61228232, 0.0 ], [ 123.0746568, 0.61228232, 0.0 ], [ 123.0746568, 0.61407885, 0.0 ], [ 123.07555512, 0.61407885, 0.0 ], [ 123.07555512, 0.61430743, 0.0 ], [ 123.07555512, 0.61587537, 0.0 ], [ 123.07645343, 0.61587537, 0.0 ], [ 123.07645343, 0.61677364, 0.0 ], [ 123.07735175, 0.61677364, 0.0 ], [ 123.07735175, 0.6176719, 0.0 ], [ 123.07645343, 0.6176719, 0.0 ], [ 123.07645343, 0.61857016, 0.0 ], [ 123.07825006, 0.61857016, 0.0 ], [ 123.07825006, 0.61946843, 0.0 ], [ 123.07825006, 0.62036669, 0.0 ], [ 123.07914838, 0.62036669, 0.0 ], [ 123.07914838, 0.62306148, 0.0 ], [ 123.08184333, 0.62306148, 0.0 ], [ 123.08184333, 0.62395974, 0.0 ], [ 123.08453827, 0.62395974, 0.0 ], [ 123.08453827, 0.624858, 0.0 ], [ 123.08363996, 0.624858, 0.0 ], [ 123.08363996, 0.62665452, 0.0 ], [ 123.08094501, 0.62665452, 0.0 ], [ 123.08094501, 0.62738267, 0.0 ], [ 123.08094501, 0.62755279, 0.0 ], [ 123.07914838, 0.62755279, 0.0 ], [ 123.07914838, 0.62665452, 0.0 ], [ 123.07825006, 0.62665452, 0.0 ], [ 123.07825006, 0.6257314, 0.0 ], [ 123.07825006, 0.624858, 0.0 ], [ 123.07735175, 0.624858, 0.0 ], [ 123.07735175, 0.62395974, 0.0 ], [ 123.07645343, 0.62395974, 0.0 ], [ 123.07645343, 0.62306148, 0.0 ], [ 123.07555512, 0.62306148, 0.0 ], [ 123.07555512, 0.6176719, 0.0 ], [ 123.07412009, 0.6176719, 0.0 ], [ 123.07286017, 0.6176719, 0.0 ], [ 123.07286017, 0.61760017, 0.0 ], [ 123.07286017, 0.61677364, 0.0 ], [ 123.07106354, 0.61677364, 0.0 ], [ 123.07106354, 0.61587537, 0.0 ], [ 123.07016523, 0.61587537, 0.0 ], [ 123.07016523, 0.61497711, 0.0 ], [ 123.06747028, 0.61497711, 0.0 ], [ 123.06567365, 0.61497711, 0.0 ], [ 123.06567365, 0.61407885, 0.0 ], [ 123.06477534, 0.61407885, 0.0 ], [ 123.06477534, 0.61168328, 0.0 ], [ 123.06484, 0.61165, 0.0 ], [ 123.06501, 0.61144, 0.0 ], [ 123.06535, 0.61129, 0.0 ], [ 123.06585, 0.61129, 0.0 ], [ 123.06634633, 0.61124814, 0.0 ], [ 123.06668, 0.61122, 0.0 ], [ 123.06701, 0.61122, 0.0 ], [ 123.06808, 0.6112, 0.0 ], [ 123.06859, 0.61119, 0.0 ], [ 123.06871, 0.61115, 0.0 ], [ 123.06879, 0.61115, 0.0 ], [ 123.06884, 0.61115, 0.0 ], [ 123.06894377, 0.61113498, 0.0 ], [ 123.06906, 0.61111, 0.0 ], [ 123.06921, 0.61109, 0.0 ], [ 123.06967, 0.61095, 0.0 ], [ 123.0715, 0.6104, 0.0 ], [ 123.07234, 0.61014, 0.0 ], [ 123.07301, 0.60994, 0.0 ], [ 123.07344, 0.60981, 0.0 ], [ 123.07372498, 0.60972946, 0.0 ], [ 123.07420928, 0.60963772, 0.0 ], [ 123.07447135, 0.6096044, 0.0 ], [ 123.07454199, 0.60960369, 0.0 ], [ 123.07460591, 0.60960568, 0.0 ], [ 123.07459699, 0.60938319, 0.0 ], [ 123.07459699, 0.60925536, 0.0 ], [ 123.07456708, 0.6089621, 0.0 ], [ 123.07448484, 0.60873652, 0.0 ], [ 123.07431289, 0.60849591, 0.0 ], [ 123.07389144, 0.60813982, 0.0 ], [ 123.07356998, 0.60796687, 0.0 ], [ 123.07330085, 0.6079368, 0.0 ], [ 123.07301676, 0.60794432, 0.0 ], [ 123.07276258, 0.60799696, 0.0 ], [ 123.07244859, 0.60807216, 0.0 ], [ 123.07212713, 0.60809472, 0.0 ], [ 123.07168605, 0.60813985, 0.0 ], [ 123.07140944, 0.60813233, 0.0 ], [ 123.07115526, 0.60807218, 0.0 ], [ 123.07091603, 0.60799699, 0.0 ], [ 123.07085622, 0.60797511, 0.0 ], [ 123.07066933, 0.60790676, 0.0 ], [ 123.07046942, 0.607791, 0.0 ], [ 123.07116108, 0.607791, 0.0 ], [ 123.07286017, 0.607791, 0.0 ], [ 123.07286017, 0.60689273, 0.0 ], [ 123.07645343, 0.60689273, 0.0 ], [ 123.07645343, 0.60632596, 0.0 ], [ 123.07645343, 0.60599447, 0.0 ], [ 123.07738179, 0.60599447, 0.0 ], [ 123.07825006, 0.60599447, 0.0 ], [ 123.07825006, 0.60568795, 0.0 ], [ 123.07825006, 0.6050962, 0.0 ], [ 123.07904138, 0.6050962, 0.0 ], [ 123.0791384, 0.6050962, 0.0 ], [ 123.08453827, 0.6050962, 0.0 ], [ 123.08453827, 0.60419794, 0.0 ], [ 123.07862897, 0.60419794, 0.0 ], [ 123.07825006, 0.60419794, 0.0 ], [ 123.07825006, 0.60336217, 0.0 ], [ 123.07825006, 0.60329967, 0.0 ], [ 123.07823265, 0.60329967, 0.0 ], [ 123.07817497, 0.60329967, 0.0 ], [ 123.07555512, 0.60329967, 0.0 ], [ 123.07555512, 0.60282001, 0.0 ], [ 123.07555512, 0.60240141, 0.0 ], [ 123.07375849, 0.60240141, 0.0 ], [ 123.07375849, 0.60150314, 0.0 ], [ 123.07286017, 0.60150314, 0.0 ], [ 123.07286017, 0.60060487, 0.0 ], [ 123.07196186, 0.60060487, 0.0 ], [ 123.07196186, 0.59880834, 0.0 ], [ 123.0714184, 0.59880834, 0.0 ], [ 123.07106354, 0.59880834, 0.0 ], [ 123.07106354, 0.59791008, 0.0 ], [ 123.07016523, 0.59791008, 0.0 ], [ 123.06718343, 0.59791008, 0.0 ], [ 123.06717995, 0.59790106, 0.0 ], [ 123.06704539, 0.59766796, 0.0 ], [ 123.06694072, 0.59751005, 0.0 ], [ 123.06678373, 0.59731455, 0.0 ], [ 123.06667906, 0.5971792, 0.0 ], [ 123.06646311, 0.59698487, 0.0 ], [ 123.06639497, 0.59692355, 0.0 ], [ 123.06596884, 0.59660022, 0.0 ], [ 123.06553524, 0.59629945, 0.0 ], [ 123.06461412, 0.59524261, 0.0 ], [ 123.06444965, 0.59505463, 0.0 ], [ 123.06429265, 0.59485161, 0.0 ], [ 123.06421042, 0.59468618, 0.0 ], [ 123.06417304, 0.59454331, 0.0 ], [ 123.06408332, 0.5942275, 0.0 ], [ 123.06392698, 0.59381913, 0.0 ], [ 123.06384317, 0.59360019, 0.0 ], [ 123.06358898, 0.5930588, 0.0 ], [ 123.06343198, 0.59279562, 0.0 ], [ 123.06298258, 0.59228976, 0.0 ], [ 123.06287044, 0.59213185, 0.0 ], [ 123.06274335, 0.59193635, 0.0 ], [ 123.06271344, 0.59175589, 0.0 ], [ 123.06267606, 0.5915679, 0.0 ], [ 123.06260877, 0.59125209, 0.0 ], [ 123.06248168, 0.59095132, 0.0 ], [ 123.06226254, 0.59055557, 0.0 ], [ 123.06188874, 0.5899841, 0.0 ], [ 123.06161961, 0.58965325, 0.0 ], [ 123.06153154, 0.58955819, 0.0 ], [ 123.06220899, 0.58926301, 0.0 ], [ 123.06392676, 0.58855951, 0.0 ], [ 123.06528872, 0.58802604, 0.0 ], [ 123.06544594, 0.58796473, 0.0 ], [ 123.06562022, 0.58789852, 0.0 ], [ 123.06573113, 0.58785071, 0.0 ], [ 123.066012, 0.58775107, 0.0 ], [ 123.06639028, 0.58762569, 0.0 ], [ 123.06669333, 0.58752471, 0.0 ], [ 123.06700045, 0.5874021, 0.0 ], [ 123.06782132, 0.58710381, 0.0 ], [ 123.06821437, 0.58695586, 0.0 ], [ 123.06885697, 0.58670629, 0.0 ], [ 123.06922998, 0.58654592, 0.0 ], [ 123.06926691, 0.58653017, 0.0 ], [ 123.06926691, 0.58713087, 0.0 ], [ 123.07016523, 0.58713087, 0.0 ], [ 123.07016523, 0.59096682, 0.0 ], [ 123.07016523, 0.59162221, 0.0 ], [ 123.07087729, 0.59162221, 0.0 ], [ 123.07106354, 0.59162221, 0.0 ], [ 123.07106354, 0.59180197, 0.0 ], [ 123.07106354, 0.59252048, 0.0 ], [ 123.07184997, 0.59252048, 0.0 ], [ 123.07286017, 0.59252048, 0.0 ], [ 123.07286017, 0.59341874, 0.0 ], [ 123.07375849, 0.59341874, 0.0 ], [ 123.07375849, 0.59468402, 0.0 ], [ 123.07375849, 0.59482396, 0.0 ], [ 123.07375849, 0.59521528, 0.0 ], [ 123.07403116, 0.59521528, 0.0 ], [ 123.0746568, 0.59521528, 0.0 ], [ 123.0746568, 0.59597088, 0.0 ], [ 123.0746568, 0.59741557, 0.0 ], [ 123.0746568, 0.59791008, 0.0 ], [ 123.07555512, 0.59791008, 0.0 ], [ 123.07555512, 0.5994478, 0.0 ], [ 123.07555512, 0.60060487, 0.0 ], [ 123.07626679, 0.60060487, 0.0 ], [ 123.07831094, 0.60060487, 0.0 ], [ 123.07914838, 0.60060487, 0.0 ], [ 123.07914838, 0.60150314, 0.0 ], [ 123.0800467, 0.60150314, 0.0 ], [ 123.0800467, 0.60060487, 0.0 ], [ 123.08184333, 0.60060487, 0.0 ], [ 123.08184333, 0.59970661, 0.0 ], [ 123.08094501, 0.59970661, 0.0 ], [ 123.08094501, 0.59791008, 0.0 ], [ 123.0800467, 0.59791008, 0.0 ], [ 123.0800467, 0.59768706, 0.0 ], [ 123.0800467, 0.59611354, 0.0 ], [ 123.07735175, 0.59611354, 0.0 ], [ 123.07735175, 0.59521528, 0.0 ], [ 123.07825006, 0.59521528, 0.0 ], [ 123.07825006, 0.59252048, 0.0 ], [ 123.07914838, 0.59252048, 0.0 ], [ 123.07914838, 0.59145505, 0.0 ], [ 123.07914838, 0.59072394, 0.0 ], [ 123.07825006, 0.59072394, 0.0 ], [ 123.07825006, 0.58982567, 0.0 ], [ 123.07735175, 0.58982567, 0.0 ], [ 123.07735175, 0.58892741, 0.0 ], [ 123.0746568, 0.58892741, 0.0 ], [ 123.0746568, 0.58802914, 0.0 ], [ 123.07324814, 0.58802914, 0.0 ], [ 123.07286017, 0.58802914, 0.0 ], [ 123.07286017, 0.58713087, 0.0 ], [ 123.07196186, 0.58713087, 0.0 ], [ 123.07196186, 0.5862326, 0.0 ], [ 123.07106354, 0.5862326, 0.0 ], [ 123.07106354, 0.58575606, 0.0 ], [ 123.07130133, 0.58564899, 0.0 ], [ 123.07171494, 0.58548078, 0.0 ], [ 123.07186545, 0.58540263, 0.0 ], [ 123.07194961, 0.58534727, 0.0 ], [ 123.0720289, 0.58529029, 0.0 ], [ 123.07226681, 0.58516818, 0.0 ], [ 123.07244686, 0.58508357, 0.0 ], [ 123.07275297, 0.58495774, 0.0 ], [ 123.07309445, 0.58484206, 0.0 ], [ 123.07325533, 0.58478219, 0.0 ], [ 123.07329474, 0.584766, 0.0 ], [ 123.0733398, 0.58475548, 0.0 ], [ 123.07339512, 0.58474982, 0.0 ], [ 123.073502, 0.58474836, 0.0 ], [ 123.07358411, 0.58475066, 0.0 ], [ 123.07393024, 0.58478288, 0.0 ], [ 123.07411421, 0.58479949, 0.0 ], [ 123.0742267, 0.58481617, 0.0 ], [ 123.07437133, 0.58483071, 0.0 ], [ 123.07451656, 0.5848307, 0.0 ], [ 123.07468485, 0.58482409, 0.0 ], [ 123.07482423, 0.5848069, 0.0 ], [ 123.07490246, 0.58478947, 0.0 ], [ 123.07498962, 0.58475311, 0.0 ], [ 123.07515332, 0.58467825, 0.0 ], [ 123.07531914, 0.58458842, 0.0 ], [ 123.07564315, 0.58441428, 0.0 ], [ 123.07600881, 0.58423035, 0.0 ], [ 123.07645205, 0.58398555, 0.0 ], [ 123.07684747, 0.58378236, 0.0 ], [ 123.07704003, 0.58367668, 0.0 ], [ 123.07715057, 0.58362749, 0.0 ], [ 123.07721648, 0.5836061, 0.0 ], [ 123.07742269, 0.58355049, 0.0 ], [ 123.07801797, 0.58339864, 0.0 ], [ 123.07830148, 0.58333333, 0.0 ], [ 123.07850518, 0.5832879, 0.0 ], [ 123.07858092, 0.5832711, 0.0 ], [ 123.07874894, 0.58323186, 0.0 ], [ 123.07891875, 0.58319594, 0.0 ], [ 123.07916056, 0.58314345, 0.0 ], [ 123.07933506, 0.58309985, 0.0 ], [ 123.07945603, 0.58306529, 0.0 ], [ 123.0795486, 0.58303083, 0.0 ], [ 123.07965463, 0.58299198, 0.0 ], [ 123.07992825, 0.58289355, 0.0 ], [ 123.08003207, 0.58284879, 0.0 ], [ 123.08016892, 0.58280325, 0.0 ], [ 123.0804073, 0.58272314, 0.0 ], [ 123.08063213, 0.58264721, 0.0 ], [ 123.08089084, 0.58256209, 0.0 ], [ 123.08109938, 0.58249344, 0.0 ], [ 123.0811831, 0.58246234, 0.0 ], [ 123.08132102, 0.58241714, 0.0 ], [ 123.08152396, 0.58235022, 0.0 ], [ 123.08166885, 0.58230122, 0.0 ], [ 123.08184443, 0.58223721, 0.0 ], [ 123.081992, 0.58218925, 0.0 ], [ 123.08219463, 0.58212479, 0.0 ], [ 123.08245813, 0.58203818, 0.0 ], [ 123.08261994, 0.58199066, 0.0 ], [ 123.08278215, 0.581943, 0.0 ], [ 123.0829691, 0.58188433, 0.0 ], [ 123.08311938, 0.58183667, 0.0 ], [ 123.08330443, 0.58178165, 0.0 ], [ 123.08333333, 0.58177289, 0.0 ], [ 123.08336374, 0.58176469, 0.0 ], [ 123.08511486, 0.58122158, 0.0 ], [ 123.0863349, 0.58104844, 0.0 ], [ 123.0863349, 0.58263953, 0.0 ], [ 123.08723322, 0.58263953, 0.0 ], [ 123.08723322, 0.5835378, 0.0 ], [ 123.08992816, 0.5835378, 0.0 ], [ 123.08992816, 0.58263953, 0.0 ], [ 123.09082648, 0.58263953, 0.0 ], [ 123.09082648, 0.58084299, 0.0 ], [ 123.08992816, 0.58084299, 0.0 ], [ 123.08992816, 0.58052617, 0.0 ], [ 123.09097535, 0.580312, 0.0 ], [ 123.09077645, 0.57569969, 0.0 ], [ 123.09077, 0.57555, 0.0 ], [ 123.09048622, 0.57177959, 0.0 ], [ 123.09004355, 0.5658979, 0.0 ], [ 123.09003337, 0.56582828, 0.0 ], [ 123.0895823, 0.56477316, 0.0 ], [ 123.08886132, 0.56294169, 0.0 ], [ 123.08837282, 0.56170077, 0.0 ], [ 123.08748897, 0.55949428, 0.0 ], [ 123.08818069, 0.55936006, 0.0 ], [ 123.088534, 0.5592712, 0.0 ], [ 123.0894467, 0.55890097, 0.0 ], [ 123.08870204, 0.55658967, 0.0 ], [ 123.09172479, 0.55658967, 0.0 ], [ 123.09172479, 0.55748794, 0.0 ], [ 123.09352142, 0.55748794, 0.0 ], [ 123.09352142, 0.55658967, 0.0 ], [ 123.09441974, 0.55658967, 0.0 ], [ 123.09441974, 0.5556914, 0.0 ], [ 123.09531805, 0.5556914, 0.0 ], [ 123.09531805, 0.55479313, 0.0 ], [ 123.09441974, 0.55479313, 0.0 ], [ 123.09441974, 0.55417634, 0.0 ], [ 123.09441974, 0.55389485, 0.0 ], [ 123.09400371, 0.55389485, 0.0 ], [ 123.09352142, 0.55389485, 0.0 ], [ 123.09352142, 0.55329235, 0.0 ], [ 123.09352142, 0.55299658, 0.0 ], [ 123.09262311, 0.55299658, 0.0 ], [ 123.09262311, 0.55339857, 0.0 ], [ 123.09262311, 0.55389485, 0.0 ], [ 123.09120531, 0.55389485, 0.0 ], [ 123.09060396, 0.55389485, 0.0 ], [ 123.09046237, 0.55389485, 0.0 ], [ 123.08992816, 0.55389485, 0.0 ], [ 123.08992816, 0.55437214, 0.0 ], [ 123.08992816, 0.55479313, 0.0 ], [ 123.08813153, 0.55479313, 0.0 ], [ 123.08813153, 0.55481891, 0.0 ], [ 123.08809, 0.55469, 0.0 ], [ 123.08804, 0.55428, 0.0 ], [ 123.08795, 0.55414, 0.0 ], [ 123.08806, 0.55355, 0.0 ], [ 123.08838, 0.55336, 0.0 ], [ 123.08798591, 0.5529049, 0.0 ], [ 123.08789954, 0.55280104, 0.0 ], [ 123.08783221, 0.5525399, 0.0 ], [ 123.08836175, 0.55246433, 0.0 ], [ 123.08823483, 0.55217176, 0.0 ], [ 123.08784, 0.55148, 0.0 ], [ 123.08774, 0.5513, 0.0 ], [ 123.08756, 0.55115, 0.0 ], [ 123.08686, 0.55003, 0.0 ], [ 123.08702, 0.54987, 0.0 ], [ 123.08725207, 0.54967258, 0.0 ], [ 123.08750686, 0.54951656, 0.0 ], [ 123.08724802, 0.54872147, 0.0 ], [ 123.08708034, 0.54834839, 0.0 ], [ 123.08675918, 0.54842008, 0.0 ], [ 123.08583782, 0.54680235, 0.0 ], [ 123.08554996, 0.54625991, 0.0 ], [ 123.08505832, 0.54519833, 0.0 ], [ 123.08424674, 0.54324567, 0.0 ], [ 123.08399091, 0.54264806, 0.0 ], [ 123.08391365, 0.54228435, 0.0 ], [ 123.08379613, 0.54225905, 0.0 ], [ 123.08378803, 0.54221615, 0.0 ], [ 123.08368422, 0.54166667, 0.0 ], [ 123.08333333, 0.53980937, 0.0 ], [ 123.08329, 0.53958, 0.0 ], [ 123.083, 0.53946, 0.0 ], [ 123.08289537, 0.53902498, 0.0 ], [ 123.08281, 0.53867, 0.0 ], [ 123.08289537, 0.5386202, 0.0 ], [ 123.08294014, 0.53859408, 0.0 ], [ 123.08317, 0.53846, 0.0 ], [ 123.08315, 0.53788, 0.0 ], [ 123.08305, 0.53762, 0.0 ], [ 123.08289535, 0.53698666, 0.0 ], [ 123.08284, 0.53676, 0.0 ], [ 123.08222, 0.5359, 0.0 ], [ 123.08206, 0.53569, 0.0 ], [ 123.08184333, 0.53524525, 0.0 ], [ 123.08184333, 0.53503108, 0.0 ], [ 123.08274164, 0.53503108, 0.0 ], [ 123.08274164, 0.53413281, 0.0 ], [ 123.08363996, 0.53413281, 0.0 ], [ 123.08363996, 0.53323453, 0.0 ], [ 123.08483664, 0.53323453, 0.0 ], [ 123.08543659, 0.53323453, 0.0 ], [ 123.08543659, 0.53380004, 0.0 ], [ 123.08543659, 0.53413281, 0.0 ], [ 123.08578711, 0.53413281, 0.0 ], [ 123.08723322, 0.53413281, 0.0 ], [ 123.08723322, 0.53498315, 0.0 ], [ 123.08723322, 0.53503108, 0.0 ], [ 123.08742109, 0.53503108, 0.0 ], [ 123.08813153, 0.53503108, 0.0 ], [ 123.08813153, 0.53592936, 0.0 ], [ 123.08992816, 0.53592936, 0.0 ], [ 123.08992816, 0.53534575, 0.0 ], [ 123.08992816, 0.53233625, 0.0 ], [ 123.088202, 0.53233625, 0.0 ], [ 123.08094501, 0.53233625, 0.0 ], [ 123.08094501, 0.53143798, 0.0 ], [ 123.08067272, 0.53143798, 0.0 ], [ 123.0806544, 0.53136571, 0.0 ], [ 123.08063729, 0.53057461, 0.0 ], [ 123.08000471, 0.5300071, 0.0 ], [ 123.07974826, 0.52966314, 0.0 ], [ 123.07974604, 0.52964142, 0.0 ], [ 123.08743211, 0.52964142, 0.0 ], [ 123.09082648, 0.52964142, 0.0 ], [ 123.09082648, 0.5305397, 0.0 ], [ 123.09262311, 0.5305397, 0.0 ], [ 123.09262311, 0.53143798, 0.0 ], [ 123.09307431, 0.53143798, 0.0 ], [ 123.09352142, 0.53143798, 0.0 ], [ 123.09352142, 0.5305397, 0.0 ], [ 123.09397697, 0.5305397, 0.0 ], [ 123.09441974, 0.5305397, 0.0 ], [ 123.09441974, 0.52964142, 0.0 ], [ 123.09531805, 0.52964142, 0.0 ], [ 123.09531805, 0.52874315, 0.0 ], [ 123.09621637, 0.52874315, 0.0 ], [ 123.09621637, 0.52784487, 0.0 ], [ 123.09441974, 0.52784487, 0.0 ], [ 123.09441974, 0.52604832, 0.0 ], [ 123.09441974, 0.52515004, 0.0 ], [ 123.09711469, 0.52515004, 0.0 ], [ 123.09711469, 0.52604832, 0.0 ], [ 123.09780616, 0.52604832, 0.0 ], [ 123.098013, 0.52604832, 0.0 ], [ 123.09891132, 0.52604832, 0.0 ], [ 123.10145546, 0.52604832, 0.0 ], [ 123.10160626, 0.52604832, 0.0 ], [ 123.10160626, 0.52639531, 0.0 ], [ 123.10160626, 0.52694659, 0.0 ], [ 123.10184586, 0.52694659, 0.0 ], [ 123.10250458, 0.52694659, 0.0 ], [ 123.10250458, 0.52604832, 0.0 ], [ 123.10340289, 0.52604832, 0.0 ], [ 123.10340289, 0.52515004, 0.0 ], [ 123.10468214, 0.52515004, 0.0 ], [ 123.10519952, 0.52515004, 0.0 ], [ 123.10519952, 0.52425176, 0.0 ], [ 123.10699615, 0.52425176, 0.0 ], [ 123.10699615, 0.52335348, 0.0 ], [ 123.10851631, 0.52335348, 0.0 ], [ 123.11058941, 0.52335348, 0.0 ], [ 123.11058941, 0.52515004, 0.0 ], [ 123.11148773, 0.52515004, 0.0 ], [ 123.11148773, 0.52604832, 0.0 ], [ 123.11238605, 0.52604832, 0.0 ], [ 123.11238605, 0.52694659, 0.0 ], [ 123.11418268, 0.52694659, 0.0 ], [ 123.11418268, 0.52604832, 0.0 ], [ 123.11328436, 0.52604832, 0.0 ], [ 123.11328436, 0.52515004, 0.0 ], [ 123.11479185, 0.52515004, 0.0 ], [ 123.11687762, 0.52515004, 0.0 ], [ 123.11687762, 0.52425176, 0.0 ], [ 123.11777594, 0.52425176, 0.0 ], [ 123.11777594, 0.52335348, 0.0 ], [ 123.11687762, 0.52335348, 0.0 ], [ 123.11687762, 0.52155693, 0.0 ], [ 123.11597931, 0.52155693, 0.0 ], [ 123.11597931, 0.51886209, 0.0 ], [ 123.11687762, 0.51886209, 0.0 ], [ 123.11687762, 0.51796381, 0.0 ], [ 123.11777594, 0.51796381, 0.0 ], [ 123.11777594, 0.51886209, 0.0 ], [ 123.11867425, 0.51886209, 0.0 ], [ 123.11867425, 0.51976037, 0.0 ], [ 123.11777594, 0.51976037, 0.0 ], [ 123.11777594, 0.52065865, 0.0 ], [ 123.11867425, 0.52065865, 0.0 ], [ 123.11957257, 0.52065865, 0.0 ], [ 123.11957257, 0.52155693, 0.0 ], [ 123.12226751, 0.52155693, 0.0 ], [ 123.12226751, 0.52065865, 0.0 ], [ 123.12269227, 0.52065865, 0.0 ], [ 123.12406414, 0.52065865, 0.0 ], [ 123.12406414, 0.51886209, 0.0 ], [ 123.12316583, 0.51886209, 0.0 ], [ 123.12316583, 0.51796381, 0.0 ], [ 123.12496246, 0.51796381, 0.0 ], [ 123.12496246, 0.51706553, 0.0 ], [ 123.12586077, 0.51706553, 0.0 ], [ 123.12586077, 0.51796381, 0.0 ], [ 123.12675909, 0.51796381, 0.0 ], [ 123.12675909, 0.51886209, 0.0 ], [ 123.12586077, 0.51886209, 0.0 ], [ 123.12586077, 0.52065865, 0.0 ], [ 123.12496246, 0.52065865, 0.0 ], [ 123.12496246, 0.52155693, 0.0 ], [ 123.12406414, 0.52155693, 0.0 ], [ 123.12406414, 0.5224552, 0.0 ], [ 123.12316583, 0.5224552, 0.0 ], [ 123.12316583, 0.52335348, 0.0 ], [ 123.12299029, 0.52335348, 0.0 ], [ 123.12226751, 0.52335348, 0.0 ], [ 123.12226751, 0.52425176, 0.0 ], [ 123.12316583, 0.52425176, 0.0 ], [ 123.12316583, 0.5251365, 0.0 ], [ 123.12316583, 0.52515004, 0.0 ], [ 123.12406414, 0.52515004, 0.0 ], [ 123.12406414, 0.52604832, 0.0 ], [ 123.12586077, 0.52604832, 0.0 ], [ 123.12586077, 0.52694659, 0.0 ], [ 123.12651974, 0.52694659, 0.0 ], [ 123.12675909, 0.52694659, 0.0 ], [ 123.12675909, 0.52770349, 0.0 ], [ 123.12675909, 0.52874315, 0.0 ], [ 123.12715261, 0.52874315, 0.0 ], [ 123.12765741, 0.52874315, 0.0 ], [ 123.12765741, 0.52990564, 0.0 ], [ 123.12765741, 0.5305397, 0.0 ], [ 123.12813686, 0.5305397, 0.0 ], [ 123.12855572, 0.5305397, 0.0 ], [ 123.12855572, 0.53094716, 0.0 ], [ 123.12855572, 0.53143798, 0.0 ], [ 123.12945404, 0.53143798, 0.0 ], [ 123.12945404, 0.53143366, 0.0 ], [ 123.12945404, 0.52964142, 0.0 ], [ 123.13035235, 0.52964142, 0.0 ], [ 123.13035235, 0.52522748, 0.0 ], [ 123.13035235, 0.5224552, 0.0 ], [ 123.13125067, 0.5224552, 0.0 ], [ 123.13125067, 0.52155693, 0.0 ], [ 123.13214898, 0.52155693, 0.0 ], [ 123.13214898, 0.5224552, 0.0 ], [ 123.13235017, 0.5224552, 0.0 ], [ 123.1330473, 0.5224552, 0.0 ], [ 123.1330473, 0.52155693, 0.0 ], [ 123.13753887, 0.52155693, 0.0 ], [ 123.13753887, 0.5224552, 0.0 ], [ 123.13484393, 0.5224552, 0.0 ], [ 123.13484393, 0.52335348, 0.0 ], [ 123.1330473, 0.52335348, 0.0 ], [ 123.1330473, 0.52651724, 0.0 ], [ 123.1330473, 0.52964142, 0.0 ], [ 123.13484393, 0.52964142, 0.0 ], [ 123.13484393, 0.5305397, 0.0 ], [ 123.13574224, 0.5305397, 0.0 ], [ 123.13574224, 0.53503108, 0.0 ], [ 123.13664056, 0.53503108, 0.0 ], [ 123.13664056, 0.53592936, 0.0 ], [ 123.13753887, 0.53592936, 0.0 ], [ 123.13753887, 0.53682763, 0.0 ], [ 123.13843719, 0.53682763, 0.0 ], [ 123.13843719, 0.53728039, 0.0 ], [ 123.13843719, 0.53772591, 0.0 ], [ 123.13753887, 0.53772591, 0.0 ], [ 123.13753887, 0.53862419, 0.0 ], [ 123.13664056, 0.53862419, 0.0 ], [ 123.13664056, 0.53952246, 0.0 ], [ 123.13584993, 0.53952246, 0.0 ], [ 123.13574224, 0.53952246, 0.0 ], [ 123.13574224, 0.53991007, 0.0 ], [ 123.13574224, 0.54221729, 0.0 ], [ 123.13664056, 0.54221729, 0.0 ], [ 123.13664056, 0.54311556, 0.0 ], [ 123.13843719, 0.54311556, 0.0 ], [ 123.13843719, 0.54401384, 0.0 ], [ 123.14203045, 0.54401384, 0.0 ], [ 123.14203045, 0.54491211, 0.0 ], [ 123.14023382, 0.54491211, 0.0 ], [ 123.14023382, 0.54581039, 0.0 ], [ 123.14292876, 0.54581039, 0.0 ], [ 123.14292876, 0.54491211, 0.0 ], [ 123.14297662, 0.54491211, 0.0 ], [ 123.14382708, 0.54491211, 0.0 ], [ 123.14382708, 0.54581039, 0.0 ], [ 123.14562371, 0.54581039, 0.0 ], [ 123.14562371, 0.54660603, 0.0 ], [ 123.14562371, 0.54670866, 0.0 ], [ 123.14578585, 0.54670866, 0.0 ], [ 123.14617683, 0.54670866, 0.0 ], [ 123.14652203, 0.54670866, 0.0 ], [ 123.14652203, 0.54760694, 0.0 ], [ 123.14742034, 0.54760694, 0.0 ], [ 123.14742034, 0.54850521, 0.0 ], [ 123.14831866, 0.54850521, 0.0 ], [ 123.14831866, 0.55030176, 0.0 ], [ 123.14921697, 0.55030176, 0.0 ], [ 123.14921697, 0.55658967, 0.0 ], [ 123.14831866, 0.55658967, 0.0 ], [ 123.14831866, 0.55748794, 0.0 ], [ 123.14652203, 0.55748794, 0.0 ], [ 123.14652203, 0.55658967, 0.0 ], [ 123.14562371, 0.55658967, 0.0 ], [ 123.14562371, 0.5556914, 0.0 ], [ 123.1447254, 0.5556914, 0.0 ], [ 123.1447254, 0.55389485, 0.0 ], [ 123.14450019, 0.55389485, 0.0 ], [ 123.14382708, 0.55389485, 0.0 ], [ 123.14382708, 0.55299658, 0.0 ], [ 123.14292876, 0.55299658, 0.0 ], [ 123.14292876, 0.55209831, 0.0 ], [ 123.14203045, 0.55209831, 0.0 ], [ 123.14203045, 0.55120003, 0.0 ], [ 123.14023382, 0.55120003, 0.0 ], [ 123.14023382, 0.55030176, 0.0 ], [ 123.13836013, 0.55030176, 0.0 ], [ 123.13664056, 0.55030176, 0.0 ], [ 123.13664056, 0.55120003, 0.0 ], [ 123.13484393, 0.55120003, 0.0 ], [ 123.13484393, 0.55209831, 0.0 ], [ 123.13356156, 0.55209831, 0.0 ], [ 123.13125067, 0.55209831, 0.0 ], [ 123.13125067, 0.55120003, 0.0 ], [ 123.13035235, 0.55120003, 0.0 ], [ 123.13035235, 0.55030176, 0.0 ], [ 123.12945404, 0.55030176, 0.0 ], [ 123.12945404, 0.54850521, 0.0 ], [ 123.12855572, 0.54850521, 0.0 ], [ 123.12855572, 0.54940348, 0.0 ], [ 123.12542372, 0.54940348, 0.0 ], [ 123.12406414, 0.54940348, 0.0 ], [ 123.12406414, 0.55030176, 0.0 ], [ 123.12316583, 0.55030176, 0.0 ], [ 123.12316583, 0.55120003, 0.0 ], [ 123.12406414, 0.55120003, 0.0 ], [ 123.12406414, 0.55389485, 0.0 ], [ 123.12496246, 0.55389485, 0.0 ], [ 123.12496246, 0.5556914, 0.0 ], [ 123.12406414, 0.5556914, 0.0 ], [ 123.12406414, 0.55928449, 0.0 ], [ 123.12316583, 0.55928449, 0.0 ], [ 123.12316583, 0.56018276, 0.0 ], [ 123.12406414, 0.56018276, 0.0 ], [ 123.12406414, 0.56108103, 0.0 ], [ 123.12496246, 0.56108103, 0.0 ], [ 123.12496246, 0.56197931, 0.0 ], [ 123.12586077, 0.56197931, 0.0 ], [ 123.12586077, 0.56287758, 0.0 ], [ 123.12675909, 0.56287758, 0.0 ], [ 123.12675909, 0.56557239, 0.0 ], [ 123.12765741, 0.56557239, 0.0 ], [ 123.12765741, 0.56647067, 0.0 ], [ 123.12868435, 0.56647067, 0.0 ], [ 123.13282521, 0.56647067, 0.0 ], [ 123.13540875, 0.56647067, 0.0 ], [ 123.1393355, 0.56647067, 0.0 ], [ 123.14203045, 0.56647067, 0.0 ], [ 123.14203045, 0.56736894, 0.0 ], [ 123.14292876, 0.56736894, 0.0 ], [ 123.14292876, 0.56826721, 0.0 ], [ 123.14382708, 0.56826721, 0.0 ], [ 123.14382708, 0.57096202, 0.0 ], [ 123.14203045, 0.57096202, 0.0 ], [ 123.14203045, 0.57186029, 0.0 ], [ 123.14113213, 0.57186029, 0.0 ], [ 123.13936739, 0.57186029, 0.0 ], [ 123.13843719, 0.57186029, 0.0 ], [ 123.13753887, 0.57186029, 0.0 ], [ 123.13753887, 0.57096202, 0.0 ], [ 123.13843719, 0.57096202, 0.0 ], [ 123.13843719, 0.57092208, 0.0 ], [ 123.13843719, 0.57006375, 0.0 ], [ 123.138179, 0.57006375, 0.0 ], [ 123.13753887, 0.57006375, 0.0 ], [ 123.13753887, 0.57096202, 0.0 ] ], [ [ 123.1096911, 0.56377585, 0.0 ], [ 123.10891695, 0.56377585, 0.0 ], [ 123.10879278, 0.56377585, 0.0 ], [ 123.10879278, 0.56356036, 0.0 ], [ 123.10879278, 0.56018276, 0.0 ], [ 123.10789447, 0.56018276, 0.0 ], [ 123.10789447, 0.56015475, 0.0 ], [ 123.10789447, 0.55928449, 0.0 ], [ 123.10879278, 0.55928449, 0.0 ], [ 123.10879278, 0.5556914, 0.0 ], [ 123.1096911, 0.5556914, 0.0 ], [ 123.1096911, 0.55389485, 0.0 ], [ 123.10879278, 0.55389485, 0.0 ], [ 123.10879278, 0.55299658, 0.0 ], [ 123.10789447, 0.55299658, 0.0 ], [ 123.10789447, 0.55209831, 0.0 ], [ 123.10519952, 0.55209831, 0.0 ], [ 123.10519952, 0.55479313, 0.0 ], [ 123.10430121, 0.55479313, 0.0 ], [ 123.10340289, 0.55479313, 0.0 ], [ 123.10340289, 0.5556914, 0.0 ], [ 123.10430121, 0.5556914, 0.0 ], [ 123.10519952, 0.5556914, 0.0 ], [ 123.10519952, 0.56073956, 0.0 ], [ 123.10519952, 0.56647067, 0.0 ], [ 123.10430121, 0.56647067, 0.0 ], [ 123.10430121, 0.57136909, 0.0 ], [ 123.10430121, 0.5745551, 0.0 ], [ 123.10519952, 0.5745551, 0.0 ], [ 123.10519952, 0.57545337, 0.0 ], [ 123.10628585, 0.57545337, 0.0 ], [ 123.10699615, 0.57545337, 0.0 ], [ 123.10699615, 0.5745551, 0.0 ], [ 123.10789447, 0.5745551, 0.0 ], [ 123.10789447, 0.57372654, 0.0 ], [ 123.10789447, 0.57096202, 0.0 ], [ 123.10879278, 0.57096202, 0.0 ], [ 123.10879278, 0.56557239, 0.0 ], [ 123.1096911, 0.56557239, 0.0 ], [ 123.1096911, 0.56507838, 0.0 ], [ 123.1096911, 0.56377585, 0.0 ] ], [ [ 123.11597931, 0.55928449, 0.0 ], [ 123.12047088, 0.55928449, 0.0 ], [ 123.12047088, 0.55894006, 0.0 ], [ 123.12047088, 0.55748794, 0.0 ], [ 123.1213692, 0.55748794, 0.0 ], [ 123.1213692, 0.55389485, 0.0 ], [ 123.12047088, 0.55389485, 0.0 ], [ 123.12047088, 0.55299658, 0.0 ], [ 123.1169788, 0.55299658, 0.0 ], [ 123.11687762, 0.55299658, 0.0 ], [ 123.11687762, 0.55389485, 0.0 ], [ 123.11328436, 0.55389485, 0.0 ], [ 123.11328436, 0.55479313, 0.0 ], [ 123.11238605, 0.55479313, 0.0 ], [ 123.11238605, 0.5556914, 0.0 ], [ 123.11328436, 0.5556914, 0.0 ], [ 123.11328436, 0.55658967, 0.0 ], [ 123.11418268, 0.55658967, 0.0 ], [ 123.11418268, 0.55748794, 0.0 ], [ 123.11508099, 0.55748794, 0.0 ], [ 123.11508099, 0.55838622, 0.0 ], [ 123.11579115, 0.55838622, 0.0 ], [ 123.11597931, 0.55838622, 0.0 ], [ 123.11597931, 0.55928449, 0.0 ] ], [ [ 123.09891132, 0.56377585, 0.0 ], [ 123.098013, 0.56377585, 0.0 ], [ 123.098013, 0.56287758, 0.0 ], [ 123.09783387, 0.56287758, 0.0 ], [ 123.09711469, 0.56287758, 0.0 ], [ 123.09711469, 0.56312684, 0.0 ], [ 123.09711469, 0.56377585, 0.0 ], [ 123.09621637, 0.56377585, 0.0 ], [ 123.09621637, 0.56467412, 0.0 ], [ 123.09891132, 0.56467412, 0.0 ], [ 123.09891132, 0.56377585, 0.0 ] ], [ [ 123.098013, 0.56826721, 0.0 ], [ 123.09711469, 0.56826721, 0.0 ], [ 123.09711469, 0.57006375, 0.0 ], [ 123.098013, 0.57006375, 0.0 ], [ 123.098013, 0.56826721, 0.0 ] ], [ [ 123.09441974, 0.57275856, 0.0 ], [ 123.09082648, 0.57275856, 0.0 ], [ 123.09082648, 0.57365683, 0.0 ], [ 123.09441974, 0.57365683, 0.0 ], [ 123.09441974, 0.57275856, 0.0 ] ], [ [ 123.10250458, 0.57994472, 0.0 ], [ 123.10163636, 0.57994472, 0.0 ], [ 123.10160626, 0.57994472, 0.0 ], [ 123.10160626, 0.58008052, 0.0 ], [ 123.10160626, 0.58084299, 0.0 ], [ 123.10137594, 0.58084299, 0.0 ], [ 123.10070795, 0.58084299, 0.0 ], [ 123.10070795, 0.58174126, 0.0 ], [ 123.09980963, 0.58174126, 0.0 ], [ 123.09980963, 0.58305048, 0.0 ], [ 123.09980963, 0.58713087, 0.0 ], [ 123.10060441, 0.58713087, 0.0 ], [ 123.10070795, 0.58713087, 0.0 ], [ 123.10070795, 0.58802914, 0.0 ], [ 123.10250458, 0.58802914, 0.0 ], [ 123.10250458, 0.58713087, 0.0 ], [ 123.10340289, 0.58713087, 0.0 ], [ 123.10340289, 0.58084299, 0.0 ], [ 123.10250458, 0.58084299, 0.0 ], [ 123.10250458, 0.57994472, 0.0 ] ], [ [ 123.09352142, 0.5862326, 0.0 ], [ 123.09262311, 0.5862326, 0.0 ], [ 123.09262311, 0.58713087, 0.0 ], [ 123.09352142, 0.58713087, 0.0 ], [ 123.09352142, 0.5862326, 0.0 ] ], [ [ 123.10699615, 0.59072394, 0.0 ], [ 123.10609784, 0.59072394, 0.0 ], [ 123.10609784, 0.59162221, 0.0 ], [ 123.10699615, 0.59162221, 0.0 ], [ 123.10699615, 0.59072394, 0.0 ] ], [ [ 123.09531805, 0.59521528, 0.0 ], [ 123.09441974, 0.59521528, 0.0 ], [ 123.09441974, 0.59431701, 0.0 ], [ 123.09082648, 0.59431701, 0.0 ], [ 123.09082648, 0.59521528, 0.0 ], [ 123.08829571, 0.59521528, 0.0 ], [ 123.08564857, 0.59521528, 0.0 ], [ 123.08453827, 0.59521528, 0.0 ], [ 123.08453827, 0.59567189, 0.0 ], [ 123.08453827, 0.59611354, 0.0 ], [ 123.0888016, 0.59611354, 0.0 ], [ 123.09531805, 0.59611354, 0.0 ], [ 123.09531805, 0.59521528, 0.0 ] ], [ [ 123.0800467, 0.60868926, 0.0 ], [ 123.07914838, 0.60868926, 0.0 ], [ 123.07914838, 0.60949548, 0.0 ], [ 123.07914838, 0.60958753, 0.0 ], [ 123.0800467, 0.60958753, 0.0 ], [ 123.0800467, 0.60929804, 0.0 ], [ 123.0800467, 0.60868926, 0.0 ] ], [ [ 123.07825006, 0.61048579, 0.0 ], [ 123.07735175, 0.61048579, 0.0 ], [ 123.07735175, 0.61138406, 0.0 ], [ 123.07825006, 0.61138406, 0.0 ], [ 123.07825006, 0.61048579, 0.0 ] ], [ [ 123.07286017, 0.61138406, 0.0 ], [ 123.07196186, 0.61138406, 0.0 ], [ 123.07196186, 0.61228232, 0.0 ], [ 123.07286017, 0.61228232, 0.0 ], [ 123.07286017, 0.61138406, 0.0 ] ], [ [ 123.06477534, 0.59162221, 0.0 ], [ 123.06567365, 0.59162221, 0.0 ], [ 123.06567365, 0.59308944, 0.0 ], [ 123.06567365, 0.59341874, 0.0 ], [ 123.06657197, 0.59341874, 0.0 ], [ 123.06657197, 0.59265914, 0.0 ], [ 123.06657197, 0.59162221, 0.0 ], [ 123.06747028, 0.59162221, 0.0 ], [ 123.06747028, 0.59072394, 0.0 ], [ 123.06657197, 0.59072394, 0.0 ], [ 123.06657197, 0.58982567, 0.0 ], [ 123.06567365, 0.58982567, 0.0 ], [ 123.06567365, 0.59072394, 0.0 ], [ 123.06477534, 0.59072394, 0.0 ], [ 123.06477534, 0.59162221, 0.0 ] ], [ [ 123.09621637, 0.55120003, 0.0 ], [ 123.09711469, 0.55120003, 0.0 ], [ 123.09711469, 0.55209831, 0.0 ], [ 123.09752304, 0.55209831, 0.0 ], [ 123.10116912, 0.55209831, 0.0 ], [ 123.10340289, 0.55209831, 0.0 ], [ 123.10340289, 0.55163361, 0.0 ], [ 123.10340289, 0.55120003, 0.0 ], [ 123.10430121, 0.55120003, 0.0 ], [ 123.10430121, 0.55032344, 0.0 ], [ 123.10430121, 0.55030176, 0.0 ], [ 123.10429245, 0.55030176, 0.0 ], [ 123.10160626, 0.55030176, 0.0 ], [ 123.10160626, 0.54940348, 0.0 ], [ 123.098013, 0.54940348, 0.0 ], [ 123.098013, 0.54850521, 0.0 ], [ 123.09711469, 0.54850521, 0.0 ], [ 123.09711469, 0.54940348, 0.0 ], [ 123.09621637, 0.54940348, 0.0 ], [ 123.09621637, 0.55120003, 0.0 ] ], [ [ 123.13125067, 0.54850521, 0.0 ], [ 123.13214898, 0.54850521, 0.0 ], [ 123.13214898, 0.54760694, 0.0 ], [ 123.13125067, 0.54760694, 0.0 ], [ 123.13125067, 0.54850521, 0.0 ] ], [ [ 123.09352142, 0.54760694, 0.0 ], [ 123.09441974, 0.54760694, 0.0 ], [ 123.09441974, 0.54670866, 0.0 ], [ 123.09352142, 0.54670866, 0.0 ], [ 123.09352142, 0.54760694, 0.0 ] ], [ [ 123.13484393, 0.54670866, 0.0 ], [ 123.13689671, 0.54670866, 0.0 ], [ 123.1393355, 0.54670866, 0.0 ], [ 123.1393355, 0.54581039, 0.0 ], [ 123.13645408, 0.54581039, 0.0 ], [ 123.13607482, 0.54581039, 0.0 ], [ 123.13520162, 0.54581039, 0.0 ], [ 123.13484393, 0.54581039, 0.0 ], [ 123.13484393, 0.54670866, 0.0 ] ], [ [ 123.10250458, 0.54311556, 0.0 ], [ 123.10519952, 0.54311556, 0.0 ], [ 123.10519952, 0.54401384, 0.0 ], [ 123.10789447, 0.54401384, 0.0 ], [ 123.10789447, 0.54311556, 0.0 ], [ 123.10847039, 0.54311556, 0.0 ], [ 123.11418268, 0.54311556, 0.0 ], [ 123.11418268, 0.54221729, 0.0 ], [ 123.11479675, 0.54221729, 0.0 ], [ 123.11508099, 0.54221729, 0.0 ], [ 123.11508099, 0.54131901, 0.0 ], [ 123.1146926, 0.54131901, 0.0 ], [ 123.11418268, 0.54131901, 0.0 ], [ 123.11418268, 0.54042074, 0.0 ], [ 123.11328436, 0.54042074, 0.0 ], [ 123.11328436, 0.53952246, 0.0 ], [ 123.11148773, 0.53952246, 0.0 ], [ 123.11148773, 0.53862419, 0.0 ], [ 123.10789447, 0.53862419, 0.0 ], [ 123.10789447, 0.53772591, 0.0 ], [ 123.10734973, 0.53772591, 0.0 ], [ 123.10609784, 0.53772591, 0.0 ], [ 123.10609784, 0.53682763, 0.0 ], [ 123.10703843, 0.53682763, 0.0 ], [ 123.10879278, 0.53682763, 0.0 ], [ 123.10879278, 0.53592936, 0.0 ], [ 123.11148773, 0.53592936, 0.0 ], [ 123.11148773, 0.53503108, 0.0 ], [ 123.11307057, 0.53503108, 0.0 ], [ 123.11328436, 0.53503108, 0.0 ], [ 123.11328436, 0.53413281, 0.0 ], [ 123.11597931, 0.53413281, 0.0 ], [ 123.11597931, 0.53323453, 0.0 ], [ 123.11743414, 0.53323453, 0.0 ], [ 123.11777594, 0.53323453, 0.0 ], [ 123.11777594, 0.5305397, 0.0 ], [ 123.12047088, 0.5305397, 0.0 ], [ 123.12047088, 0.52964142, 0.0 ], [ 123.1213692, 0.52964142, 0.0 ], [ 123.1213692, 0.528, 0.0 ], [ 123.1213692, 0.52784487, 0.0 ], [ 123.12089289, 0.52784487, 0.0 ], [ 123.12047088, 0.52784487, 0.0 ], [ 123.12047088, 0.52745979, 0.0 ], [ 123.12047088, 0.52694659, 0.0 ], [ 123.12007226, 0.52694659, 0.0 ], [ 123.11957257, 0.52694659, 0.0 ], [ 123.11957257, 0.52784487, 0.0 ], [ 123.11687762, 0.52784487, 0.0 ], [ 123.11687762, 0.5305397, 0.0 ], [ 123.11655795, 0.5305397, 0.0 ], [ 123.11121316, 0.5305397, 0.0 ], [ 123.11058941, 0.5305397, 0.0 ], [ 123.11058941, 0.53143798, 0.0 ], [ 123.10907114, 0.53143798, 0.0 ], [ 123.10774999, 0.53143798, 0.0 ], [ 123.10699615, 0.53143798, 0.0 ], [ 123.10699615, 0.530329, 0.0 ], [ 123.10699615, 0.52964142, 0.0 ], [ 123.10699615, 0.52874315, 0.0 ], [ 123.10789447, 0.52874315, 0.0 ], [ 123.10789447, 0.52784487, 0.0 ], [ 123.10699615, 0.52784487, 0.0 ], [ 123.10699615, 0.52694659, 0.0 ], [ 123.10609784, 0.52694659, 0.0 ], [ 123.10609784, 0.52784487, 0.0 ], [ 123.10578149, 0.52784487, 0.0 ], [ 123.10430121, 0.52784487, 0.0 ], [ 123.10430121, 0.52874315, 0.0 ], [ 123.10609784, 0.52874315, 0.0 ], [ 123.10609784, 0.52964142, 0.0 ], [ 123.10609784, 0.5305397, 0.0 ], [ 123.10430121, 0.5305397, 0.0 ], [ 123.10430121, 0.53143798, 0.0 ], [ 123.1034311, 0.53143798, 0.0 ], [ 123.09886014, 0.53143798, 0.0 ], [ 123.09711469, 0.53143798, 0.0 ], [ 123.09711469, 0.53233625, 0.0 ], [ 123.09621637, 0.53233625, 0.0 ], [ 123.09621637, 0.53413281, 0.0 ], [ 123.09555648, 0.53413281, 0.0 ], [ 123.09531805, 0.53413281, 0.0 ], [ 123.09531805, 0.53590423, 0.0 ], [ 123.09531805, 0.53592936, 0.0 ], [ 123.09525199, 0.53592936, 0.0 ], [ 123.09352142, 0.53592936, 0.0 ], [ 123.09352142, 0.53626874, 0.0 ], [ 123.09352142, 0.53682763, 0.0 ], [ 123.08992816, 0.53682763, 0.0 ], [ 123.08992816, 0.53862419, 0.0 ], [ 123.08813153, 0.53862419, 0.0 ], [ 123.08813153, 0.53973577, 0.0 ], [ 123.08813153, 0.54042074, 0.0 ], [ 123.08723322, 0.54042074, 0.0 ], [ 123.08723322, 0.54221729, 0.0 ], [ 123.08813153, 0.54221729, 0.0 ], [ 123.08813153, 0.54311556, 0.0 ], [ 123.089085, 0.54311556, 0.0 ], [ 123.08992816, 0.54311556, 0.0 ], [ 123.08992816, 0.54221729, 0.0 ], [ 123.09082648, 0.54221729, 0.0 ], [ 123.09082648, 0.53952246, 0.0 ], [ 123.09172479, 0.53952246, 0.0 ], [ 123.09172479, 0.53862419, 0.0 ], [ 123.09352142, 0.53862419, 0.0 ], [ 123.09352142, 0.53952246, 0.0 ], [ 123.09366445, 0.53952246, 0.0 ], [ 123.09531805, 0.53952246, 0.0 ], [ 123.09531805, 0.54042074, 0.0 ], [ 123.09621637, 0.54042074, 0.0 ], [ 123.09621637, 0.54131901, 0.0 ], [ 123.09711469, 0.54131901, 0.0 ], [ 123.09711469, 0.54221729, 0.0 ], [ 123.10195756, 0.54221729, 0.0 ], [ 123.10250458, 0.54221729, 0.0 ], [ 123.10250458, 0.54311556, 0.0 ] ], [ [ 123.12765741, 0.54311556, 0.0 ], [ 123.13035235, 0.54311556, 0.0 ], [ 123.13035235, 0.54221729, 0.0 ], [ 123.13125067, 0.54221729, 0.0 ], [ 123.13125067, 0.54158135, 0.0 ], [ 123.13125067, 0.5386047, 0.0 ], [ 123.13125067, 0.53772591, 0.0 ], [ 123.13035235, 0.53772591, 0.0 ], [ 123.13035235, 0.53548215, 0.0 ], [ 123.13035235, 0.53503108, 0.0 ], [ 123.12945404, 0.53503108, 0.0 ], [ 123.12945404, 0.53413281, 0.0 ], [ 123.12855572, 0.53413281, 0.0 ], [ 123.12855572, 0.53503108, 0.0 ], [ 123.12765741, 0.53503108, 0.0 ], [ 123.12765741, 0.53609812, 0.0 ], [ 123.12765741, 0.53952246, 0.0 ], [ 123.12675909, 0.53952246, 0.0 ], [ 123.12675909, 0.54221729, 0.0 ], [ 123.12765741, 0.54221729, 0.0 ], [ 123.12765741, 0.54311556, 0.0 ] ], [ [ 123.1096911, 0.52694659, 0.0 ], [ 123.11058941, 0.52694659, 0.0 ], [ 123.11058941, 0.52604832, 0.0 ], [ 123.1096911, 0.52604832, 0.0 ], [ 123.1096911, 0.52694659, 0.0 ] ], [ [ 123.10160626, 0.52784487, 0.0 ], [ 123.10070795, 0.52784487, 0.0 ], [ 123.10070795, 0.52964142, 0.0 ], [ 123.10160626, 0.52964142, 0.0 ], [ 123.10160626, 0.52784487, 0.0 ] ], [ [ 123.09980963, 0.52874315, 0.0 ], [ 123.09891132, 0.52874315, 0.0 ], [ 123.09891132, 0.52964142, 0.0 ], [ 123.09980963, 0.52964142, 0.0 ], [ 123.09980963, 0.52874315, 0.0 ] ], [ [ 123.09172479, 0.53143798, 0.0 ], [ 123.09082648, 0.53143798, 0.0 ], [ 123.09082648, 0.53323453, 0.0 ], [ 123.09172479, 0.53323453, 0.0 ], [ 123.09172479, 0.53143798, 0.0 ] ], [ [ 123.14652203, 0.55389485, 0.0 ], [ 123.14562371, 0.55389485, 0.0 ], [ 123.14562371, 0.55479313, 0.0 ], [ 123.14652203, 0.55479313, 0.0 ], [ 123.14652203, 0.55389485, 0.0 ] ] ] ] } },
{ "type": "Feature", "properties": { "gridcode": 3, "Bhy_Bjr": "Tinggi", "Luas_Ha": 0.99999999996, "SMBR_DATA": "Badan Nasional Penanggulangan Bencana (BNPB), 2015", "WADMPR": "Gorontalo" }, "geometry": { "type": "Polygon", "coordinates": [ [ [ 123.13484393, 0.51796381, 0.0 ], [ 123.13394561, 0.51796381, 0.0 ], [ 123.13394561, 0.51706553, 0.0 ], [ 123.13484393, 0.51706553, 0.0 ], [ 123.13484393, 0.51796381, 0.0 ] ] ] } },
{ "type": "Feature", "properties": { "gridcode": 3, "Bhy_Bjr": "Tinggi", "Luas_Ha": 19.999999999900002, "SMBR_DATA": "Badan Nasional Penanggulangan Bencana (BNPB), 2015", "WADMPR": "Gorontalo" }, "geometry": { "type": "Polygon", "coordinates": [ [ [ 123.15191192, 0.51976037, 0.0 ], [ 123.15191192, 0.52065865, 0.0 ], [ 123.14550769, 0.52065865, 0.0 ], [ 123.14203045, 0.52065865, 0.0 ], [ 123.14203045, 0.51976037, 0.0 ], [ 123.14023382, 0.51976037, 0.0 ], [ 123.14023382, 0.51796381, 0.0 ], [ 123.14023382, 0.51706553, 0.0 ], [ 123.14292876, 0.51706553, 0.0 ], [ 123.14292876, 0.51976037, 0.0 ], [ 123.14546294, 0.51976037, 0.0 ], [ 123.15191192, 0.51976037, 0.0 ] ] ] } },
{ "type": "Feature", "properties": { "gridcode": 2, "Bhy_Bjr": "Sedang", "Luas_Ha": 0.99999999996, "SMBR_DATA": "Badan Nasional Penanggulangan Bencana (BNPB), 2015", "WADMPR": "Gorontalo" }, "geometry": { "type": "Polygon", "coordinates": [ [ [ 123.40074525, 0.51706553, 0.0 ], [ 123.40074525, 0.51796381, 0.0 ], [ 123.39984694, 0.51796381, 0.0 ], [ 123.39984694, 0.51706553, 0.0 ], [ 123.40074525, 0.51706553, 0.0 ] ] ] } },
{ "type": "Feature", "properties": { "gridcode": 2, "Bhy_Bjr": "Sedang", "Luas_Ha": 260.00000000099999, "SMBR_DATA": "Badan Nasional Penanggulangan Bencana (BNPB), 2015", "WADMPR": "Gorontalo" }, "geometry": { "type": "Polygon", "coordinates": [ [ [ 123.17347148, 0.52964142, 0.0 ], [ 123.17347148, 0.5305397, 0.0 ], [ 123.17526812, 0.5305397, 0.0 ], [ 123.17526812, 0.53233625, 0.0 ], [ 123.17616643, 0.53233625, 0.0 ], [ 123.17616643, 0.53413281, 0.0 ], [ 123.17706475, 0.53413281, 0.0 ], [ 123.17706475, 0.5358676, 0.0 ], [ 123.17706475, 0.53592936, 0.0 ], [ 123.17796306, 0.53592936, 0.0 ], [ 123.17796306, 0.53772591, 0.0 ], [ 123.17706475, 0.53772591, 0.0 ], [ 123.17526812, 0.53772591, 0.0 ], [ 123.17526812, 0.53682763, 0.0 ], [ 123.1743698, 0.53682763, 0.0 ], [ 123.1743698, 0.53592936, 0.0 ], [ 123.17100739, 0.53592936, 0.0 ], [ 123.17077654, 0.53592936, 0.0 ], [ 123.17077654, 0.53503108, 0.0 ], [ 123.16987822, 0.53503108, 0.0 ], [ 123.16987822, 0.53413281, 0.0 ], [ 123.16897991, 0.53413281, 0.0 ], [ 123.16897991, 0.53143798, 0.0 ], [ 123.16987822, 0.53143798, 0.0 ], [ 123.16987822, 0.53006436, 0.0 ], [ 123.16987822, 0.52694659, 0.0 ], [ 123.16525964, 0.52694659, 0.0 ], [ 123.16179339, 0.52694659, 0.0 ], [ 123.16179339, 0.52763419, 0.0 ], [ 123.16179339, 0.52784487, 0.0 ], [ 123.16142432, 0.52784487, 0.0 ], [ 123.15820012, 0.52784487, 0.0 ], [ 123.15820012, 0.52874315, 0.0 ], [ 123.15730181, 0.52874315, 0.0 ], [ 123.15730181, 0.52964142, 0.0 ], [ 123.15640349, 0.52964142, 0.0 ], [ 123.15640349, 0.5305397, 0.0 ], [ 123.15550518, 0.5305397, 0.0 ], [ 123.15550518, 0.52964142, 0.0 ], [ 123.15460686, 0.52964142, 0.0 ], [ 123.15460686, 0.52784487, 0.0 ], [ 123.15370855, 0.52784487, 0.0 ], [ 123.15370855, 0.52607188, 0.0 ], [ 123.15370855, 0.52425176, 0.0 ], [ 123.15281023, 0.52425176, 0.0 ], [ 123.15281023, 0.52335348, 0.0 ], [ 123.15191192, 0.52335348, 0.0 ], [ 123.15191192, 0.5224552, 0.0 ], [ 123.15011529, 0.5224552, 0.0 ], [ 123.15011529, 0.52335348, 0.0 ], [ 123.14831866, 0.52335348, 0.0 ], [ 123.14742034, 0.52335348, 0.0 ], [ 123.14518474, 0.52335348, 0.0 ], [ 123.14382708, 0.52335348, 0.0 ], [ 123.14382708, 0.5224552, 0.0 ], [ 123.14062809, 0.5224552, 0.0 ], [ 123.1393355, 0.5224552, 0.0 ], [ 123.1393355, 0.52194403, 0.0 ], [ 123.1393355, 0.52155693, 0.0 ], [ 123.13753887, 0.52155693, 0.0 ], [ 123.13753887, 0.52065865, 0.0 ], [ 123.13843719, 0.52065865, 0.0 ], [ 123.13843719, 0.51976037, 0.0 ], [ 123.13753887, 0.51976037, 0.0 ], [ 123.13753887, 0.51886209, 0.0 ], [ 123.13843719, 0.51886209, 0.0 ], [ 123.13843719, 0.51796381, 0.0 ], [ 123.13753887, 0.51796381, 0.0 ], [ 123.13753887, 0.51616726, 0.0 ], [ 123.1393355, 0.51616726, 0.0 ], [ 123.1393355, 0.51796381, 0.0 ], [ 123.14023382, 0.51796381, 0.0 ], [ 123.14023382, 0.51976037, 0.0 ], [ 123.14203045, 0.51976037, 0.0 ], [ 123.14203045, 0.52065865, 0.0 ], [ 123.14550769, 0.52065865, 0.0 ], [ 123.15191192, 0.52065865, 0.0 ], [ 123.15191192, 0.51976037, 0.0 ], [ 123.15281023, 0.51976037, 0.0 ], [ 123.15281023, 0.51886209, 0.0 ], [ 123.15370855, 0.51886209, 0.0 ], [ 123.15370855, 0.51796381, 0.0 ], [ 123.15458974, 0.51796381, 0.0 ], [ 123.15550518, 0.51796381, 0.0 ], [ 123.15550518, 0.52065865, 0.0 ], [ 123.15730181, 0.52065865, 0.0 ], [ 123.15730181, 0.52155693, 0.0 ], [ 123.1645459, 0.52155693, 0.0 ], [ 123.16718328, 0.52155693, 0.0 ], [ 123.16808159, 0.52155693, 0.0 ], [ 123.16987822, 0.52155693, 0.0 ], [ 123.16987822, 0.5224552, 0.0 ], [ 123.17077654, 0.5224552, 0.0 ], [ 123.17167485, 0.5224552, 0.0 ], [ 123.17167485, 0.52425176, 0.0 ], [ 123.17257317, 0.52425176, 0.0 ], [ 123.17257317, 0.52515004, 0.0 ], [ 123.17167485, 0.52515004, 0.0 ], [ 123.17167485, 0.52784487, 0.0 ], [ 123.17257317, 0.52784487, 0.0 ], [ 123.17257317, 0.52874315, 0.0 ], [ 123.17077654, 0.52874315, 0.0 ], [ 123.17077654, 0.53039629, 0.0 ], [ 123.17077654, 0.5305397, 0.0 ], [ 123.17101222, 0.5305397, 0.0 ], [ 123.17257317, 0.5305397, 0.0 ], [ 123.17257317, 0.52964142, 0.0 ], [ 123.17347148, 0.52964142, 0.0 ] ], [ [ 123.15909844, 0.52604832, 0.0 ], [ 123.16089507, 0.52604832, 0.0 ], [ 123.16089507, 0.52515004, 0.0 ], [ 123.15909844, 0.52515004, 0.0 ], [ 123.15909844, 0.52604832, 0.0 ] ], [ [ 123.16493662, 0.52335348, 0.0 ], [ 123.16359002, 0.52335348, 0.0 ], [ 123.16359002, 0.52425176, 0.0 ], [ 123.16507272, 0.52425176, 0.0 ], [ 123.16538665, 0.52425176, 0.0 ], [ 123.16538665, 0.52335348, 0.0 ], [ 123.16493662, 0.52335348, 0.0 ] ], [ [ 123.15640349, 0.52335348, 0.0 ], [ 123.15550518, 0.52335348, 0.0 ], [ 123.15550518, 0.52425176, 0.0 ], [ 123.15640349, 0.52425176, 0.0 ], [ 123.15640349, 0.52335348, 0.0 ] ] ] } },
{ "type": "Feature", "properties": { "gridcode": 2, "Bhy_Bjr": "Sedang", "Luas_Ha": 26.9999999998, "SMBR_DATA": "Badan Nasional Penanggulangan Bencana (BNPB), 2015", "WADMPR": "Gorontalo" }, "geometry": { "type": "Polygon", "coordinates": [ [ [ 123.46542395, 0.5224552, 0.0 ], [ 123.46362732, 0.5224552, 0.0 ], [ 123.46362732, 0.52335348, 0.0 ], [ 123.46272901, 0.52335348, 0.0 ], [ 123.46272901, 0.5224552, 0.0 ], [ 123.46272901, 0.51976037, 0.0 ], [ 123.46362732, 0.51976037, 0.0 ], [ 123.46362732, 0.51796381, 0.0 ], [ 123.46452564, 0.51796381, 0.0 ], [ 123.46452564, 0.51706553, 0.0 ], [ 123.46542395, 0.51706553, 0.0 ], [ 123.46722058, 0.51706553, 0.0 ], [ 123.46722058, 0.51616726, 0.0 ], [ 123.4681189, 0.51616726, 0.0 ], [ 123.4681189, 0.51706553, 0.0 ], [ 123.46901721, 0.51706553, 0.0 ], [ 123.46901721, 0.51886209, 0.0 ], [ 123.4681189, 0.51886209, 0.0 ], [ 123.4681189, 0.51976037, 0.0 ], [ 123.46722058, 0.51976037, 0.0 ], [ 123.46722058, 0.52065865, 0.0 ], [ 123.46632227, 0.52065865, 0.0 ], [ 123.46632227, 0.51976037, 0.0 ], [ 123.46542395, 0.51976037, 0.0 ], [ 123.46452564, 0.51976037, 0.0 ], [ 123.46452564, 0.52065865, 0.0 ], [ 123.46542395, 0.52065865, 0.0 ], [ 123.46542395, 0.52155693, 0.0 ], [ 123.46542395, 0.5224552, 0.0 ] ] ] } },
{ "type": "Feature", "properties": { "gridcode": 2, "Bhy_Bjr": "Sedang", "Luas_Ha": 1.00000000003, "SMBR_DATA": "Badan Nasional Penanggulangan Bencana (BNPB), 2015", "WADMPR": "Gorontalo" }, "geometry": { "type": "Polygon", "coordinates": [ [ [ 123.48788183, 0.51616726, 0.0 ], [ 123.48788183, 0.51706553, 0.0 ], [ 123.48698352, 0.51706553, 0.0 ], [ 123.48698352, 0.51616726, 0.0 ], [ 123.48788183, 0.51616726, 0.0 ] ] ] } },
{ "type": "Feature", "properties": { "gridcode": 1, "Bhy_Bjr": "Rendah", "Luas_Ha": 19.999999999900002, "SMBR_DATA": "Badan Nasional Penanggulangan Bencana (BNPB), 2015", "WADMPR": "Gorontalo" }, "geometry": { "type": "Polygon", "coordinates": [ [ [ 123.12226751, 0.51976037, 0.0 ], [ 123.1213692, 0.51976037, 0.0 ], [ 123.1213692, 0.52065865, 0.0 ], [ 123.12047088, 0.52065865, 0.0 ], [ 123.12047088, 0.51976037, 0.0 ], [ 123.11957257, 0.51976037, 0.0 ], [ 123.11957257, 0.52065865, 0.0 ], [ 123.11867425, 0.52065865, 0.0 ], [ 123.11867425, 0.51976037, 0.0 ], [ 123.11867425, 0.51886209, 0.0 ], [ 123.11777594, 0.51886209, 0.0 ], [ 123.11777594, 0.51796381, 0.0 ], [ 123.11957257, 0.51796381, 0.0 ], [ 123.11957257, 0.51706553, 0.0 ], [ 123.11867425, 0.51706553, 0.0 ], [ 123.11867425, 0.51616726, 0.0 ], [ 123.11957257, 0.51616726, 0.0 ], [ 123.11957257, 0.51526898, 0.0 ], [ 123.12047088, 0.51526898, 0.0 ], [ 123.12047088, 0.51706553, 0.0 ], [ 123.1213692, 0.51706553, 0.0 ], [ 123.1213692, 0.51796381, 0.0 ], [ 123.12226751, 0.51796381, 0.0 ], [ 123.12226751, 0.51706553, 0.0 ], [ 123.12284876, 0.51706553, 0.0 ], [ 123.12496246, 0.51706553, 0.0 ], [ 123.12496246, 0.51796381, 0.0 ], [ 123.12316583, 0.51796381, 0.0 ], [ 123.12316583, 0.51886209, 0.0 ], [ 123.12277051, 0.51886209, 0.0 ], [ 123.12226751, 0.51886209, 0.0 ], [ 123.12226751, 0.51976037, 0.0 ] ] ] } },
{ "type": "Feature", "properties": { "gridcode": 2, "Bhy_Bjr": "Sedang", "Luas_Ha": 1.00000000001, "SMBR_DATA": "Badan Nasional Penanggulangan Bencana (BNPB), 2015", "WADMPR": "Gorontalo" }, "geometry": { "type": "Polygon", "coordinates": [ [ [ 123.22557377, 0.51526898, 0.0 ], [ 123.22557377, 0.51616726, 0.0 ], [ 123.22467546, 0.51616726, 0.0 ], [ 123.22467546, 0.51526898, 0.0 ], [ 123.22557377, 0.51526898, 0.0 ] ] ] } },
{ "type": "Feature", "properties": { "gridcode": 2, "Bhy_Bjr": "Sedang", "Luas_Ha": 6.99999999995, "SMBR_DATA": "Badan Nasional Penanggulangan Bencana (BNPB), 2015", "WADMPR": "Gorontalo" }, "geometry": { "type": "Polygon", "coordinates": [ [ [ 123.43218629, 0.51796381, 0.0 ], [ 123.43218629, 0.51526898, 0.0 ], [ 123.43398292, 0.51526898, 0.0 ], [ 123.43398292, 0.51706553, 0.0 ], [ 123.43488123, 0.51706553, 0.0 ], [ 123.43488123, 0.51796381, 0.0 ], [ 123.43398292, 0.51796381, 0.0 ], [ 123.4330846, 0.51796381, 0.0 ], [ 123.43218629, 0.51796381, 0.0 ] ] ] } },
{ "type": "Feature", "properties": { "gridcode": 2, "Bhy_Bjr": "Sedang", "Luas_Ha": 1.99999999997, "SMBR_DATA": "Badan Nasional Penanggulangan Bencana (BNPB), 2015", "WADMPR": "Gorontalo" }, "geometry": { "type": "Polygon", "coordinates": [ [ [ 123.48698352, 0.51526898, 0.0 ], [ 123.48698352, 0.51616726, 0.0 ], [ 123.4860852, 0.51616726, 0.0 ], [ 123.48518689, 0.51616726, 0.0 ], [ 123.48518689, 0.51526898, 0.0 ], [ 123.48698352, 0.51526898, 0.0 ] ] ] } },
{ "type": "Feature", "properties": { "gridcode": 2, "Bhy_Bjr": "Sedang", "Luas_Ha": 117.0, "SMBR_DATA": "Badan Nasional Penanggulangan Bencana (BNPB), 2015", "WADMPR": "Gorontalo" }, "geometry": { "type": "Polygon", "coordinates": [ [ [ 123.18155632, 0.53862419, 0.0 ], [ 123.18065801, 0.53862419, 0.0 ], [ 123.18065801, 0.53952246, 0.0 ], [ 123.17975969, 0.53952246, 0.0 ], [ 123.17975969, 0.53862419, 0.0 ], [ 123.17886138, 0.53862419, 0.0 ], [ 123.17886138, 0.53592936, 0.0 ], [ 123.17943811, 0.53592936, 0.0 ], [ 123.17975969, 0.53592936, 0.0 ], [ 123.17975969, 0.53413281, 0.0 ], [ 123.18065801, 0.53413281, 0.0 ], [ 123.18065801, 0.53323453, 0.0 ], [ 123.1812741, 0.53323453, 0.0 ], [ 123.18155632, 0.53323453, 0.0 ], [ 123.18155632, 0.5305397, 0.0 ], [ 123.18146159, 0.5305397, 0.0 ], [ 123.18065801, 0.5305397, 0.0 ], [ 123.18065801, 0.52874315, 0.0 ], [ 123.18155632, 0.52874315, 0.0 ], [ 123.18155632, 0.52784487, 0.0 ], [ 123.18335295, 0.52784487, 0.0 ], [ 123.18335295, 0.52874315, 0.0 ], [ 123.18336453, 0.52874315, 0.0 ], [ 123.18425127, 0.52874315, 0.0 ], [ 123.18425127, 0.52714934, 0.0 ], [ 123.18425127, 0.52694659, 0.0 ], [ 123.18245464, 0.52694659, 0.0 ], [ 123.18245464, 0.52604832, 0.0 ], [ 123.18155632, 0.52604832, 0.0 ], [ 123.18155632, 0.52515004, 0.0 ], [ 123.18245464, 0.52515004, 0.0 ], [ 123.18291574, 0.52515004, 0.0 ], [ 123.18335295, 0.52515004, 0.0 ], [ 123.18335295, 0.52428157, 0.0 ], [ 123.18335295, 0.52425176, 0.0 ], [ 123.18335295, 0.52335348, 0.0 ], [ 123.18378783, 0.52335348, 0.0 ], [ 123.18425127, 0.52335348, 0.0 ], [ 123.18425127, 0.5224552, 0.0 ], [ 123.18425127, 0.52226532, 0.0 ], [ 123.18425127, 0.52184122, 0.0 ], [ 123.18425127, 0.52155693, 0.0 ], [ 123.1860479, 0.52155693, 0.0 ], [ 123.1860479, 0.52065865, 0.0 ], [ 123.18694621, 0.52065865, 0.0 ], [ 123.18694621, 0.51976037, 0.0 ], [ 123.18729032, 0.51976037, 0.0 ], [ 123.18874284, 0.51976037, 0.0 ], [ 123.18874284, 0.51822774, 0.0 ], [ 123.18874284, 0.51706553, 0.0 ], [ 123.18883112, 0.51706553, 0.0 ], [ 123.18964116, 0.51706553, 0.0 ], [ 123.18964116, 0.51616726, 0.0 ], [ 123.19053947, 0.51616726, 0.0 ], [ 123.19053947, 0.51526898, 0.0 ], [ 123.19233611, 0.51526898, 0.0 ], [ 123.19233611, 0.51616726, 0.0 ], [ 123.19143779, 0.51616726, 0.0 ], [ 123.19143779, 0.51706553, 0.0 ], [ 123.19233611, 0.51706553, 0.0 ], [ 123.19233611, 0.51616726, 0.0 ], [ 123.19323442, 0.51616726, 0.0 ], [ 123.19323442, 0.51526898, 0.0 ], [ 123.19413274, 0.51526898, 0.0 ], [ 123.19413274, 0.5143707, 0.0 ], [ 123.19503105, 0.5143707, 0.0 ], [ 123.19503105, 0.51706553, 0.0 ], [ 123.19413274, 0.51706553, 0.0 ], [ 123.19413274, 0.51796381, 0.0 ], [ 123.19143779, 0.51796381, 0.0 ], [ 123.19143779, 0.51858776, 0.0 ], [ 123.19143779, 0.51886209, 0.0 ], [ 123.1909917, 0.51886209, 0.0 ], [ 123.19053947, 0.51886209, 0.0 ], [ 123.19053947, 0.51923397, 0.0 ], [ 123.19053947, 0.52065865, 0.0 ], [ 123.18988259, 0.52065865, 0.0 ], [ 123.18964116, 0.52065865, 0.0 ], [ 123.18964116, 0.52127523, 0.0 ], [ 123.18964116, 0.52155693, 0.0 ], [ 123.18951387, 0.52155693, 0.0 ], [ 123.18874284, 0.52155693, 0.0 ], [ 123.18874284, 0.5224552, 0.0 ], [ 123.18815438, 0.5224552, 0.0 ], [ 123.18694621, 0.5224552, 0.0 ], [ 123.18694621, 0.52335348, 0.0 ], [ 123.1860479, 0.52335348, 0.0 ], [ 123.1860479, 0.52494719, 0.0 ], [ 123.1860479, 0.52515004, 0.0 ], [ 123.18694621, 0.52515004, 0.0 ], [ 123.18694621, 0.52604832, 0.0 ], [ 123.18784453, 0.52604832, 0.0 ], [ 123.18784453, 0.52874315, 0.0 ], [ 123.18694621, 0.52874315, 0.0 ], [ 123.18694621, 0.5305397, 0.0 ], [ 123.1860479, 0.5305397, 0.0 ], [ 123.1860479, 0.53143798, 0.0 ], [ 123.18514958, 0.53143798, 0.0 ], [ 123.18514958, 0.53413281, 0.0 ], [ 123.18425127, 0.53413281, 0.0 ], [ 123.18425127, 0.53503108, 0.0 ], [ 123.18514958, 0.53503108, 0.0 ], [ 123.18514958, 0.53592936, 0.0 ], [ 123.18335295, 0.53592936, 0.0 ], [ 123.18335295, 0.53503108, 0.0 ], [ 123.18245464, 0.53503108, 0.0 ], [ 123.18245464, 0.53682763, 0.0 ], [ 123.18185329, 0.53682763, 0.0 ], [ 123.18155632, 0.53682763, 0.0 ], [ 123.18155632, 0.53862419, 0.0 ] ], [ [ 123.18335295, 0.5305397, 0.0 ], [ 123.18425127, 0.5305397, 0.0 ], [ 123.18425127, 0.52964142, 0.0 ], [ 123.18335295, 0.52964142, 0.0 ], [ 123.18335295, 0.5305397, 0.0 ] ] ] } },
{ "type": "Feature", "properties": { "gridcode": 2, "Bhy_Bjr": "Sedang", "Luas_Ha": 6.00000000007, "SMBR_DATA": "Badan Nasional Penanggulangan Bencana (BNPB), 2015", "WADMPR": "Gorontalo" }, "geometry": { "type": "Polygon", "coordinates": [ [ [ 123.47171216, 0.5143707, 0.0 ], [ 123.47171216, 0.51616726, 0.0 ], [ 123.47081384, 0.51616726, 0.0 ], [ 123.47081384, 0.51796381, 0.0 ], [ 123.46991553, 0.51796381, 0.0 ], [ 123.46991553, 0.5143707, 0.0 ], [ 123.47171216, 0.5143707, 0.0 ] ] ] } },
{ "type": "Feature", "properties": { "gridcode": 1, "Bhy_Bjr": "Rendah", "Luas_Ha": 139.0, "SMBR_DATA": "Badan Nasional Penanggulangan Bencana (BNPB), 2015", "WADMPR": "Gorontalo" }, "geometry": { "type": "Polygon", "coordinates": [ [ [ 123.21120073, 0.51706553, 0.0 ], [ 123.21120073, 0.51796381, 0.0 ], [ 123.2094041, 0.51796381, 0.0 ], [ 123.2094041, 0.51886209, 0.0 ], [ 123.20724567, 0.51886209, 0.0 ], [ 123.20670915, 0.51886209, 0.0 ], [ 123.20670915, 0.51821134, 0.0 ], [ 123.20670915, 0.51622279, 0.0 ], [ 123.20670915, 0.51526898, 0.0 ], [ 123.20581083, 0.51526898, 0.0 ], [ 123.20581083, 0.51616726, 0.0 ], [ 123.2040142, 0.51616726, 0.0 ], [ 123.2040142, 0.51526898, 0.0 ], [ 123.20131926, 0.51526898, 0.0 ], [ 123.20131926, 0.51581988, 0.0 ], [ 123.20131926, 0.51706553, 0.0 ], [ 123.20042094, 0.51706553, 0.0 ], [ 123.20042094, 0.51796381, 0.0 ], [ 123.19952263, 0.51796381, 0.0 ], [ 123.19952263, 0.51886209, 0.0 ], [ 123.19862431, 0.51886209, 0.0 ], [ 123.19862431, 0.51976037, 0.0 ], [ 123.197726, 0.51976037, 0.0 ], [ 123.197726, 0.52155693, 0.0 ], [ 123.19592937, 0.52155693, 0.0 ], [ 123.19592937, 0.5224552, 0.0 ], [ 123.19503105, 0.5224552, 0.0 ], [ 123.19503105, 0.52335348, 0.0 ], [ 123.19413274, 0.52335348, 0.0 ], [ 123.19413274, 0.52425176, 0.0 ], [ 123.19233611, 0.52425176, 0.0 ], [ 123.19233611, 0.52515004, 0.0 ], [ 123.19098937, 0.52515004, 0.0 ], [ 123.18784453, 0.52515004, 0.0 ], [ 123.18784453, 0.52604832, 0.0 ], [ 123.18694621, 0.52604832, 0.0 ], [ 123.18694621, 0.52515004, 0.0 ], [ 123.1860479, 0.52515004, 0.0 ], [ 123.1860479, 0.52494719, 0.0 ], [ 123.1860479, 0.52335348, 0.0 ], [ 123.18694621, 0.52335348, 0.0 ], [ 123.18694621, 0.5224552, 0.0 ], [ 123.18815438, 0.5224552, 0.0 ], [ 123.18874284, 0.5224552, 0.0 ], [ 123.18874284, 0.52155693, 0.0 ], [ 123.18951387, 0.52155693, 0.0 ], [ 123.18964116, 0.52155693, 0.0 ], [ 123.18964116, 0.52127523, 0.0 ], [ 123.18964116, 0.52065865, 0.0 ], [ 123.18988259, 0.52065865, 0.0 ], [ 123.19053947, 0.52065865, 0.0 ], [ 123.19053947, 0.51923397, 0.0 ], [ 123.19053947, 0.51886209, 0.0 ], [ 123.1909917, 0.51886209, 0.0 ], [ 123.19143779, 0.51886209, 0.0 ], [ 123.19143779, 0.51858776, 0.0 ], [ 123.19143779, 0.51796381, 0.0 ], [ 123.19413274, 0.51796381, 0.0 ], [ 123.19413274, 0.51706553, 0.0 ], [ 123.19503105, 0.51706553, 0.0 ], [ 123.19503105, 0.5143707, 0.0 ], [ 123.19592937, 0.5143707, 0.0 ], [ 123.19592937, 0.51347242, 0.0 ], [ 123.197726, 0.51347242, 0.0 ], [ 123.19829731, 0.51347242, 0.0 ], [ 123.19952263, 0.51347242, 0.0 ], [ 123.19952263, 0.5143707, 0.0 ], [ 123.20311589, 0.5143707, 0.0 ], [ 123.20311589, 0.51347242, 0.0 ], [ 123.20850578, 0.51347242, 0.0 ], [ 123.20850578, 0.5143707, 0.0 ], [ 123.21267224, 0.5143707, 0.0 ], [ 123.21389567, 0.5143707, 0.0 ], [ 123.21389567, 0.51526898, 0.0 ], [ 123.21299736, 0.51526898, 0.0 ], [ 123.21299736, 0.51622719, 0.0 ], [ 123.21299736, 0.51706553, 0.0 ], [ 123.21120073, 0.51706553, 0.0 ], [ 123.21120073, 0.51616726, 0.0 ], [ 123.21030241, 0.51616726, 0.0 ], [ 123.21030241, 0.51575286, 0.0 ], [ 123.21030241, 0.51526898, 0.0 ], [ 123.20760747, 0.51526898, 0.0 ], [ 123.20760747, 0.51580448, 0.0 ], [ 123.20760747, 0.51616726, 0.0 ], [ 123.21030241, 0.51616726, 0.0 ], [ 123.21030241, 0.51706553, 0.0 ], [ 123.21120073, 0.51706553, 0.0 ] ], [ [ 123.19413274, 0.51976037, 0.0 ], [ 123.19323442, 0.51976037, 0.0 ], [ 123.19323442, 0.52065865, 0.0 ], [ 123.19413274, 0.52065865, 0.0 ], [ 123.19413274, 0.51976037, 0.0 ] ], [ [ 123.19143779, 0.5224552, 0.0 ], [ 123.19053947, 0.5224552, 0.0 ], [ 123.19053947, 0.52335348, 0.0 ], [ 123.19143779, 0.52335348, 0.0 ], [ 123.19143779, 0.5224552, 0.0 ] ] ] } },
{ "type": "Feature", "properties": { "gridcode": 2, "Bhy_Bjr": "Sedang", "Luas_Ha": 2.00000000006, "SMBR_DATA": "Badan Nasional Penanggulangan Bencana (BNPB), 2015", "WADMPR": "Gorontalo" }, "geometry": { "type": "Polygon", "coordinates": [ [ [ 123.43757618, 0.51347242, 0.0 ], [ 123.43757618, 0.51526898, 0.0 ], [ 123.43667786, 0.51526898, 0.0 ], [ 123.43667786, 0.51347242, 0.0 ], [ 123.43757618, 0.51347242, 0.0 ] ] ] } },
{ "type": "Feature", "properties": { "gridcode": 3, "Bhy_Bjr": "Tinggi", "Luas_Ha": 5.00000000009, "SMBR_DATA": "Badan Nasional Penanggulangan Bencana (BNPB), 2015", "WADMPR": "Gorontalo" }, "geometry": { "type": "Polygon", "coordinates": [ [ [ 123.48967846, 0.51526898, 0.0 ], [ 123.48878015, 0.51526898, 0.0 ], [ 123.48878015, 0.51616726, 0.0 ], [ 123.48788183, 0.51616726, 0.0 ], [ 123.48788183, 0.51526898, 0.0 ], [ 123.48698352, 0.51526898, 0.0 ], [ 123.48698352, 0.5143707, 0.0 ], [ 123.48788183, 0.5143707, 0.0 ], [ 123.48788183, 0.51347242, 0.0 ], [ 123.48878015, 0.51347242, 0.0 ], [ 123.48878015, 0.5143707, 0.0 ], [ 123.48967846, 0.5143707, 0.0 ], [ 123.48967846, 0.51526898, 0.0 ] ] ] } },
{ "type": "Feature", "properties": { "gridcode": 2, "Bhy_Bjr": "Sedang", "Luas_Ha": 18.999999999700002, "SMBR_DATA": "Badan Nasional Penanggulangan Bencana (BNPB), 2015", "WADMPR": "Gorontalo" }, "geometry": { "type": "Polygon", "coordinates": [ [ [ 123.49237341, 0.51976037, 0.0 ], [ 123.4914751, 0.51976037, 0.0 ], [ 123.4914751, 0.52065865, 0.0 ], [ 123.49057678, 0.52065865, 0.0 ], [ 123.49057678, 0.51886209, 0.0 ], [ 123.49057678, 0.51706553, 0.0 ], [ 123.48878015, 0.51706553, 0.0 ], [ 123.48878015, 0.51616726, 0.0 ], [ 123.48878015, 0.51526898, 0.0 ], [ 123.48967846, 0.51526898, 0.0 ], [ 123.49057678, 0.51526898, 0.0 ], [ 123.49057678, 0.51347242, 0.0 ], [ 123.4914751, 0.51347242, 0.0 ], [ 123.4914751, 0.51616726, 0.0 ], [ 123.49327173, 0.51616726, 0.0 ], [ 123.49327173, 0.51706553, 0.0 ], [ 123.49327173, 0.51886209, 0.0 ], [ 123.49237341, 0.51886209, 0.0 ], [ 123.49237341, 0.51976037, 0.0 ] ] ] } },
{ "type": "Feature", "properties": { "gridcode": 3, "Bhy_Bjr": "Tinggi", "Luas_Ha": 39.0000000004, "SMBR_DATA": "Badan Nasional Penanggulangan Bencana (BNPB), 2015", "WADMPR": "Gorontalo" }, "geometry": { "type": "Polygon", "coordinates": [ [ [ 123.19233611, 0.51526898, 0.0 ], [ 123.19053947, 0.51526898, 0.0 ], [ 123.19053947, 0.51616726, 0.0 ], [ 123.18964116, 0.51616726, 0.0 ], [ 123.18964116, 0.51706553, 0.0 ], [ 123.18883112, 0.51706553, 0.0 ], [ 123.18874284, 0.51706553, 0.0 ], [ 123.18874284, 0.51822774, 0.0 ], [ 123.18874284, 0.51976037, 0.0 ], [ 123.18729032, 0.51976037, 0.0 ], [ 123.18694621, 0.51976037, 0.0 ], [ 123.18694621, 0.52065865, 0.0 ], [ 123.1860479, 0.52065865, 0.0 ], [ 123.1860479, 0.52155693, 0.0 ], [ 123.18425127, 0.52155693, 0.0 ], [ 123.18425127, 0.52065865, 0.0 ], [ 123.18514958, 0.52065865, 0.0 ], [ 123.18514958, 0.51886209, 0.0 ], [ 123.1860479, 0.51886209, 0.0 ], [ 123.1860479, 0.51347242, 0.0 ], [ 123.18514958, 0.51347242, 0.0 ], [ 123.18514958, 0.51257414, 0.0 ], [ 123.1860479, 0.51257414, 0.0 ], [ 123.18774316, 0.51257414, 0.0 ], [ 123.18784453, 0.51257414, 0.0 ], [ 123.18784453, 0.51311598, 0.0 ], [ 123.18784453, 0.51347242, 0.0 ], [ 123.18794103, 0.51347242, 0.0 ], [ 123.19143779, 0.51347242, 0.0 ], [ 123.19143779, 0.5143707, 0.0 ], [ 123.19233611, 0.5143707, 0.0 ], [ 123.19233611, 0.51526898, 0.0 ] ] ] } },
{ "type": "Feature", "properties": { "gridcode": 1, "Bhy_Bjr": "Rendah", "Luas_Ha": 99.000000000300005, "SMBR_DATA": "Badan Nasional Penanggulangan Bencana (BNPB), 2015", "WADMPR": "Gorontalo" }, "geometry": { "type": "Polygon", "coordinates": [ [ [ 123.16808159, 0.5143707, 0.0 ], [ 123.16808159, 0.51616726, 0.0 ], [ 123.16718328, 0.51616726, 0.0 ], [ 123.16718328, 0.51706553, 0.0 ], [ 123.16808159, 0.51706553, 0.0 ], [ 123.16808159, 0.51886209, 0.0 ], [ 123.16987822, 0.51886209, 0.0 ], [ 123.16987822, 0.51976037, 0.0 ], [ 123.16897991, 0.51976037, 0.0 ], [ 123.16897991, 0.52065865, 0.0 ], [ 123.17077654, 0.52065865, 0.0 ], [ 123.17077654, 0.5224552, 0.0 ], [ 123.16987822, 0.5224552, 0.0 ], [ 123.16987822, 0.52155693, 0.0 ], [ 123.16808159, 0.52155693, 0.0 ], [ 123.16808159, 0.52065865, 0.0 ], [ 123.16718328, 0.52065865, 0.0 ], [ 123.16718328, 0.52155693, 0.0 ], [ 123.1645459, 0.52155693, 0.0 ], [ 123.15730181, 0.52155693, 0.0 ], [ 123.15730181, 0.52065865, 0.0 ], [ 123.15550518, 0.52065865, 0.0 ], [ 123.15550518, 0.51796381, 0.0 ], [ 123.15550518, 0.51706553, 0.0 ], [ 123.15640349, 0.51706553, 0.0 ], [ 123.15640349, 0.51796381, 0.0 ], [ 123.15820012, 0.51796381, 0.0 ], [ 123.15820012, 0.51706553, 0.0 ], [ 123.15999676, 0.51706553, 0.0 ], [ 123.15999676, 0.51616726, 0.0 ], [ 123.1626917, 0.51616726, 0.0 ], [ 123.1626917, 0.5143707, 0.0 ], [ 123.16296977, 0.5143707, 0.0 ], [ 123.16359002, 0.5143707, 0.0 ], [ 123.16359002, 0.51347242, 0.0 ], [ 123.16538665, 0.51347242, 0.0 ], [ 123.16538665, 0.51257414, 0.0 ], [ 123.16628496, 0.51257414, 0.0 ], [ 123.16628496, 0.51167586, 0.0 ], [ 123.16718328, 0.51167586, 0.0 ], [ 123.16718328, 0.5143707, 0.0 ], [ 123.16808159, 0.5143707, 0.0 ] ] ] } },
{ "type": "Feature", "properties": { "gridcode": 2, "Bhy_Bjr": "Sedang", "Luas_Ha": 7.99999999984, "SMBR_DATA": "Badan Nasional Penanggulangan Bencana (BNPB), 2015", "WADMPR": "Gorontalo" }, "geometry": { "type": "Polygon", "coordinates": [ [ [ 123.16718328, 0.51167586, 0.0 ], [ 123.16897991, 0.51167586, 0.0 ], [ 123.16897991, 0.51257414, 0.0 ], [ 123.16987822, 0.51257414, 0.0 ], [ 123.16987822, 0.5143707, 0.0 ], [ 123.16808159, 0.5143707, 0.0 ], [ 123.16718328, 0.5143707, 0.0 ], [ 123.16718328, 0.51167586, 0.0 ] ] ] } },
{ "type": "Feature", "properties": { "gridcode": 1, "Bhy_Bjr": "Rendah", "Luas_Ha": 29.000000000299998, "SMBR_DATA": "Badan Nasional Penanggulangan Bencana (BNPB), 2015", "WADMPR": "Gorontalo" }, "geometry": { "type": "Polygon", "coordinates": [ [ [ 123.39625368, 0.51976037, 0.0 ], [ 123.39535536, 0.51976037, 0.0 ], [ 123.39535536, 0.52065865, 0.0 ], [ 123.39355873, 0.52065865, 0.0 ], [ 123.39355873, 0.51976037, 0.0 ], [ 123.39266041, 0.51976037, 0.0 ], [ 123.39266041, 0.51886209, 0.0 ], [ 123.3917621, 0.51886209, 0.0 ], [ 123.3917621, 0.51706553, 0.0 ], [ 123.39266041, 0.51706553, 0.0 ], [ 123.39266041, 0.51616726, 0.0 ], [ 123.39355873, 0.51616726, 0.0 ], [ 123.39355873, 0.51526898, 0.0 ], [ 123.39535536, 0.51526898, 0.0 ], [ 123.39535536, 0.5143707, 0.0 ], [ 123.39445704, 0.5143707, 0.0 ], [ 123.39445704, 0.51257414, 0.0 ], [ 123.39535536, 0.51257414, 0.0 ], [ 123.39535536, 0.51167586, 0.0 ], [ 123.39625368, 0.51167586, 0.0 ], [ 123.39625368, 0.51976037, 0.0 ] ] ] } },
{ "type": "Feature", "properties": { "gridcode": 2, "Bhy_Bjr": "Sedang", "Luas_Ha": 5.99999999987, "SMBR_DATA": "Badan Nasional Penanggulangan Bencana (BNPB), 2015", "WADMPR": "Gorontalo" }, "geometry": { "type": "Polygon", "coordinates": [ [ [ 123.46722058, 0.51167586, 0.0 ], [ 123.46901721, 0.51167586, 0.0 ], [ 123.46901721, 0.51257414, 0.0 ], [ 123.47081384, 0.51257414, 0.0 ], [ 123.47081384, 0.51347242, 0.0 ], [ 123.46991553, 0.51347242, 0.0 ], [ 123.46991553, 0.5143707, 0.0 ], [ 123.46901721, 0.5143707, 0.0 ], [ 123.46901721, 0.51347242, 0.0 ], [ 123.4681189, 0.51347242, 0.0 ], [ 123.4681189, 0.51257414, 0.0 ], [ 123.46722058, 0.51257414, 0.0 ], [ 123.46722058, 0.51167586, 0.0 ] ] ] } },
{ "type": "Feature", "properties": { "gridcode": 2, "Bhy_Bjr": "Sedang", "Luas_Ha": 11.9999999998, "SMBR_DATA": "Badan Nasional Penanggulangan Bencana (BNPB), 2015", "WADMPR": "Gorontalo" }, "geometry": { "type": "Polygon", "coordinates": [ [ [ 123.48878015, 0.51347242, 0.0 ], [ 123.48788183, 0.51347242, 0.0 ], [ 123.48788183, 0.5143707, 0.0 ], [ 123.48698352, 0.5143707, 0.0 ], [ 123.48698352, 0.51347242, 0.0 ], [ 123.48518689, 0.51347242, 0.0 ], [ 123.48518689, 0.51167586, 0.0 ], [ 123.4860852, 0.51167586, 0.0 ], [ 123.48967846, 0.51167586, 0.0 ], [ 123.48967846, 0.51257414, 0.0 ], [ 123.49057678, 0.51257414, 0.0 ], [ 123.49057678, 0.51347242, 0.0 ], [ 123.48878015, 0.51347242, 0.0 ] ] ] } },
{ "type": "Feature", "properties": { "gridcode": 2, "Bhy_Bjr": "Sedang", "Luas_Ha": 23.999999999900002, "SMBR_DATA": "Badan Nasional Penanggulangan Bencana (BNPB), 2015", "WADMPR": "Gorontalo" }, "geometry": { "type": "Polygon", "coordinates": [ [ [ 123.19503105, 0.5143707, 0.0 ], [ 123.19503105, 0.51347242, 0.0 ], [ 123.19323442, 0.51347242, 0.0 ], [ 123.19323442, 0.51526898, 0.0 ], [ 123.19233611, 0.51526898, 0.0 ], [ 123.19233611, 0.5143707, 0.0 ], [ 123.19143779, 0.5143707, 0.0 ], [ 123.19143779, 0.51347242, 0.0 ], [ 123.18794103, 0.51347242, 0.0 ], [ 123.18784453, 0.51347242, 0.0 ], [ 123.18784453, 0.51311598, 0.0 ], [ 123.18784453, 0.51257414, 0.0 ], [ 123.18774316, 0.51257414, 0.0 ], [ 123.1860479, 0.51257414, 0.0 ], [ 123.1860479, 0.51167586, 0.0 ], [ 123.18694621, 0.51167586, 0.0 ], [ 123.18694621, 0.51077758, 0.0 ], [ 123.18736991, 0.51077758, 0.0 ], [ 123.18784453, 0.51077758, 0.0 ], [ 123.18784453, 0.51167586, 0.0 ], [ 123.18964116, 0.51167586, 0.0 ], [ 123.18964116, 0.51257414, 0.0 ], [ 123.19053947, 0.51257414, 0.0 ], [ 123.19053947, 0.51167586, 0.0 ], [ 123.19143779, 0.51167586, 0.0 ], [ 123.19143779, 0.51257414, 0.0 ], [ 123.19323442, 0.51257414, 0.0 ], [ 123.19323442, 0.51167586, 0.0 ], [ 123.19592937, 0.51167586, 0.0 ], [ 123.19592937, 0.51257414, 0.0 ], [ 123.197726, 0.51257414, 0.0 ], [ 123.197726, 0.51347242, 0.0 ], [ 123.19592937, 0.51347242, 0.0 ], [ 123.19592937, 0.5143707, 0.0 ], [ 123.19503105, 0.5143707, 0.0 ] ] ] } },
{ "type": "Feature", "properties": { "gridcode": 2, "Bhy_Bjr": "Sedang", "Luas_Ha": 1.99999999995, "SMBR_DATA": "Badan Nasional Penanggulangan Bencana (BNPB), 2015", "WADMPR": "Gorontalo" }, "geometry": { "type": "Polygon", "coordinates": [ [ [ 123.39894862, 0.51077758, 0.0 ], [ 123.39984694, 0.51077758, 0.0 ], [ 123.39984694, 0.51257414, 0.0 ], [ 123.39894862, 0.51257414, 0.0 ], [ 123.39894862, 0.51077758, 0.0 ] ] ] } },
{ "type": "Feature", "properties": { "gridcode": 1, "Bhy_Bjr": "Rendah", "Luas_Ha": 1.00000000003, "SMBR_DATA": "Badan Nasional Penanggulangan Bencana (BNPB), 2015", "WADMPR": "Gorontalo" }, "geometry": { "type": "Polygon", "coordinates": [ [ [ 123.40164357, 0.51077758, 0.0 ], [ 123.40164357, 0.51167586, 0.0 ], [ 123.40074525, 0.51167586, 0.0 ], [ 123.40074525, 0.51077758, 0.0 ], [ 123.40164357, 0.51077758, 0.0 ] ] ] } },
{ "type": "Feature", "properties": { "gridcode": 3, "Bhy_Bjr": "Tinggi", "Luas_Ha": 15.0000000002, "SMBR_DATA": "Badan Nasional Penanggulangan Bencana (BNPB), 2015", "WADMPR": "Gorontalo" }, "geometry": { "type": "Polygon", "coordinates": [ [ [ 123.21120073, 0.51077758, 0.0 ], [ 123.21120073, 0.51167586, 0.0 ], [ 123.20311589, 0.51167586, 0.0 ], [ 123.20311589, 0.51077758, 0.0 ], [ 123.20491252, 0.51077758, 0.0 ], [ 123.20491252, 0.5098793, 0.0 ], [ 123.21030241, 0.5098793, 0.0 ], [ 123.21030241, 0.51077758, 0.0 ], [ 123.21120073, 0.51077758, 0.0 ] ] ] } },
{ "type": "Feature", "properties": { "gridcode": 1, "Bhy_Bjr": "Rendah", "Luas_Ha": 272.0, "SMBR_DATA": "Badan Nasional Penanggulangan Bencana (BNPB), 2015", "WADMPR": "Gorontalo" }, "geometry": { "type": "Polygon", "coordinates": [ [ [ 123.48698352, 0.52515004, 0.0 ], [ 123.48428857, 0.52515004, 0.0 ], [ 123.48428857, 0.52335348, 0.0 ], [ 123.48339026, 0.52335348, 0.0 ], [ 123.48339026, 0.52425176, 0.0 ], [ 123.48249194, 0.52425176, 0.0 ], [ 123.48249194, 0.52515004, 0.0 ], [ 123.48159363, 0.52515004, 0.0 ], [ 123.48159363, 0.52604832, 0.0 ], [ 123.48069531, 0.52604832, 0.0 ], [ 123.48069531, 0.52694659, 0.0 ], [ 123.479797, 0.52694659, 0.0 ], [ 123.479797, 0.52784487, 0.0 ], [ 123.47889868, 0.52784487, 0.0 ], [ 123.47889868, 0.52694659, 0.0 ], [ 123.47800037, 0.52694659, 0.0 ], [ 123.47800037, 0.52604832, 0.0 ], [ 123.47530542, 0.52604832, 0.0 ], [ 123.47530542, 0.52694659, 0.0 ], [ 123.47350879, 0.52694659, 0.0 ], [ 123.47350879, 0.52604832, 0.0 ], [ 123.47261047, 0.52604832, 0.0 ], [ 123.47261047, 0.52515004, 0.0 ], [ 123.46991553, 0.52515004, 0.0 ], [ 123.46991553, 0.52425176, 0.0 ], [ 123.46901721, 0.52425176, 0.0 ], [ 123.46901721, 0.52335348, 0.0 ], [ 123.46991553, 0.52335348, 0.0 ], [ 123.46991553, 0.5224552, 0.0 ], [ 123.47081384, 0.5224552, 0.0 ], [ 123.47081384, 0.52155693, 0.0 ], [ 123.47171216, 0.52155693, 0.0 ], [ 123.47171216, 0.5224552, 0.0 ], [ 123.47350879, 0.5224552, 0.0 ], [ 123.47350879, 0.52155693, 0.0 ], [ 123.47171216, 0.52155693, 0.0 ], [ 123.47171216, 0.52065865, 0.0 ], [ 123.47081384, 0.52065865, 0.0 ], [ 123.47081384, 0.51976037, 0.0 ], [ 123.46991553, 0.51976037, 0.0 ], [ 123.46991553, 0.51796381, 0.0 ], [ 123.47081384, 0.51796381, 0.0 ], [ 123.47081384, 0.51616726, 0.0 ], [ 123.47171216, 0.51616726, 0.0 ], [ 123.47171216, 0.5143707, 0.0 ], [ 123.47261047, 0.5143707, 0.0 ], [ 123.47261047, 0.51526898, 0.0 ], [ 123.47350879, 0.51526898, 0.0 ], [ 123.47350879, 0.51616726, 0.0 ], [ 123.47261047, 0.51616726, 0.0 ], [ 123.47261047, 0.51886209, 0.0 ], [ 123.47350879, 0.51886209, 0.0 ], [ 123.47350879, 0.51976037, 0.0 ], [ 123.4744071, 0.51976037, 0.0 ], [ 123.4744071, 0.51706553, 0.0 ], [ 123.47530542, 0.51706553, 0.0 ], [ 123.47530542, 0.51526898, 0.0 ], [ 123.47350879, 0.51526898, 0.0 ], [ 123.47350879, 0.5143707, 0.0 ], [ 123.47261047, 0.5143707, 0.0 ], [ 123.47261047, 0.51257414, 0.0 ], [ 123.47350879, 0.51257414, 0.0 ], [ 123.47350879, 0.51167586, 0.0 ], [ 123.47261047, 0.51167586, 0.0 ], [ 123.47261047, 0.51077758, 0.0 ], [ 123.47350879, 0.51077758, 0.0 ], [ 123.47530542, 0.51077758, 0.0 ], [ 123.47530542, 0.5098793, 0.0 ], [ 123.47620374, 0.5098793, 0.0 ], [ 123.47620374, 0.51167586, 0.0 ], [ 123.4744071, 0.51167586, 0.0 ], [ 123.4744071, 0.51257414, 0.0 ], [ 123.47620374, 0.51257414, 0.0 ], [ 123.47620374, 0.51167586, 0.0 ], [ 123.47710205, 0.51167586, 0.0 ], [ 123.47710205, 0.51077758, 0.0 ], [ 123.47800037, 0.51077758, 0.0 ], [ 123.47800037, 0.5098793, 0.0 ], [ 123.47889868, 0.5098793, 0.0 ], [ 123.479797, 0.5098793, 0.0 ], [ 123.48249194, 0.5098793, 0.0 ], [ 123.48249194, 0.51077758, 0.0 ], [ 123.48159363, 0.51077758, 0.0 ], [ 123.48159363, 0.51167586, 0.0 ], [ 123.48069531, 0.51167586, 0.0 ], [ 123.48069531, 0.51257414, 0.0 ], [ 123.48159363, 0.51257414, 0.0 ], [ 123.48159363, 0.51167586, 0.0 ], [ 123.48249194, 0.51167586, 0.0 ], [ 123.48249194, 0.51077758, 0.0 ], [ 123.48339026, 0.51077758, 0.0 ], [ 123.48339026, 0.51167586, 0.0 ], [ 123.48518689, 0.51167586, 0.0 ], [ 123.48518689, 0.51347242, 0.0 ], [ 123.48518689, 0.51526898, 0.0 ], [ 123.48518689, 0.51616726, 0.0 ], [ 123.4860852, 0.51616726, 0.0 ], [ 123.4860852, 0.51706553, 0.0 ], [ 123.48698352, 0.51706553, 0.0 ], [ 123.48698352, 0.51796381, 0.0 ], [ 123.48788183, 0.51796381, 0.0 ], [ 123.48788183, 0.51976037, 0.0 ], [ 123.48967846, 0.51976037, 0.0 ], [ 123.48967846, 0.51886209, 0.0 ], [ 123.49057678, 0.51886209, 0.0 ], [ 123.49057678, 0.52065865, 0.0 ], [ 123.48967846, 0.52065865, 0.0 ], [ 123.48967846, 0.52155693, 0.0 ], [ 123.48878015, 0.52155693, 0.0 ], [ 123.48878015, 0.52335348, 0.0 ], [ 123.48788183, 0.52335348, 0.0 ], [ 123.48788183, 0.5224552, 0.0 ], [ 123.48698352, 0.5224552, 0.0 ], [ 123.48698352, 0.52515004, 0.0 ] ], [ [ 123.47171216, 0.52335348, 0.0 ], [ 123.47081384, 0.52335348, 0.0 ], [ 123.47081384, 0.52425176, 0.0 ], [ 123.47171216, 0.52425176, 0.0 ], [ 123.47171216, 0.52335348, 0.0 ] ], [ [ 123.48428857, 0.51976037, 0.0 ], [ 123.4860852, 0.51976037, 0.0 ], [ 123.4860852, 0.51886209, 0.0 ], [ 123.48428857, 0.51886209, 0.0 ], [ 123.48428857, 0.51976037, 0.0 ] ], [ [ 123.47800037, 0.51616726, 0.0 ], [ 123.47889868, 0.51616726, 0.0 ], [ 123.47889868, 0.5143707, 0.0 ], [ 123.47800037, 0.5143707, 0.0 ], [ 123.47800037, 0.51616726, 0.0 ] ], [ [ 123.48069531, 0.51526898, 0.0 ], [ 123.48339026, 0.51526898, 0.0 ], [ 123.48339026, 0.51347242, 0.0 ], [ 123.48249194, 0.51347242, 0.0 ], [ 123.48249194, 0.5143707, 0.0 ], [ 123.48069531, 0.5143707, 0.0 ], [ 123.48069531, 0.51526898, 0.0 ] ] ] } },
{ "type": "Feature", "properties": { "gridcode": 2, "Bhy_Bjr": "Sedang", "Luas_Ha": 3.00000000005, "SMBR_DATA": "Badan Nasional Penanggulangan Bencana (BNPB), 2015", "WADMPR": "Gorontalo" }, "geometry": { "type": "Polygon", "coordinates": [ [ [ 123.48428857, 0.5098793, 0.0 ], [ 123.48428857, 0.51077758, 0.0 ], [ 123.48518689, 0.51077758, 0.0 ], [ 123.48518689, 0.51167586, 0.0 ], [ 123.48339026, 0.51167586, 0.0 ], [ 123.48339026, 0.51077758, 0.0 ], [ 123.48339026, 0.5098793, 0.0 ], [ 123.48428857, 0.5098793, 0.0 ] ] ] } },
{ "type": "Feature", "properties": { "gridcode": 2, "Bhy_Bjr": "Sedang", "Luas_Ha": 72.999999999400004, "SMBR_DATA": "Badan Nasional Penanggulangan Bencana (BNPB), 2015", "WADMPR": "Gorontalo" }, "geometry": { "type": "Polygon", "coordinates": [ [ [ 123.22377714, 0.51526898, 0.0 ], [ 123.22377714, 0.51616726, 0.0 ], [ 123.22287883, 0.51616726, 0.0 ], [ 123.22287883, 0.51706553, 0.0 ], [ 123.22198051, 0.51706553, 0.0 ], [ 123.22198051, 0.51616726, 0.0 ], [ 123.22108219, 0.51616726, 0.0 ], [ 123.22108219, 0.51706553, 0.0 ], [ 123.21928556, 0.51706553, 0.0 ], [ 123.21928556, 0.51796381, 0.0 ], [ 123.21608893, 0.51796381, 0.0 ], [ 123.2156923, 0.51796381, 0.0 ], [ 123.2156923, 0.51706553, 0.0 ], [ 123.21479399, 0.51706553, 0.0 ], [ 123.21479399, 0.51796381, 0.0 ], [ 123.2146022, 0.51796381, 0.0 ], [ 123.21389567, 0.51796381, 0.0 ], [ 123.21389567, 0.51706553, 0.0 ], [ 123.21299736, 0.51706553, 0.0 ], [ 123.21299736, 0.51622719, 0.0 ], [ 123.21299736, 0.51526898, 0.0 ], [ 123.21389567, 0.51526898, 0.0 ], [ 123.21389567, 0.5143707, 0.0 ], [ 123.21267224, 0.5143707, 0.0 ], [ 123.20850578, 0.5143707, 0.0 ], [ 123.20850578, 0.51347242, 0.0 ], [ 123.20311589, 0.51347242, 0.0 ], [ 123.20311589, 0.5143707, 0.0 ], [ 123.19952263, 0.5143707, 0.0 ], [ 123.19952263, 0.51347242, 0.0 ], [ 123.19952263, 0.51167586, 0.0 ], [ 123.20311589, 0.51167586, 0.0 ], [ 123.21120073, 0.51167586, 0.0 ], [ 123.21120073, 0.51077758, 0.0 ], [ 123.21209904, 0.51077758, 0.0 ], [ 123.21209904, 0.5098793, 0.0 ], [ 123.21299736, 0.5098793, 0.0 ], [ 123.21299736, 0.50898102, 0.0 ], [ 123.21389567, 0.50898102, 0.0 ], [ 123.21389567, 0.51172685, 0.0 ], [ 123.21389567, 0.51347242, 0.0 ], [ 123.21479399, 0.51347242, 0.0 ], [ 123.21479399, 0.51526898, 0.0 ], [ 123.21659062, 0.51526898, 0.0 ], [ 123.21659062, 0.51616726, 0.0 ], [ 123.22018388, 0.51616726, 0.0 ], [ 123.22018388, 0.51526898, 0.0 ], [ 123.22089513, 0.51526898, 0.0 ], [ 123.22377714, 0.51526898, 0.0 ] ] ] } },
{ "type": "Feature", "properties": { "gridcode": 1, "Bhy_Bjr": "Rendah", "Luas_Ha": 3.00000000003, "SMBR_DATA": "Badan Nasional Penanggulangan Bencana (BNPB), 2015", "WADMPR": "Gorontalo" }, "geometry": { "type": "Polygon", "coordinates": [ [ [ 123.39535536, 0.50898102, 0.0 ], [ 123.39535536, 0.51167586, 0.0 ], [ 123.39445704, 0.51167586, 0.0 ], [ 123.39445704, 0.50898102, 0.0 ], [ 123.39535536, 0.50898102, 0.0 ] ] ] } },
{ "type": "Feature", "properties": { "gridcode": 2, "Bhy_Bjr": "Sedang", "Luas_Ha": 91.999999999899998, "SMBR_DATA": "Badan Nasional Penanggulangan Bencana (BNPB), 2015", "WADMPR": "Gorontalo" }, "geometry": { "type": "Polygon", "coordinates": [ [ [ 123.39625368, 0.52784487, 0.0 ], [ 123.39355873, 0.52784487, 0.0 ], [ 123.39355873, 0.52874315, 0.0 ], [ 123.39266041, 0.52874315, 0.0 ], [ 123.39266041, 0.52784487, 0.0 ], [ 123.3917621, 0.52784487, 0.0 ], [ 123.3917621, 0.52874315, 0.0 ], [ 123.38996547, 0.52874315, 0.0 ], [ 123.38996547, 0.52784487, 0.0 ], [ 123.39086378, 0.52784487, 0.0 ], [ 123.39086378, 0.52604832, 0.0 ], [ 123.3917621, 0.52604832, 0.0 ], [ 123.3917621, 0.52515004, 0.0 ], [ 123.39266041, 0.52515004, 0.0 ], [ 123.39266041, 0.52425176, 0.0 ], [ 123.39355873, 0.52425176, 0.0 ], [ 123.39355873, 0.52335348, 0.0 ], [ 123.39266041, 0.52335348, 0.0 ], [ 123.39266041, 0.5224552, 0.0 ], [ 123.3917621, 0.5224552, 0.0 ], [ 123.3917621, 0.52155693, 0.0 ], [ 123.39086378, 0.52155693, 0.0 ], [ 123.39086378, 0.52065865, 0.0 ], [ 123.3917621, 0.52065865, 0.0 ], [ 123.3917621, 0.51976037, 0.0 ], [ 123.39086378, 0.51976037, 0.0 ], [ 123.39086378, 0.51886209, 0.0 ], [ 123.3917621, 0.51886209, 0.0 ], [ 123.39266041, 0.51886209, 0.0 ], [ 123.39266041, 0.51976037, 0.0 ], [ 123.39355873, 0.51976037, 0.0 ], [ 123.39355873, 0.52065865, 0.0 ], [ 123.39535536, 0.52065865, 0.0 ], [ 123.39535536, 0.5224552, 0.0 ], [ 123.39625368, 0.5224552, 0.0 ], [ 123.39625368, 0.51976037, 0.0 ], [ 123.39625368, 0.51167586, 0.0 ], [ 123.39535536, 0.51167586, 0.0 ], [ 123.39535536, 0.50898102, 0.0 ], [ 123.39805031, 0.50898102, 0.0 ], [ 123.39805031, 0.51616726, 0.0 ], [ 123.39894862, 0.51616726, 0.0 ], [ 123.39894862, 0.5143707, 0.0 ], [ 123.40074525, 0.5143707, 0.0 ], [ 123.40074525, 0.51526898, 0.0 ], [ 123.40074525, 0.51616726, 0.0 ], [ 123.39984694, 0.51616726, 0.0 ], [ 123.39984694, 0.51706553, 0.0 ], [ 123.39894862, 0.51706553, 0.0 ], [ 123.39894862, 0.51796381, 0.0 ], [ 123.39984694, 0.51796381, 0.0 ], [ 123.39984694, 0.51886209, 0.0 ], [ 123.39894862, 0.51886209, 0.0 ], [ 123.39894862, 0.51976037, 0.0 ], [ 123.39805031, 0.51976037, 0.0 ], [ 123.39805031, 0.52065865, 0.0 ], [ 123.39894862, 0.52065865, 0.0 ], [ 123.39894862, 0.52155693, 0.0 ], [ 123.39715199, 0.52155693, 0.0 ], [ 123.39715199, 0.52604832, 0.0 ], [ 123.39715199, 0.52694659, 0.0 ], [ 123.39625368, 0.52694659, 0.0 ], [ 123.39625368, 0.52784487, 0.0 ] ] ] } },
{ "type": "Feature", "properties": { "gridcode": 3, "Bhy_Bjr": "Tinggi", "Luas_Ha": 8.0000000001699991, "SMBR_DATA": "Badan Nasional Penanggulangan Bencana (BNPB), 2015", "WADMPR": "Gorontalo" }, "geometry": { "type": "Polygon", "coordinates": [ [ [ 123.39894862, 0.5143707, 0.0 ], [ 123.39894862, 0.51616726, 0.0 ], [ 123.39805031, 0.51616726, 0.0 ], [ 123.39805031, 0.50898102, 0.0 ], [ 123.39894862, 0.50898102, 0.0 ], [ 123.39894862, 0.51077758, 0.0 ], [ 123.39894862, 0.51257414, 0.0 ], [ 123.39894862, 0.5143707, 0.0 ] ] ] } },
{ "type": "Feature", "properties": { "gridcode": 2, "Bhy_Bjr": "Sedang", "Luas_Ha": 1.00000000003, "SMBR_DATA": "Badan Nasional Penanggulangan Bencana (BNPB), 2015", "WADMPR": "Gorontalo" }, "geometry": { "type": "Polygon", "coordinates": [ [ [ 123.48518689, 0.50898102, 0.0 ], [ 123.48518689, 0.5098793, 0.0 ], [ 123.48428857, 0.5098793, 0.0 ], [ 123.48428857, 0.50898102, 0.0 ], [ 123.48518689, 0.50898102, 0.0 ] ] ] } },
{ "type": "Feature", "properties": { "gridcode": 1, "Bhy_Bjr": "Rendah", "Luas_Ha": 33.000000000199996, "SMBR_DATA": "Badan Nasional Penanggulangan Bencana (BNPB), 2015", "WADMPR": "Gorontalo" }, "geometry": { "type": "Polygon", "coordinates": [ [ [ 123.45105091, 0.51347242, 0.0 ], [ 123.44925428, 0.51347242, 0.0 ], [ 123.44925428, 0.5143707, 0.0 ], [ 123.44835596, 0.5143707, 0.0 ], [ 123.44835596, 0.51347242, 0.0 ], [ 123.44655933, 0.51347242, 0.0 ], [ 123.44655933, 0.51257414, 0.0 ], [ 123.44745765, 0.51257414, 0.0 ], [ 123.44745765, 0.51167586, 0.0 ], [ 123.44835596, 0.51167586, 0.0 ], [ 123.44835596, 0.51077758, 0.0 ], [ 123.44655933, 0.51077758, 0.0 ], [ 123.44655933, 0.51167586, 0.0 ], [ 123.44566102, 0.51167586, 0.0 ], [ 123.44566102, 0.51077758, 0.0 ], [ 123.44386439, 0.51077758, 0.0 ], [ 123.44386439, 0.5098793, 0.0 ], [ 123.44296607, 0.5098793, 0.0 ], [ 123.44296607, 0.50898102, 0.0 ], [ 123.44386439, 0.50898102, 0.0 ], [ 123.44386439, 0.50808274, 0.0 ], [ 123.44835596, 0.50808274, 0.0 ], [ 123.44835596, 0.50898102, 0.0 ], [ 123.45015259, 0.50898102, 0.0 ], [ 123.45015259, 0.51167586, 0.0 ], [ 123.45105091, 0.51167586, 0.0 ], [ 123.45105091, 0.51347242, 0.0 ] ] ] } },
{ "type": "Feature", "properties": { "gridcode": 2, "Bhy_Bjr": "Sedang", "Luas_Ha": 77.000000000499995, "SMBR_DATA": "Badan Nasional Penanggulangan Bencana (BNPB), 2015", "WADMPR": "Gorontalo" }, "geometry": { "type": "Polygon", "coordinates": [ [ [ 123.23635355, 0.51077758, 0.0 ], [ 123.23365861, 0.51077758, 0.0 ], [ 123.23365861, 0.51167586, 0.0 ], [ 123.23186198, 0.51167586, 0.0 ], [ 123.23186198, 0.51217106, 0.0 ], [ 123.23186198, 0.51257414, 0.0 ], [ 123.22916703, 0.51257414, 0.0 ], [ 123.22916703, 0.51347242, 0.0 ], [ 123.22826872, 0.51347242, 0.0 ], [ 123.22826872, 0.5143707, 0.0 ], [ 123.22647209, 0.5143707, 0.0 ], [ 123.22647209, 0.51099377, 0.0 ], [ 123.22647209, 0.5098793, 0.0 ], [ 123.22467546, 0.5098793, 0.0 ], [ 123.22467546, 0.50898102, 0.0 ], [ 123.22377714, 0.50898102, 0.0 ], [ 123.22377714, 0.50808274, 0.0 ], [ 123.2273704, 0.50808274, 0.0 ], [ 123.23096366, 0.50808274, 0.0 ], [ 123.23096366, 0.50718446, 0.0 ], [ 123.23276029, 0.50718446, 0.0 ], [ 123.23455692, 0.50718446, 0.0 ], [ 123.23455692, 0.50808274, 0.0 ], [ 123.23545524, 0.50808274, 0.0 ], [ 123.23545524, 0.50718446, 0.0 ], [ 123.24084513, 0.50718446, 0.0 ], [ 123.24084513, 0.50808274, 0.0 ], [ 123.24174345, 0.50808274, 0.0 ], [ 123.24174345, 0.50898102, 0.0 ], [ 123.2390485, 0.50898102, 0.0 ], [ 123.2390485, 0.5098793, 0.0 ], [ 123.23725187, 0.5098793, 0.0 ], [ 123.23725187, 0.51077758, 0.0 ], [ 123.23635355, 0.51077758, 0.0 ] ] ] } },
{ "type": "Feature", "properties": { "gridcode": 2, "Bhy_Bjr": "Sedang", "Luas_Ha": 8.9999999998900009, "SMBR_DATA": "Badan Nasional Penanggulangan Bencana (BNPB), 2015", "WADMPR": "Gorontalo" }, "geometry": { "type": "Polygon", "coordinates": [ [ [ 123.46722058, 0.50718446, 0.0 ], [ 123.46901721, 0.50718446, 0.0 ], [ 123.46901721, 0.50898102, 0.0 ], [ 123.46991553, 0.50898102, 0.0 ], [ 123.46991553, 0.5098793, 0.0 ], [ 123.46901721, 0.5098793, 0.0 ], [ 123.46901721, 0.51077758, 0.0 ], [ 123.46722058, 0.51077758, 0.0 ], [ 123.46722058, 0.50898102, 0.0 ], [ 123.46722058, 0.50718446, 0.0 ] ] ] } },
{ "type": "Feature", "properties": { "gridcode": 2, "Bhy_Bjr": "Sedang", "Luas_Ha": 6.00000000001, "SMBR_DATA": "Badan Nasional Penanggulangan Bencana (BNPB), 2015", "WADMPR": "Gorontalo" }, "geometry": { "type": "Polygon", "coordinates": [ [ [ 123.48159363, 0.50808274, 0.0 ], [ 123.48159363, 0.50898102, 0.0 ], [ 123.479797, 0.50898102, 0.0 ], [ 123.479797, 0.5098793, 0.0 ], [ 123.47889868, 0.5098793, 0.0 ], [ 123.47889868, 0.50718446, 0.0 ], [ 123.479797, 0.50718446, 0.0 ], [ 123.48069531, 0.50718446, 0.0 ], [ 123.48069531, 0.50808274, 0.0 ], [ 123.48159363, 0.50808274, 0.0 ] ] ] } },
{ "type": "Feature", "properties": { "gridcode": 2, "Bhy_Bjr": "Sedang", "Luas_Ha": 1.00000000003, "SMBR_DATA": "Badan Nasional Penanggulangan Bencana (BNPB), 2015", "WADMPR": "Gorontalo" }, "geometry": { "type": "Polygon", "coordinates": [ [ [ 123.48249194, 0.50718446, 0.0 ], [ 123.48249194, 0.50808274, 0.0 ], [ 123.48159363, 0.50808274, 0.0 ], [ 123.48159363, 0.50718446, 0.0 ], [ 123.48249194, 0.50718446, 0.0 ] ] ] } },
{ "type": "Feature", "properties": { "gridcode": 1, "Bhy_Bjr": "Rendah", "Luas_Ha": 107.0, "SMBR_DATA": "Badan Nasional Penanggulangan Bencana (BNPB), 2015", "WADMPR": "Gorontalo" }, "geometry": { "type": "Polygon", "coordinates": [ [ [ 123.22377714, 0.51526898, 0.0 ], [ 123.22089513, 0.51526898, 0.0 ], [ 123.22018388, 0.51526898, 0.0 ], [ 123.22018388, 0.51616726, 0.0 ], [ 123.21659062, 0.51616726, 0.0 ], [ 123.21659062, 0.51526898, 0.0 ], [ 123.21479399, 0.51526898, 0.0 ], [ 123.21479399, 0.51347242, 0.0 ], [ 123.21389567, 0.51347242, 0.0 ], [ 123.21389567, 0.51172685, 0.0 ], [ 123.21389567, 0.50898102, 0.0 ], [ 123.21565324, 0.50898102, 0.0 ], [ 123.2156923, 0.50898102, 0.0 ], [ 123.2156923, 0.50892025, 0.0 ], [ 123.2156923, 0.50808274, 0.0 ], [ 123.21623504, 0.50808274, 0.0 ], [ 123.21659062, 0.50808274, 0.0 ], [ 123.21659062, 0.50755786, 0.0 ], [ 123.21659062, 0.50718446, 0.0 ], [ 123.21691897, 0.50718446, 0.0 ], [ 123.21744698, 0.50718446, 0.0 ], [ 123.21748893, 0.50718446, 0.0 ], [ 123.21748893, 0.50665209, 0.0 ], [ 123.21748893, 0.50628618, 0.0 ], [ 123.21774718, 0.50628618, 0.0 ], [ 123.21838725, 0.50628618, 0.0 ], [ 123.21838725, 0.50777802, 0.0 ], [ 123.21838725, 0.50808274, 0.0 ], [ 123.21928556, 0.50808274, 0.0 ], [ 123.21928556, 0.50805911, 0.0 ], [ 123.21928556, 0.50718446, 0.0 ], [ 123.22287883, 0.50718446, 0.0 ], [ 123.22287883, 0.50808274, 0.0 ], [ 123.22377714, 0.50808274, 0.0 ], [ 123.22377714, 0.50898102, 0.0 ], [ 123.22467546, 0.50898102, 0.0 ], [ 123.22467546, 0.5098793, 0.0 ], [ 123.22647209, 0.5098793, 0.0 ], [ 123.22647209, 0.51099377, 0.0 ], [ 123.22647209, 0.5143707, 0.0 ], [ 123.22647209, 0.51526898, 0.0 ], [ 123.22629715, 0.51526898, 0.0 ], [ 123.22557377, 0.51526898, 0.0 ], [ 123.22467546, 0.51526898, 0.0 ], [ 123.22377714, 0.51526898, 0.0 ] ], [ [ 123.22287883, 0.51167586, 0.0 ], [ 123.22198051, 0.51167586, 0.0 ], [ 123.22198051, 0.51257414, 0.0 ], [ 123.22287883, 0.51257414, 0.0 ], [ 123.22287883, 0.51167586, 0.0 ], [ 123.22467546, 0.51167586, 0.0 ], [ 123.22467546, 0.51148795, 0.0 ], [ 123.22467546, 0.51077758, 0.0 ], [ 123.22294595, 0.51077758, 0.0 ], [ 123.22287883, 0.51077758, 0.0 ], [ 123.22287883, 0.51167586, 0.0 ] ], [ [ 123.21838725, 0.51077758, 0.0 ], [ 123.21659062, 0.51077758, 0.0 ], [ 123.21659062, 0.5098793, 0.0 ], [ 123.2156923, 0.5098793, 0.0 ], [ 123.2156923, 0.51167586, 0.0 ], [ 123.21838725, 0.51167586, 0.0 ], [ 123.21838725, 0.51077758, 0.0 ] ] ] } },
{ "type": "Feature", "properties": { "gridcode": 1, "Bhy_Bjr": "Rendah", "Luas_Ha": 0.99999999996, "SMBR_DATA": "Badan Nasional Penanggulangan Bencana (BNPB), 2015", "WADMPR": "Gorontalo" }, "geometry": { "type": "Polygon", "coordinates": [ [ [ 123.25970975, 0.50628618, 0.0 ], [ 123.25970975, 0.50718446, 0.0 ], [ 123.25881144, 0.50718446, 0.0 ], [ 123.25881144, 0.50628618, 0.0 ], [ 123.25970975, 0.50628618, 0.0 ] ] ] } },
{ "type": "Feature", "properties": { "gridcode": 3, "Bhy_Bjr": "Tinggi", "Luas_Ha": 1.99999999983, "SMBR_DATA": "Badan Nasional Penanggulangan Bencana (BNPB), 2015", "WADMPR": "Gorontalo" }, "geometry": { "type": "Polygon", "coordinates": [ [ [ 123.479797, 0.50718446, 0.0 ], [ 123.479797, 0.50628618, 0.0 ], [ 123.48159363, 0.50628618, 0.0 ], [ 123.48159363, 0.50718446, 0.0 ], [ 123.48069531, 0.50718446, 0.0 ], [ 123.479797, 0.50718446, 0.0 ] ] ] } },
{ "type": "Feature", "properties": { "gridcode": 3, "Bhy_Bjr": "Tinggi", "Luas_Ha": 11.9999999997, "SMBR_DATA": "Badan Nasional Penanggulangan Bencana (BNPB), 2015", "WADMPR": "Gorontalo" }, "geometry": { "type": "Polygon", "coordinates": [ [ [ 123.23276029, 0.50718446, 0.0 ], [ 123.23096366, 0.50718446, 0.0 ], [ 123.23096366, 0.50808274, 0.0 ], [ 123.2273704, 0.50808274, 0.0 ], [ 123.2273704, 0.5053879, 0.0 ], [ 123.22916703, 0.5053879, 0.0 ], [ 123.22916703, 0.50628618, 0.0 ], [ 123.23276029, 0.50628618, 0.0 ], [ 123.23276029, 0.50718446, 0.0 ] ] ] } },
{ "type": "Feature", "properties": { "gridcode": 3, "Bhy_Bjr": "Tinggi", "Luas_Ha": 1.99999999998, "SMBR_DATA": "Badan Nasional Penanggulangan Bencana (BNPB), 2015", "WADMPR": "Gorontalo" }, "geometry": { "type": "Polygon", "coordinates": [ [ [ 123.40074525, 0.5053879, 0.0 ], [ 123.40254188, 0.5053879, 0.0 ], [ 123.40254188, 0.50628618, 0.0 ], [ 123.40074525, 0.50628618, 0.0 ], [ 123.40074525, 0.5053879, 0.0 ] ] ] } },
{ "type": "Feature", "properties": { "gridcode": 3, "Bhy_Bjr": "Tinggi", "Luas_Ha": 2.00000000004, "SMBR_DATA": "Badan Nasional Penanggulangan Bencana (BNPB), 2015", "WADMPR": "Gorontalo" }, "geometry": { "type": "Polygon", "coordinates": [ [ [ 123.40523683, 0.5053879, 0.0 ], [ 123.40523683, 0.50628618, 0.0 ], [ 123.4034402, 0.50628618, 0.0 ], [ 123.4034402, 0.5053879, 0.0 ], [ 123.40523683, 0.5053879, 0.0 ] ] ] } },
{ "type": "Feature", "properties": { "gridcode": 3, "Bhy_Bjr": "Tinggi", "Luas_Ha": 30.999999999900002, "SMBR_DATA": "Badan Nasional Penanggulangan Bencana (BNPB), 2015", "WADMPR": "Gorontalo" }, "geometry": { "type": "Polygon", "coordinates": [ [ [ 123.43488123, 0.51347242, 0.0 ], [ 123.43488123, 0.5143707, 0.0 ], [ 123.4330846, 0.5143707, 0.0 ], [ 123.4330846, 0.51257414, 0.0 ], [ 123.43218629, 0.51257414, 0.0 ], [ 123.43218629, 0.51167586, 0.0 ], [ 123.43102116, 0.51167586, 0.0 ], [ 123.42949134, 0.51167586, 0.0 ], [ 123.42949134, 0.51077758, 0.0 ], [ 123.42887223, 0.51077758, 0.0 ], [ 123.42859303, 0.51077758, 0.0 ], [ 123.42859303, 0.5098793, 0.0 ], [ 123.42887952, 0.5098793, 0.0 ], [ 123.42949134, 0.5098793, 0.0 ], [ 123.42949134, 0.5053879, 0.0 ], [ 123.43038966, 0.5053879, 0.0 ], [ 123.43038966, 0.50628618, 0.0 ], [ 123.430811, 0.50628618, 0.0 ], [ 123.43128797, 0.50628618, 0.0 ], [ 123.43128797, 0.50808274, 0.0 ], [ 123.43218629, 0.50808274, 0.0 ], [ 123.43218629, 0.50898102, 0.0 ], [ 123.4330846, 0.50898102, 0.0 ], [ 123.4330846, 0.5098793, 0.0 ], [ 123.43398292, 0.5098793, 0.0 ], [ 123.43398292, 0.51077758, 0.0 ], [ 123.43488123, 0.51077758, 0.0 ], [ 123.43488123, 0.51347242, 0.0 ] ] ] } },
{ "type": "Feature", "properties": { "gridcode": 3, "Bhy_Bjr": "Tinggi", "Luas_Ha": 1.00000000001, "SMBR_DATA": "Badan Nasional Penanggulangan Bencana (BNPB), 2015", "WADMPR": "Gorontalo" }, "geometry": { "type": "Polygon", "coordinates": [ [ [ 123.48428857, 0.5053879, 0.0 ], [ 123.48428857, 0.50628618, 0.0 ], [ 123.48339026, 0.50628618, 0.0 ], [ 123.48339026, 0.5053879, 0.0 ], [ 123.48428857, 0.5053879, 0.0 ] ] ] } },
{ "type": "Feature", "properties": { "gridcode": 1, "Bhy_Bjr": "Rendah", "Luas_Ha": 6.99999999981, "SMBR_DATA": "Badan Nasional Penanggulangan Bencana (BNPB), 2015", "WADMPR": "Gorontalo" }, "geometry": { "type": "Polygon", "coordinates": [ [ [ 123.25881144, 0.50628618, 0.0 ], [ 123.25791312, 0.50628618, 0.0 ], [ 123.25791312, 0.50718446, 0.0 ], [ 123.25611649, 0.50718446, 0.0 ], [ 123.25611649, 0.50618256, 0.0 ], [ 123.25611649, 0.5053879, 0.0 ], [ 123.25701481, 0.5053879, 0.0 ], [ 123.25701481, 0.50448962, 0.0 ], [ 123.25824233, 0.50448962, 0.0 ], [ 123.25881144, 0.50448962, 0.0 ], [ 123.25881144, 0.50628618, 0.0 ] ] ] } },
{ "type": "Feature", "properties": { "gridcode": 2, "Bhy_Bjr": "Sedang", "Luas_Ha": 2.00000000004, "SMBR_DATA": "Badan Nasional Penanggulangan Bencana (BNPB), 2015", "WADMPR": "Gorontalo" }, "geometry": { "type": "Polygon", "coordinates": [ [ [ 123.4034402, 0.5053879, 0.0 ], [ 123.4034402, 0.50448962, 0.0 ], [ 123.40523683, 0.50448962, 0.0 ], [ 123.40523683, 0.5053879, 0.0 ], [ 123.4034402, 0.5053879, 0.0 ] ] ] } },
{ "type": "Feature", "properties": { "gridcode": 2, "Bhy_Bjr": "Sedang", "Luas_Ha": 15.0000000001, "SMBR_DATA": "Badan Nasional Penanggulangan Bencana (BNPB), 2015", "WADMPR": "Gorontalo" }, "geometry": { "type": "Polygon", "coordinates": [ [ [ 123.47350879, 0.51077758, 0.0 ], [ 123.47261047, 0.51077758, 0.0 ], [ 123.47261047, 0.51167586, 0.0 ], [ 123.47171216, 0.51167586, 0.0 ], [ 123.47171216, 0.50718446, 0.0 ], [ 123.47081384, 0.50718446, 0.0 ], [ 123.47081384, 0.50448962, 0.0 ], [ 123.47171216, 0.50448962, 0.0 ], [ 123.47171216, 0.5053879, 0.0 ], [ 123.47261047, 0.5053879, 0.0 ], [ 123.47261047, 0.50628618, 0.0 ], [ 123.47350879, 0.50628618, 0.0 ], [ 123.47350879, 0.5098793, 0.0 ], [ 123.47350879, 0.51077758, 0.0 ] ] ] } },
{ "type": "Feature", "properties": { "gridcode": 2, "Bhy_Bjr": "Sedang", "Luas_Ha": 9.9999999996300009, "SMBR_DATA": "Badan Nasional Penanggulangan Bencana (BNPB), 2015", "WADMPR": "Gorontalo" }, "geometry": { "type": "Polygon", "coordinates": [ [ [ 123.4860852, 0.50448962, 0.0 ], [ 123.4860852, 0.50898102, 0.0 ], [ 123.48518689, 0.50898102, 0.0 ], [ 123.48518689, 0.50808274, 0.0 ], [ 123.48428857, 0.50808274, 0.0 ], [ 123.48428857, 0.50718446, 0.0 ], [ 123.48249194, 0.50718446, 0.0 ], [ 123.48249194, 0.50628618, 0.0 ], [ 123.48339026, 0.50628618, 0.0 ], [ 123.48428857, 0.50628618, 0.0 ], [ 123.48428857, 0.5053879, 0.0 ], [ 123.48518689, 0.5053879, 0.0 ], [ 123.48518689, 0.50448962, 0.0 ], [ 123.4860852, 0.50448962, 0.0 ] ] ] } },
{ "type": "Feature", "properties": { "gridcode": 1, "Bhy_Bjr": "Rendah", "Luas_Ha": 117.0, "SMBR_DATA": "Badan Nasional Penanggulangan Bencana (BNPB), 2015", "WADMPR": "Gorontalo" }, "geometry": { "type": "Polygon", "coordinates": [ [ [ 123.25521818, 0.50359134, 0.0 ], [ 123.25521818, 0.50612079, 0.0 ], [ 123.25521818, 0.50692815, 0.0 ], [ 123.25521818, 0.50718446, 0.0 ], [ 123.25342154, 0.50718446, 0.0 ], [ 123.25342154, 0.50808274, 0.0 ], [ 123.25162491, 0.50808274, 0.0 ], [ 123.25162491, 0.50898102, 0.0 ], [ 123.24982828, 0.50898102, 0.0 ], [ 123.24982828, 0.5098793, 0.0 ], [ 123.24892997, 0.5098793, 0.0 ], [ 123.24892997, 0.51077758, 0.0 ], [ 123.24713334, 0.51077758, 0.0 ], [ 123.24713334, 0.51167586, 0.0 ], [ 123.24533671, 0.51167586, 0.0 ], [ 123.24533671, 0.51257414, 0.0 ], [ 123.24443839, 0.51257414, 0.0 ], [ 123.24443839, 0.51347242, 0.0 ], [ 123.24264176, 0.51347242, 0.0 ], [ 123.24264176, 0.51257414, 0.0 ], [ 123.24174345, 0.51257414, 0.0 ], [ 123.24174345, 0.51347242, 0.0 ], [ 123.24043107, 0.51347242, 0.0 ], [ 123.2390485, 0.51347242, 0.0 ], [ 123.2390485, 0.5143707, 0.0 ], [ 123.23635355, 0.5143707, 0.0 ], [ 123.23635355, 0.51526898, 0.0 ], [ 123.23545524, 0.51526898, 0.0 ], [ 123.23545524, 0.51616726, 0.0 ], [ 123.23096366, 0.51616726, 0.0 ], [ 123.23096366, 0.51526898, 0.0 ], [ 123.22916703, 0.51526898, 0.0 ], [ 123.22916703, 0.5143707, 0.0 ], [ 123.22826872, 0.5143707, 0.0 ], [ 123.22826872, 0.51347242, 0.0 ], [ 123.22916703, 0.51347242, 0.0 ], [ 123.22916703, 0.51257414, 0.0 ], [ 123.23186198, 0.51257414, 0.0 ], [ 123.23186198, 0.51217106, 0.0 ], [ 123.23186198, 0.51167586, 0.0 ], [ 123.23365861, 0.51167586, 0.0 ], [ 123.23365861, 0.51077758, 0.0 ], [ 123.23635355, 0.51077758, 0.0 ], [ 123.23635355, 0.51167586, 0.0 ], [ 123.23545524, 0.51167586, 0.0 ], [ 123.23545524, 0.51179181, 0.0 ], [ 123.23545524, 0.51257414, 0.0 ], [ 123.23815019, 0.51257414, 0.0 ], [ 123.23815019, 0.51218078, 0.0 ], [ 123.23815019, 0.51167586, 0.0 ], [ 123.23725187, 0.51167586, 0.0 ], [ 123.23725187, 0.51077758, 0.0 ], [ 123.23725187, 0.5098793, 0.0 ], [ 123.2390485, 0.5098793, 0.0 ], [ 123.2390485, 0.50898102, 0.0 ], [ 123.24174345, 0.50898102, 0.0 ], [ 123.24533671, 0.50898102, 0.0 ], [ 123.24533671, 0.50909011, 0.0 ], [ 123.24533671, 0.5098793, 0.0 ], [ 123.24623502, 0.5098793, 0.0 ], [ 123.24623502, 0.50870909, 0.0 ], [ 123.24623502, 0.50808274, 0.0 ], [ 123.24768412, 0.50808274, 0.0 ], [ 123.24803165, 0.50808274, 0.0 ], [ 123.24803165, 0.50791768, 0.0 ], [ 123.24803165, 0.50718446, 0.0 ], [ 123.24892997, 0.50718446, 0.0 ], [ 123.24892997, 0.50628618, 0.0 ], [ 123.25133808, 0.50628618, 0.0 ], [ 123.25162491, 0.50628618, 0.0 ], [ 123.25162491, 0.5053879, 0.0 ], [ 123.25342154, 0.5053879, 0.0 ], [ 123.25342154, 0.50359134, 0.0 ], [ 123.25521818, 0.50359134, 0.0 ] ], [ [ 123.23455692, 0.51257414, 0.0 ], [ 123.23365861, 0.51257414, 0.0 ], [ 123.23365861, 0.51347242, 0.0 ], [ 123.23455692, 0.51347242, 0.0 ], [ 123.23455692, 0.51257414, 0.0 ] ] ] } },
{ "type": "Feature", "properties": { "gridcode": 1, "Bhy_Bjr": "Rendah", "Luas_Ha": 1.00000000003, "SMBR_DATA": "Badan Nasional Penanggulangan Bencana (BNPB), 2015", "WADMPR": "Gorontalo" }, "geometry": { "type": "Polygon", "coordinates": [ [ [ 123.25970975, 0.50359134, 0.0 ], [ 123.25970975, 0.50448962, 0.0 ], [ 123.25881144, 0.50448962, 0.0 ], [ 123.25881144, 0.50378455, 0.0 ], [ 123.25881144, 0.50359134, 0.0 ], [ 123.25908654, 0.50359134, 0.0 ], [ 123.25970975, 0.50359134, 0.0 ] ] ] } },
{ "type": "Feature", "properties": { "gridcode": 2, "Bhy_Bjr": "Sedang", "Luas_Ha": 4.0000000001, "SMBR_DATA": "Badan Nasional Penanggulangan Bencana (BNPB), 2015", "WADMPR": "Gorontalo" }, "geometry": { "type": "Polygon", "coordinates": [ [ [ 123.40074525, 0.5053879, 0.0 ], [ 123.39894862, 0.5053879, 0.0 ], [ 123.39894862, 0.50448962, 0.0 ], [ 123.39984694, 0.50448962, 0.0 ], [ 123.39984694, 0.50359134, 0.0 ], [ 123.40164357, 0.50359134, 0.0 ], [ 123.40164357, 0.50448962, 0.0 ], [ 123.40074525, 0.50448962, 0.0 ], [ 123.40074525, 0.5053879, 0.0 ] ] ] } },
{ "type": "Feature", "properties": { "gridcode": 1, "Bhy_Bjr": "Rendah", "Luas_Ha": 12.9999999999, "SMBR_DATA": "Badan Nasional Penanggulangan Bencana (BNPB), 2015", "WADMPR": "Gorontalo" }, "geometry": { "type": "Polygon", "coordinates": [ [ [ 123.47620374, 0.50718446, 0.0 ], [ 123.47620374, 0.50898102, 0.0 ], [ 123.47530542, 0.50898102, 0.0 ], [ 123.47530542, 0.5098793, 0.0 ], [ 123.47350879, 0.5098793, 0.0 ], [ 123.47350879, 0.50628618, 0.0 ], [ 123.4744071, 0.50628618, 0.0 ], [ 123.4744071, 0.50448962, 0.0 ], [ 123.4744071, 0.50359134, 0.0 ], [ 123.47530542, 0.50359134, 0.0 ], [ 123.47530542, 0.50718446, 0.0 ], [ 123.47620374, 0.50718446, 0.0 ] ] ] } },
{ "type": "Feature", "properties": { "gridcode": 2, "Bhy_Bjr": "Sedang", "Luas_Ha": 1.00000000003, "SMBR_DATA": "Badan Nasional Penanggulangan Bencana (BNPB), 2015", "WADMPR": "Gorontalo" }, "geometry": { "type": "Polygon", "coordinates": [ [ [ 123.40613514, 0.50359134, 0.0 ], [ 123.40523683, 0.50359134, 0.0 ], [ 123.40523683, 0.50269306, 0.0 ], [ 123.40613514, 0.50269306, 0.0 ], [ 123.40613514, 0.50359134, 0.0 ] ] ] } },
{ "type": "Feature", "properties": { "gridcode": 2, "Bhy_Bjr": "Sedang", "Luas_Ha": 11.0000000002, "SMBR_DATA": "Badan Nasional Penanggulangan Bencana (BNPB), 2015", "WADMPR": "Gorontalo" }, "geometry": { "type": "Polygon", "coordinates": [ [ [ 123.4681189, 0.50359134, 0.0 ], [ 123.4681189, 0.5053879, 0.0 ], [ 123.46722058, 0.5053879, 0.0 ], [ 123.46722058, 0.50448962, 0.0 ], [ 123.46452564, 0.50448962, 0.0 ], [ 123.46452564, 0.50359134, 0.0 ], [ 123.46362732, 0.50359134, 0.0 ], [ 123.46362732, 0.50269306, 0.0 ], [ 123.46542395, 0.50269306, 0.0 ], [ 123.46542395, 0.50179478, 0.0 ], [ 123.46722058, 0.50179478, 0.0 ], [ 123.46722058, 0.50359134, 0.0 ], [ 123.4681189, 0.50359134, 0.0 ] ] ] } },
{ "type": "Feature", "properties": { "gridcode": 1, "Bhy_Bjr": "Rendah", "Luas_Ha": 0.99999999996, "SMBR_DATA": "Badan Nasional Penanggulangan Bencana (BNPB), 2015", "WADMPR": "Gorontalo" }, "geometry": { "type": "Polygon", "coordinates": [ [ [ 123.48518689, 0.50179478, 0.0 ], [ 123.4860852, 0.50179478, 0.0 ], [ 123.4860852, 0.50269306, 0.0 ], [ 123.48518689, 0.50269306, 0.0 ], [ 123.48518689, 0.50179478, 0.0 ] ] ] } },
{ "type": "Feature", "properties": { "gridcode": 2, "Bhy_Bjr": "Sedang", "Luas_Ha": 3.00000000009, "SMBR_DATA": "Badan Nasional Penanggulangan Bencana (BNPB), 2015", "WADMPR": "Gorontalo" }, "geometry": { "type": "Polygon", "coordinates": [ [ [ 123.49686499, 0.50359134, 0.0 ], [ 123.49686499, 0.50269306, 0.0 ], [ 123.4977633, 0.50269306, 0.0 ], [ 123.4977633, 0.50179478, 0.0 ], [ 123.49866162, 0.50179478, 0.0 ], [ 123.49866162, 0.50359134, 0.0 ], [ 123.49686499, 0.50359134, 0.0 ] ] ] } },
{ "type": "Feature", "properties": { "gridcode": 2, "Bhy_Bjr": "Sedang", "Luas_Ha": 1.00000000003, "SMBR_DATA": "Badan Nasional Penanggulangan Bencana (BNPB), 2015", "WADMPR": "Gorontalo" }, "geometry": { "type": "Polygon", "coordinates": [ [ [ 123.50045825, 0.50179478, 0.0 ], [ 123.50045825, 0.50269306, 0.0 ], [ 123.49955993, 0.50269306, 0.0 ], [ 123.49955993, 0.50179478, 0.0 ], [ 123.50045825, 0.50179478, 0.0 ] ] ] } },
{ "type": "Feature", "properties": { "gridcode": 1, "Bhy_Bjr": "Rendah", "Luas_Ha": 2.99999999994, "SMBR_DATA": "Badan Nasional Penanggulangan Bencana (BNPB), 2015", "WADMPR": "Gorontalo" }, "geometry": { "type": "Polygon", "coordinates": [ [ [ 123.50854309, 0.50269306, 0.0 ], [ 123.50854309, 0.50359134, 0.0 ], [ 123.50674645, 0.50359134, 0.0 ], [ 123.50674645, 0.50269306, 0.0 ], [ 123.50764477, 0.50269306, 0.0 ], [ 123.50764477, 0.50179478, 0.0 ], [ 123.50854309, 0.50179478, 0.0 ], [ 123.50854309, 0.50269306, 0.0 ] ] ] } },
{ "type": "Feature", "properties": { "gridcode": 2, "Bhy_Bjr": "Sedang", "Luas_Ha": 1.00000000001, "SMBR_DATA": "Badan Nasional Penanggulangan Bencana (BNPB), 2015", "WADMPR": "Gorontalo" }, "geometry": { "type": "Polygon", "coordinates": [ [ [ 123.50854309, 0.50179478, 0.0 ], [ 123.5094414, 0.50179478, 0.0 ], [ 123.5094414, 0.50269306, 0.0 ], [ 123.50854309, 0.50269306, 0.0 ], [ 123.50854309, 0.50179478, 0.0 ] ] ] } },
{ "type": "Feature", "properties": { "gridcode": 2, "Bhy_Bjr": "Sedang", "Luas_Ha": 3.99999999998, "SMBR_DATA": "Badan Nasional Penanggulangan Bencana (BNPB), 2015", "WADMPR": "Gorontalo" }, "geometry": { "type": "Polygon", "coordinates": [ [ [ 123.46901721, 0.5008965, 0.0 ], [ 123.46991553, 0.5008965, 0.0 ], [ 123.46991553, 0.50359134, 0.0 ], [ 123.4681189, 0.50359134, 0.0 ], [ 123.4681189, 0.50269306, 0.0 ], [ 123.46901721, 0.50269306, 0.0 ], [ 123.46901721, 0.5008965, 0.0 ] ] ] } },
{ "type": "Feature", "properties": { "gridcode": 2, "Bhy_Bjr": "Sedang", "Luas_Ha": 0.99999999994, "SMBR_DATA": "Badan Nasional Penanggulangan Bencana (BNPB), 2015", "WADMPR": "Gorontalo" }, "geometry": { "type": "Polygon", "coordinates": [ [ [ 123.50045825, 0.5008965, 0.0 ], [ 123.50135656, 0.5008965, 0.0 ], [ 123.50135656, 0.50179478, 0.0 ], [ 123.50045825, 0.50179478, 0.0 ], [ 123.50045825, 0.5008965, 0.0 ] ] ] } },
{ "type": "Feature", "properties": { "gridcode": 1, "Bhy_Bjr": "Rendah", "Luas_Ha": 0.99999999996, "SMBR_DATA": "Badan Nasional Penanggulangan Bencana (BNPB), 2015", "WADMPR": "Gorontalo" }, "geometry": { "type": "Polygon", "coordinates": [ [ [ 123.50674645, 0.5008965, 0.0 ], [ 123.50764477, 0.5008965, 0.0 ], [ 123.50764477, 0.50179478, 0.0 ], [ 123.50674645, 0.50179478, 0.0 ], [ 123.50674645, 0.5008965, 0.0 ] ] ] } },
{ "type": "Feature", "properties": { "gridcode": 2, "Bhy_Bjr": "Sedang", "Luas_Ha": 15.9999999999, "SMBR_DATA": "Badan Nasional Penanggulangan Bencana (BNPB), 2015", "WADMPR": "Gorontalo" }, "geometry": { "type": "Polygon", "coordinates": [ [ [ 123.25881144, 0.49999822, 0.0 ], [ 123.25881144, 0.5008965, 0.0 ], [ 123.25970975, 0.5008965, 0.0 ], [ 123.25970975, 0.50299519, 0.0 ], [ 123.25970975, 0.50359134, 0.0 ], [ 123.25908654, 0.50359134, 0.0 ], [ 123.25881144, 0.50359134, 0.0 ], [ 123.25701481, 0.50359134, 0.0 ], [ 123.25701481, 0.50269306, 0.0 ], [ 123.25611649, 0.50269306, 0.0 ], [ 123.25611649, 0.50359134, 0.0 ], [ 123.25521818, 0.50359134, 0.0 ], [ 123.25342154, 0.50359134, 0.0 ], [ 123.25342154, 0.50269306, 0.0 ], [ 123.25521818, 0.50269306, 0.0 ], [ 123.25521818, 0.50179478, 0.0 ], [ 123.25701481, 0.50179478, 0.0 ], [ 123.25701481, 0.49999822, 0.0 ], [ 123.25881144, 0.49999822, 0.0 ] ] ] } },
{ "type": "Feature", "properties": { "gridcode": 1, "Bhy_Bjr": "Rendah", "Luas_Ha": 0.99999999996, "SMBR_DATA": "Badan Nasional Penanggulangan Bencana (BNPB), 2015", "WADMPR": "Gorontalo" }, "geometry": { "type": "Polygon", "coordinates": [ [ [ 123.26779459, 0.49999822, 0.0 ], [ 123.2686929, 0.49999822, 0.0 ], [ 123.2686929, 0.5008965, 0.0 ], [ 123.26779459, 0.5008965, 0.0 ], [ 123.26779459, 0.49999822, 0.0 ] ] ] } },
{ "type": "Feature", "properties": { "gridcode": 3, "Bhy_Bjr": "Tinggi", "Luas_Ha": 1.00000000001, "SMBR_DATA": "Badan Nasional Penanggulangan Bencana (BNPB), 2015", "WADMPR": "Gorontalo" }, "geometry": { "type": "Polygon", "coordinates": [ [ [ 123.46542395, 0.49999822, 0.0 ], [ 123.46632227, 0.49999822, 0.0 ], [ 123.46632227, 0.5008965, 0.0 ], [ 123.46542395, 0.5008965, 0.0 ], [ 123.46542395, 0.49999822, 0.0 ] ] ] } },
{ "type": "Feature", "properties": { "gridcode": 1, "Bhy_Bjr": "Rendah", "Luas_Ha": 45.0, "SMBR_DATA": "Badan Nasional Penanggulangan Bencana (BNPB), 2015", "WADMPR": "Gorontalo" }, "geometry": { "type": "Polygon", "coordinates": [ [ [ 123.26779459, 0.5008965, 0.0 ], [ 123.26779459, 0.50179478, 0.0 ], [ 123.26689627, 0.50179478, 0.0 ], [ 123.26689627, 0.50269306, 0.0 ], [ 123.26599796, 0.50269306, 0.0 ], [ 123.26599796, 0.50359134, 0.0 ], [ 123.26509964, 0.50359134, 0.0 ], [ 123.26509964, 0.50448962, 0.0 ], [ 123.26420133, 0.50448962, 0.0 ], [ 123.26420133, 0.5053879, 0.0 ], [ 123.2624047, 0.5053879, 0.0 ], [ 123.2624047, 0.50628618, 0.0 ], [ 123.25970975, 0.50628618, 0.0 ], [ 123.25970975, 0.50448962, 0.0 ], [ 123.26060807, 0.50448962, 0.0 ], [ 123.26060807, 0.50359134, 0.0 ], [ 123.25970975, 0.50359134, 0.0 ], [ 123.25970975, 0.50299519, 0.0 ], [ 123.25970975, 0.5008965, 0.0 ], [ 123.25881144, 0.5008965, 0.0 ], [ 123.25881144, 0.49999822, 0.0 ], [ 123.26060807, 0.49999822, 0.0 ], [ 123.26060807, 0.49909994, 0.0 ], [ 123.26150638, 0.49909994, 0.0 ], [ 123.26150638, 0.49999822, 0.0 ], [ 123.26420133, 0.49999822, 0.0 ], [ 123.26420133, 0.50041931, 0.0 ], [ 123.26420133, 0.5008965, 0.0 ], [ 123.26599796, 0.5008965, 0.0 ], [ 123.26599796, 0.49999822, 0.0 ], [ 123.26689627, 0.49999822, 0.0 ], [ 123.26689627, 0.5008965, 0.0 ], [ 123.26779459, 0.5008965, 0.0 ] ] ] } },
{ "type": "Feature", "properties": { "gridcode": 2, "Bhy_Bjr": "Sedang", "Luas_Ha": 9.99999999988, "SMBR_DATA": "Badan Nasional Penanggulangan Bencana (BNPB), 2015", "WADMPR": "Gorontalo" }, "geometry": { "type": "Polygon", "coordinates": [ [ [ 123.46542395, 0.5008965, 0.0 ], [ 123.46452564, 0.5008965, 0.0 ], [ 123.46452564, 0.50179478, 0.0 ], [ 123.46272901, 0.50179478, 0.0 ], [ 123.46272901, 0.5008965, 0.0 ], [ 123.46183069, 0.5008965, 0.0 ], [ 123.46183069, 0.49999822, 0.0 ], [ 123.46183069, 0.49909994, 0.0 ], [ 123.46542395, 0.49909994, 0.0 ], [ 123.46542395, 0.49999822, 0.0 ], [ 123.46542395, 0.5008965, 0.0 ] ] ] } },
{ "type": "Feature", "properties": { "gridcode": 3, "Bhy_Bjr": "Tinggi", "Luas_Ha": 11.9999999997, "SMBR_DATA": "Badan Nasional Penanggulangan Bencana (BNPB), 2015", "WADMPR": "Gorontalo" }, "geometry": { "type": "Polygon", "coordinates": [ [ [ 123.48159363, 0.50269306, 0.0 ], [ 123.48159363, 0.50359134, 0.0 ], [ 123.479797, 0.50359134, 0.0 ], [ 123.479797, 0.50269306, 0.0 ], [ 123.47889868, 0.50269306, 0.0 ], [ 123.47889868, 0.50179478, 0.0 ], [ 123.47710205, 0.50179478, 0.0 ], [ 123.47710205, 0.5008965, 0.0 ], [ 123.47800037, 0.5008965, 0.0 ], [ 123.47800037, 0.49999822, 0.0 ], [ 123.47889868, 0.49999822, 0.0 ], [ 123.47889868, 0.49909994, 0.0 ], [ 123.479797, 0.49909994, 0.0 ], [ 123.479797, 0.49999822, 0.0 ], [ 123.48069531, 0.49999822, 0.0 ], [ 123.48069531, 0.50269306, 0.0 ], [ 123.48159363, 0.50269306, 0.0 ] ] ] } },
{ "type": "Feature", "properties": { "gridcode": 2, "Bhy_Bjr": "Sedang", "Luas_Ha": 1.99999999998, "SMBR_DATA": "Badan Nasional Penanggulangan Bencana (BNPB), 2015", "WADMPR": "Gorontalo" }, "geometry": { "type": "Polygon", "coordinates": [ [ [ 123.4977633, 0.49909994, 0.0 ], [ 123.4977633, 0.49999822, 0.0 ], [ 123.49596667, 0.49999822, 0.0 ], [ 123.49596667, 0.49909994, 0.0 ], [ 123.4977633, 0.49909994, 0.0 ] ] ] } },
{ "type": "Feature", "properties": { "gridcode": 2, "Bhy_Bjr": "Sedang", "Luas_Ha": 3.00000000005, "SMBR_DATA": "Badan Nasional Penanggulangan Bencana (BNPB), 2015", "WADMPR": "Gorontalo" }, "geometry": { "type": "Polygon", "coordinates": [ [ [ 123.46183069, 0.49909994, 0.0 ], [ 123.46093238, 0.49909994, 0.0 ], [ 123.46093238, 0.49999822, 0.0 ], [ 123.46003406, 0.49999822, 0.0 ], [ 123.46003406, 0.49820165, 0.0 ], [ 123.46183069, 0.49820165, 0.0 ], [ 123.46183069, 0.49909994, 0.0 ] ] ] } },
{ "type": "Feature", "properties": { "gridcode": 2, "Bhy_Bjr": "Sedang", "Luas_Ha": 3.99999999993, "SMBR_DATA": "Badan Nasional Penanggulangan Bencana (BNPB), 2015", "WADMPR": "Gorontalo" }, "geometry": { "type": "Polygon", "coordinates": [ [ [ 123.46901721, 0.49999822, 0.0 ], [ 123.4681189, 0.49999822, 0.0 ], [ 123.4681189, 0.5008965, 0.0 ], [ 123.46722058, 0.5008965, 0.0 ], [ 123.46722058, 0.49909994, 0.0 ], [ 123.4681189, 0.49909994, 0.0 ], [ 123.4681189, 0.49820165, 0.0 ], [ 123.46901721, 0.49820165, 0.0 ], [ 123.46901721, 0.49999822, 0.0 ] ] ] } },
{ "type": "Feature", "properties": { "gridcode": 2, "Bhy_Bjr": "Sedang", "Luas_Ha": 23.9999999998, "SMBR_DATA": "Badan Nasional Penanggulangan Bencana (BNPB), 2015", "WADMPR": "Gorontalo" }, "geometry": { "type": "Polygon", "coordinates": [ [ [ 123.47350879, 0.49820165, 0.0 ], [ 123.4744071, 0.49820165, 0.0 ], [ 123.4744071, 0.49909994, 0.0 ], [ 123.47530542, 0.49909994, 0.0 ], [ 123.47530542, 0.50269306, 0.0 ], [ 123.47710205, 0.50269306, 0.0 ], [ 123.47710205, 0.50718446, 0.0 ], [ 123.47620374, 0.50718446, 0.0 ], [ 123.47530542, 0.50718446, 0.0 ], [ 123.47530542, 0.50359134, 0.0 ], [ 123.4744071, 0.50359134, 0.0 ], [ 123.4744071, 0.50448962, 0.0 ], [ 123.47261047, 0.50448962, 0.0 ], [ 123.47261047, 0.50359134, 0.0 ], [ 123.47261047, 0.50269306, 0.0 ], [ 123.4744071, 0.50269306, 0.0 ], [ 123.4744071, 0.50179478, 0.0 ], [ 123.47261047, 0.50179478, 0.0 ], [ 123.47261047, 0.5008965, 0.0 ], [ 123.47350879, 0.5008965, 0.0 ], [ 123.47350879, 0.49820165, 0.0 ] ] ] } },
{ "type": "Feature", "properties": { "gridcode": 2, "Bhy_Bjr": "Sedang", "Luas_Ha": 4.0000000001, "SMBR_DATA": "Badan Nasional Penanggulangan Bencana (BNPB), 2015", "WADMPR": "Gorontalo" }, "geometry": { "type": "Polygon", "coordinates": [ [ [ 123.49955993, 0.49820165, 0.0 ], [ 123.50045825, 0.49820165, 0.0 ], [ 123.50045825, 0.5008965, 0.0 ], [ 123.49955993, 0.5008965, 0.0 ], [ 123.49955993, 0.49999822, 0.0 ], [ 123.49866162, 0.49999822, 0.0 ], [ 123.49866162, 0.49909994, 0.0 ], [ 123.49955993, 0.49909994, 0.0 ], [ 123.49955993, 0.49820165, 0.0 ] ] ] } },
{ "type": "Feature", "properties": { "gridcode": 2, "Bhy_Bjr": "Sedang", "Luas_Ha": 3.99999999998, "SMBR_DATA": "Badan Nasional Penanggulangan Bencana (BNPB), 2015", "WADMPR": "Gorontalo" }, "geometry": { "type": "Polygon", "coordinates": [ [ [ 123.50315319, 0.49820165, 0.0 ], [ 123.50405151, 0.49820165, 0.0 ], [ 123.50405151, 0.50179478, 0.0 ], [ 123.50315319, 0.50179478, 0.0 ], [ 123.50315319, 0.49820165, 0.0 ] ] ] } },
{ "type": "Feature", "properties": { "gridcode": 2, "Bhy_Bjr": "Sedang", "Luas_Ha": 0.99999999996, "SMBR_DATA": "Badan Nasional Penanggulangan Bencana (BNPB), 2015", "WADMPR": "Gorontalo" }, "geometry": { "type": "Polygon", "coordinates": [ [ [ 123.50764477, 0.49909994, 0.0 ], [ 123.50764477, 0.49820165, 0.0 ], [ 123.50854309, 0.49820165, 0.0 ], [ 123.50854309, 0.49909994, 0.0 ], [ 123.50764477, 0.49909994, 0.0 ] ] ] } },
{ "type": "Feature", "properties": { "gridcode": 2, "Bhy_Bjr": "Sedang", "Luas_Ha": 2.00000000006, "SMBR_DATA": "Badan Nasional Penanggulangan Bencana (BNPB), 2015", "WADMPR": "Gorontalo" }, "geometry": { "type": "Polygon", "coordinates": [ [ [ 123.51033972, 0.49820165, 0.0 ], [ 123.51033972, 0.49999822, 0.0 ], [ 123.5094414, 0.49999822, 0.0 ], [ 123.5094414, 0.49820165, 0.0 ], [ 123.51033972, 0.49820165, 0.0 ] ] ] } },
{ "type": "Feature", "properties": { "gridcode": 3, "Bhy_Bjr": "Tinggi", "Luas_Ha": 4.00000000008, "SMBR_DATA": "Badan Nasional Penanggulangan Bencana (BNPB), 2015", "WADMPR": "Gorontalo" }, "geometry": { "type": "Polygon", "coordinates": [ [ [ 123.51033972, 0.49820165, 0.0 ], [ 123.51123803, 0.49820165, 0.0 ], [ 123.51123803, 0.49909994, 0.0 ], [ 123.51213635, 0.49909994, 0.0 ], [ 123.51213635, 0.5008965, 0.0 ], [ 123.51123803, 0.5008965, 0.0 ], [ 123.51123803, 0.49999822, 0.0 ], [ 123.51033972, 0.49999822, 0.0 ], [ 123.51033972, 0.49820165, 0.0 ] ] ] } },
{ "type": "Feature", "properties": { "gridcode": 2, "Bhy_Bjr": "Sedang", "Luas_Ha": 1.00000000003, "SMBR_DATA": "Badan Nasional Penanggulangan Bencana (BNPB), 2015", "WADMPR": "Gorontalo" }, "geometry": { "type": "Polygon", "coordinates": [ [ [ 123.51752624, 0.49820165, 0.0 ], [ 123.51752624, 0.49909994, 0.0 ], [ 123.51662792, 0.49909994, 0.0 ], [ 123.51662792, 0.49820165, 0.0 ], [ 123.51752624, 0.49820165, 0.0 ] ] ] } },
{ "type": "Feature", "properties": { "gridcode": 1, "Bhy_Bjr": "Rendah", "Luas_Ha": 6.00000000008, "SMBR_DATA": "Badan Nasional Penanggulangan Bencana (BNPB), 2015", "WADMPR": "Gorontalo" }, "geometry": { "type": "Polygon", "coordinates": [ [ [ 123.52022118, 0.49909994, 0.0 ], [ 123.52022118, 0.49999822, 0.0 ], [ 123.51752624, 0.49999822, 0.0 ], [ 123.51752624, 0.5008965, 0.0 ], [ 123.51662792, 0.5008965, 0.0 ], [ 123.51662792, 0.49999822, 0.0 ], [ 123.51662792, 0.49909994, 0.0 ], [ 123.51752624, 0.49909994, 0.0 ], [ 123.51752624, 0.49820165, 0.0 ], [ 123.51842455, 0.49820165, 0.0 ], [ 123.51842455, 0.49909994, 0.0 ], [ 123.52022118, 0.49909994, 0.0 ] ] ] } },
{ "type": "Feature", "properties": { "gridcode": 2, "Bhy_Bjr": "Sedang", "Luas_Ha": 6.00000000012, "SMBR_DATA": "Badan Nasional Penanggulangan Bencana (BNPB), 2015", "WADMPR": "Gorontalo" }, "geometry": { "type": "Polygon", "coordinates": [ [ [ 123.26689627, 0.49730337, 0.0 ], [ 123.26689627, 0.49820165, 0.0 ], [ 123.26779459, 0.49820165, 0.0 ], [ 123.26779459, 0.49939093, 0.0 ], [ 123.26779459, 0.49999822, 0.0 ], [ 123.26689627, 0.49999822, 0.0 ], [ 123.26599796, 0.49999822, 0.0 ], [ 123.26599796, 0.49969492, 0.0 ], [ 123.26599796, 0.49909994, 0.0 ], [ 123.26509964, 0.49909994, 0.0 ], [ 123.26509964, 0.49820165, 0.0 ], [ 123.26599796, 0.49820165, 0.0 ], [ 123.26599796, 0.49730337, 0.0 ], [ 123.26689627, 0.49730337, 0.0 ] ] ] } },
{ "type": "Feature", "properties": { "gridcode": 2, "Bhy_Bjr": "Sedang", "Luas_Ha": 2.00000000006, "SMBR_DATA": "Badan Nasional Penanggulangan Bencana (BNPB), 2015", "WADMPR": "Gorontalo" }, "geometry": { "type": "Polygon", "coordinates": [ [ [ 123.26959122, 0.49820165, 0.0 ], [ 123.26959122, 0.49909994, 0.0 ], [ 123.2686929, 0.49909994, 0.0 ], [ 123.2686929, 0.49730337, 0.0 ], [ 123.26959122, 0.49730337, 0.0 ], [ 123.26959122, 0.49820165, 0.0 ] ] ] } },
{ "type": "Feature", "properties": { "gridcode": 2, "Bhy_Bjr": "Sedang", "Luas_Ha": 1.00000000003, "SMBR_DATA": "Badan Nasional Penanggulangan Bencana (BNPB), 2015", "WADMPR": "Gorontalo" }, "geometry": { "type": "Polygon", "coordinates": [ [ [ 123.46003406, 0.49730337, 0.0 ], [ 123.46003406, 0.49820165, 0.0 ], [ 123.45913574, 0.49820165, 0.0 ], [ 123.45913574, 0.49730337, 0.0 ], [ 123.46003406, 0.49730337, 0.0 ] ] ] } },
{ "type": "Feature", "properties": { "gridcode": 1, "Bhy_Bjr": "Rendah", "Luas_Ha": 241.0, "SMBR_DATA": "Badan Nasional Penanggulangan Bencana (BNPB), 2015", "WADMPR": "Gorontalo" }, "geometry": { "type": "Polygon", "coordinates": [ [ [ 123.49686499, 0.50359134, 0.0 ], [ 123.49686499, 0.50448962, 0.0 ], [ 123.4977633, 0.50448962, 0.0 ], [ 123.4977633, 0.50628618, 0.0 ], [ 123.49955993, 0.50628618, 0.0 ], [ 123.49955993, 0.50718446, 0.0 ], [ 123.50225488, 0.50718446, 0.0 ], [ 123.50225488, 0.5053879, 0.0 ], [ 123.50135656, 0.5053879, 0.0 ], [ 123.50135656, 0.50448962, 0.0 ], [ 123.50494982, 0.50448962, 0.0 ], [ 123.50494982, 0.50359134, 0.0 ], [ 123.50584814, 0.50359134, 0.0 ], [ 123.50584814, 0.50808274, 0.0 ], [ 123.50494982, 0.50808274, 0.0 ], [ 123.50494982, 0.50898102, 0.0 ], [ 123.50405151, 0.50898102, 0.0 ], [ 123.50405151, 0.50808274, 0.0 ], [ 123.50315319, 0.50808274, 0.0 ], [ 123.50315319, 0.50898102, 0.0 ], [ 123.50135656, 0.50898102, 0.0 ], [ 123.50135656, 0.5098793, 0.0 ], [ 123.50225488, 0.5098793, 0.0 ], [ 123.50225488, 0.51167586, 0.0 ], [ 123.50315319, 0.51167586, 0.0 ], [ 123.50315319, 0.51257414, 0.0 ], [ 123.50225488, 0.51257414, 0.0 ], [ 123.50225488, 0.51347242, 0.0 ], [ 123.50135656, 0.51347242, 0.0 ], [ 123.50135656, 0.5143707, 0.0 ], [ 123.50045825, 0.5143707, 0.0 ], [ 123.50045825, 0.51526898, 0.0 ], [ 123.49955993, 0.51526898, 0.0 ], [ 123.49955993, 0.51616726, 0.0 ], [ 123.49686499, 0.51616726, 0.0 ], [ 123.49686499, 0.51706553, 0.0 ], [ 123.49327173, 0.51706553, 0.0 ], [ 123.49327173, 0.51616726, 0.0 ], [ 123.4914751, 0.51616726, 0.0 ], [ 123.4914751, 0.51347242, 0.0 ], [ 123.49057678, 0.51347242, 0.0 ], [ 123.49057678, 0.51257414, 0.0 ], [ 123.48967846, 0.51257414, 0.0 ], [ 123.48967846, 0.51167586, 0.0 ], [ 123.4860852, 0.51167586, 0.0 ], [ 123.4860852, 0.51077758, 0.0 ], [ 123.48878015, 0.51077758, 0.0 ], [ 123.48878015, 0.5098793, 0.0 ], [ 123.48788183, 0.5098793, 0.0 ], [ 123.48788183, 0.50898102, 0.0 ], [ 123.4860852, 0.50898102, 0.0 ], [ 123.4860852, 0.50448962, 0.0 ], [ 123.4860852, 0.50269306, 0.0 ], [ 123.48788183, 0.50269306, 0.0 ], [ 123.48788183, 0.5008965, 0.0 ], [ 123.48518689, 0.5008965, 0.0 ], [ 123.48518689, 0.50179478, 0.0 ], [ 123.48428857, 0.50179478, 0.0 ], [ 123.48428857, 0.49909994, 0.0 ], [ 123.4860852, 0.49909994, 0.0 ], [ 123.4860852, 0.49820165, 0.0 ], [ 123.48698352, 0.49820165, 0.0 ], [ 123.48698352, 0.49730337, 0.0 ], [ 123.48788183, 0.49730337, 0.0 ], [ 123.48788183, 0.49820165, 0.0 ], [ 123.48878015, 0.49820165, 0.0 ], [ 123.48878015, 0.5008965, 0.0 ], [ 123.48967846, 0.5008965, 0.0 ], [ 123.48967846, 0.49999822, 0.0 ], [ 123.49057678, 0.49999822, 0.0 ], [ 123.49057678, 0.49820165, 0.0 ], [ 123.4914751, 0.49820165, 0.0 ], [ 123.4914751, 0.49909994, 0.0 ], [ 123.49327173, 0.49909994, 0.0 ], [ 123.49327173, 0.5008965, 0.0 ], [ 123.49237341, 0.5008965, 0.0 ], [ 123.49237341, 0.50179478, 0.0 ], [ 123.4914751, 0.50179478, 0.0 ], [ 123.4914751, 0.50448962, 0.0 ], [ 123.49327173, 0.50448962, 0.0 ], [ 123.49327173, 0.50269306, 0.0 ], [ 123.49596667, 0.50269306, 0.0 ], [ 123.49596667, 0.50359134, 0.0 ], [ 123.49686499, 0.50359134, 0.0 ] ], [ [ 123.49417004, 0.5053879, 0.0 ], [ 123.49237341, 0.5053879, 0.0 ], [ 123.49237341, 0.50628618, 0.0 ], [ 123.49417004, 0.50628618, 0.0 ], [ 123.49417004, 0.5053879, 0.0 ] ], [ [ 123.49506836, 0.50718446, 0.0 ], [ 123.49327173, 0.50718446, 0.0 ], [ 123.49327173, 0.50808274, 0.0 ], [ 123.49506836, 0.50808274, 0.0 ], [ 123.49506836, 0.50718446, 0.0 ] ], [ [ 123.49866162, 0.50898102, 0.0 ], [ 123.49686499, 0.50898102, 0.0 ], [ 123.49686499, 0.5098793, 0.0 ], [ 123.4977633, 0.5098793, 0.0 ], [ 123.4977633, 0.51077758, 0.0 ], [ 123.50045825, 0.51077758, 0.0 ], [ 123.50045825, 0.5098793, 0.0 ], [ 123.49866162, 0.5098793, 0.0 ], [ 123.49866162, 0.50898102, 0.0 ] ], [ [ 123.4914751, 0.5098793, 0.0 ], [ 123.49057678, 0.5098793, 0.0 ], [ 123.49057678, 0.51077758, 0.0 ], [ 123.4914751, 0.51077758, 0.0 ], [ 123.4914751, 0.5098793, 0.0 ] ], [ [ 123.49327173, 0.51167586, 0.0 ], [ 123.4914751, 0.51167586, 0.0 ], [ 123.4914751, 0.51257414, 0.0 ], [ 123.49327173, 0.51257414, 0.0 ], [ 123.49327173, 0.51167586, 0.0 ] ], [ [ 123.49596667, 0.51257414, 0.0 ], [ 123.49417004, 0.51257414, 0.0 ], [ 123.49417004, 0.51347242, 0.0 ], [ 123.49596667, 0.51347242, 0.0 ], [ 123.49596667, 0.51257414, 0.0 ] ], [ [ 123.49596667, 0.5143707, 0.0 ], [ 123.49506836, 0.5143707, 0.0 ], [ 123.49506836, 0.51616726, 0.0 ], [ 123.49596667, 0.51616726, 0.0 ], [ 123.49596667, 0.5143707, 0.0 ] ], [ [ 123.48698352, 0.50448962, 0.0 ], [ 123.48788183, 0.50448962, 0.0 ], [ 123.48788183, 0.50359134, 0.0 ], [ 123.48698352, 0.50359134, 0.0 ], [ 123.48698352, 0.50448962, 0.0 ] ] ] } },
{ "type": "Feature", "properties": { "gridcode": 1, "Bhy_Bjr": "Rendah", "Luas_Ha": 1.00000000003, "SMBR_DATA": "Badan Nasional Penanggulangan Bencana (BNPB), 2015", "WADMPR": "Gorontalo" }, "geometry": { "type": "Polygon", "coordinates": [ [ [ 123.49506836, 0.49730337, 0.0 ], [ 123.49506836, 0.49820165, 0.0 ], [ 123.49417004, 0.49820165, 0.0 ], [ 123.49417004, 0.49730337, 0.0 ], [ 123.49506836, 0.49730337, 0.0 ] ] ] } },
{ "type": "Feature", "properties": { "gridcode": 2, "Bhy_Bjr": "Sedang", "Luas_Ha": 2.00000000002, "SMBR_DATA": "Badan Nasional Penanggulangan Bencana (BNPB), 2015", "WADMPR": "Gorontalo" }, "geometry": { "type": "Polygon", "coordinates": [ [ [ 123.49596667, 0.49730337, 0.0 ], [ 123.49596667, 0.49909994, 0.0 ], [ 123.49506836, 0.49909994, 0.0 ], [ 123.49506836, 0.49820165, 0.0 ], [ 123.49506836, 0.49730337, 0.0 ], [ 123.49596667, 0.49730337, 0.0 ] ] ] } },
{ "type": "Feature", "properties": { "gridcode": 1, "Bhy_Bjr": "Rendah", "Luas_Ha": 13.0000000001, "SMBR_DATA": "Badan Nasional Penanggulangan Bencana (BNPB), 2015", "WADMPR": "Gorontalo" }, "geometry": { "type": "Polygon", "coordinates": [ [ [ 123.52022118, 0.49909994, 0.0 ], [ 123.52022118, 0.49820165, 0.0 ], [ 123.51932287, 0.49820165, 0.0 ], [ 123.51932287, 0.49730337, 0.0 ], [ 123.52201781, 0.49730337, 0.0 ], [ 123.52201781, 0.49820165, 0.0 ], [ 123.52381445, 0.49820165, 0.0 ], [ 123.52381445, 0.49730337, 0.0 ], [ 123.52471276, 0.49730337, 0.0 ], [ 123.52471276, 0.49820165, 0.0 ], [ 123.52561108, 0.49820165, 0.0 ], [ 123.52561108, 0.49909994, 0.0 ], [ 123.52471276, 0.49909994, 0.0 ], [ 123.52471276, 0.49999822, 0.0 ], [ 123.52201781, 0.49999822, 0.0 ], [ 123.52201781, 0.49909994, 0.0 ], [ 123.52022118, 0.49909994, 0.0 ] ] ] } },
{ "type": "Feature", "properties": { "gridcode": 2, "Bhy_Bjr": "Sedang", "Luas_Ha": 2.00000000004, "SMBR_DATA": "Badan Nasional Penanggulangan Bencana (BNPB), 2015", "WADMPR": "Gorontalo" }, "geometry": { "type": "Polygon", "coordinates": [ [ [ 123.26599796, 0.49730337, 0.0 ], [ 123.26420133, 0.49730337, 0.0 ], [ 123.26420133, 0.49640509, 0.0 ], [ 123.26599796, 0.49640509, 0.0 ], [ 123.26599796, 0.49730337, 0.0 ] ] ] } },
{ "type": "Feature", "properties": { "gridcode": 1, "Bhy_Bjr": "Rendah", "Luas_Ha": 5.0, "SMBR_DATA": "Badan Nasional Penanggulangan Bencana (BNPB), 2015", "WADMPR": "Gorontalo" }, "geometry": { "type": "Polygon", "coordinates": [ [ [ 123.43038966, 0.49640509, 0.0 ], [ 123.43038966, 0.49820165, 0.0 ], [ 123.42878795, 0.49820165, 0.0 ], [ 123.42859303, 0.49820165, 0.0 ], [ 123.42859303, 0.49730337, 0.0 ], [ 123.42769471, 0.49730337, 0.0 ], [ 123.42769471, 0.49640509, 0.0 ], [ 123.42859303, 0.49640509, 0.0 ], [ 123.42880485, 0.49640509, 0.0 ], [ 123.43038966, 0.49640509, 0.0 ] ] ] } },
{ "type": "Feature", "properties": { "gridcode": 2, "Bhy_Bjr": "Sedang", "Luas_Ha": 1.00000000003, "SMBR_DATA": "Badan Nasional Penanggulangan Bencana (BNPB), 2015", "WADMPR": "Gorontalo" }, "geometry": { "type": "Polygon", "coordinates": [ [ [ 123.46452564, 0.49640509, 0.0 ], [ 123.46542395, 0.49640509, 0.0 ], [ 123.46542395, 0.49730337, 0.0 ], [ 123.46452564, 0.49730337, 0.0 ], [ 123.46452564, 0.49640509, 0.0 ] ] ] } },
{ "type": "Feature", "properties": { "gridcode": 1, "Bhy_Bjr": "Rendah", "Luas_Ha": 0.99999999996, "SMBR_DATA": "Badan Nasional Penanggulangan Bencana (BNPB), 2015", "WADMPR": "Gorontalo" }, "geometry": { "type": "Polygon", "coordinates": [ [ [ 123.46901721, 0.49640509, 0.0 ], [ 123.46901721, 0.49730337, 0.0 ], [ 123.4681189, 0.49730337, 0.0 ], [ 123.4681189, 0.49640509, 0.0 ], [ 123.46901721, 0.49640509, 0.0 ] ] ] } },
{ "type": "Feature", "properties": { "gridcode": 2, "Bhy_Bjr": "Sedang", "Luas_Ha": 1.00000000003, "SMBR_DATA": "Badan Nasional Penanggulangan Bencana (BNPB), 2015", "WADMPR": "Gorontalo" }, "geometry": { "type": "Polygon", "coordinates": [ [ [ 123.50584814, 0.49640509, 0.0 ], [ 123.50584814, 0.49730337, 0.0 ], [ 123.50494982, 0.49730337, 0.0 ], [ 123.50494982, 0.49640509, 0.0 ], [ 123.50584814, 0.49640509, 0.0 ] ] ] } },
{ "type": "Feature", "properties": { "gridcode": 2, "Bhy_Bjr": "Sedang", "Luas_Ha": 19.0, "SMBR_DATA": "Badan Nasional Penanggulangan Bencana (BNPB), 2015", "WADMPR": "Gorontalo" }, "geometry": { "type": "Polygon", "coordinates": [ [ [ 123.51662792, 0.49999822, 0.0 ], [ 123.51483129, 0.49999822, 0.0 ], [ 123.51483129, 0.5008965, 0.0 ], [ 123.51303466, 0.5008965, 0.0 ], [ 123.51303466, 0.50179478, 0.0 ], [ 123.51213635, 0.50179478, 0.0 ], [ 123.51213635, 0.5008965, 0.0 ], [ 123.51213635, 0.49909994, 0.0 ], [ 123.51123803, 0.49909994, 0.0 ], [ 123.51123803, 0.49820165, 0.0 ], [ 123.51033972, 0.49820165, 0.0 ], [ 123.51033972, 0.49730337, 0.0 ], [ 123.51123803, 0.49730337, 0.0 ], [ 123.51123803, 0.49640509, 0.0 ], [ 123.51213635, 0.49640509, 0.0 ], [ 123.51213635, 0.49730337, 0.0 ], [ 123.51483129, 0.49730337, 0.0 ], [ 123.51483129, 0.49909994, 0.0 ], [ 123.51662792, 0.49909994, 0.0 ], [ 123.51662792, 0.49999822, 0.0 ] ] ] } },
{ "type": "Feature", "properties": { "gridcode": 2, "Bhy_Bjr": "Sedang", "Luas_Ha": 2.99999999985, "SMBR_DATA": "Badan Nasional Penanggulangan Bencana (BNPB), 2015", "WADMPR": "Gorontalo" }, "geometry": { "type": "Polygon", "coordinates": [ [ [ 123.2686929, 0.49550681, 0.0 ], [ 123.2686929, 0.49730337, 0.0 ], [ 123.26689627, 0.49730337, 0.0 ], [ 123.26689627, 0.49640509, 0.0 ], [ 123.26779459, 0.49640509, 0.0 ], [ 123.26779459, 0.49550681, 0.0 ], [ 123.2686929, 0.49550681, 0.0 ] ] ] } },
{ "type": "Feature", "properties": { "gridcode": 3, "Bhy_Bjr": "Tinggi", "Luas_Ha": 4.00000000005, "SMBR_DATA": "Badan Nasional Penanggulangan Bencana (BNPB), 2015", "WADMPR": "Gorontalo" }, "geometry": { "type": "Polygon", "coordinates": [ [ [ 123.2686929, 0.49550681, 0.0 ], [ 123.26959122, 0.49550681, 0.0 ], [ 123.26959122, 0.49640509, 0.0 ], [ 123.27048954, 0.49640509, 0.0 ], [ 123.27048954, 0.49820165, 0.0 ], [ 123.26959122, 0.49820165, 0.0 ], [ 123.26959122, 0.49730337, 0.0 ], [ 123.2686929, 0.49730337, 0.0 ], [ 123.2686929, 0.49550681, 0.0 ] ] ] } },
{ "type": "Feature", "properties": { "gridcode": 1, "Bhy_Bjr": "Rendah", "Luas_Ha": 579.0, "SMBR_DATA": "Badan Nasional Penanggulangan Bencana (BNPB), 2015", "WADMPR": "Gorontalo" }, "geometry": { "type": "Polygon", "coordinates": [ [ [ 123.41421998, 0.52425176, 0.0 ], [ 123.41332167, 0.52425176, 0.0 ], [ 123.41332167, 0.52515004, 0.0 ], [ 123.41242335, 0.52515004, 0.0 ], [ 123.41242335, 0.52604832, 0.0 ], [ 123.41152503, 0.52604832, 0.0 ], [ 123.41152503, 0.52515004, 0.0 ], [ 123.40613514, 0.52515004, 0.0 ], [ 123.40613514, 0.52604832, 0.0 ], [ 123.40433851, 0.52604832, 0.0 ], [ 123.40433851, 0.52694659, 0.0 ], [ 123.4034402, 0.52694659, 0.0 ], [ 123.4034402, 0.52784487, 0.0 ], [ 123.40164357, 0.52784487, 0.0 ], [ 123.40164357, 0.52604832, 0.0 ], [ 123.39984694, 0.52604832, 0.0 ], [ 123.39984694, 0.52694659, 0.0 ], [ 123.39894862, 0.52694659, 0.0 ], [ 123.39894862, 0.52604832, 0.0 ], [ 123.39715199, 0.52604832, 0.0 ], [ 123.39715199, 0.52155693, 0.0 ], [ 123.39894862, 0.52155693, 0.0 ], [ 123.39894862, 0.52065865, 0.0 ], [ 123.40074525, 0.52065865, 0.0 ], [ 123.40074525, 0.51976037, 0.0 ], [ 123.40164357, 0.51976037, 0.0 ], [ 123.40164357, 0.52065865, 0.0 ], [ 123.40254188, 0.52065865, 0.0 ], [ 123.40254188, 0.51976037, 0.0 ], [ 123.40164357, 0.51976037, 0.0 ], [ 123.40164357, 0.51886209, 0.0 ], [ 123.40074525, 0.51886209, 0.0 ], [ 123.40074525, 0.51796381, 0.0 ], [ 123.40074525, 0.51706553, 0.0 ], [ 123.40074525, 0.51616726, 0.0 ], [ 123.40164357, 0.51616726, 0.0 ], [ 123.40164357, 0.51526898, 0.0 ], [ 123.40074525, 0.51526898, 0.0 ], [ 123.40074525, 0.5143707, 0.0 ], [ 123.40254188, 0.5143707, 0.0 ], [ 123.40254188, 0.51077758, 0.0 ], [ 123.40164357, 0.51077758, 0.0 ], [ 123.40164357, 0.5098793, 0.0 ], [ 123.40254188, 0.5098793, 0.0 ], [ 123.40254188, 0.50898102, 0.0 ], [ 123.4034402, 0.50898102, 0.0 ], [ 123.4034402, 0.50808274, 0.0 ], [ 123.40703346, 0.50808274, 0.0 ], [ 123.40703346, 0.50718446, 0.0 ], [ 123.41062672, 0.50718446, 0.0 ], [ 123.41062672, 0.50628618, 0.0 ], [ 123.41242335, 0.50628618, 0.0 ], [ 123.41242335, 0.50269306, 0.0 ], [ 123.41242335, 0.50179478, 0.0 ], [ 123.41242335, 0.5008965, 0.0 ], [ 123.41332167, 0.5008965, 0.0 ], [ 123.41332167, 0.49999822, 0.0 ], [ 123.41421998, 0.49999822, 0.0 ], [ 123.4151183, 0.49999822, 0.0 ], [ 123.4151183, 0.5008965, 0.0 ], [ 123.41691493, 0.5008965, 0.0 ], [ 123.41691493, 0.50179478, 0.0 ], [ 123.41781324, 0.50179478, 0.0 ], [ 123.41781324, 0.50269306, 0.0 ], [ 123.41790505, 0.50269306, 0.0 ], [ 123.41871156, 0.50269306, 0.0 ], [ 123.41871156, 0.50359134, 0.0 ], [ 123.41960987, 0.50359134, 0.0 ], [ 123.41960987, 0.50448962, 0.0 ], [ 123.4214065, 0.50448962, 0.0 ], [ 123.4214065, 0.5053879, 0.0 ], [ 123.42230482, 0.5053879, 0.0 ], [ 123.42230482, 0.50269306, 0.0 ], [ 123.42050819, 0.50269306, 0.0 ], [ 123.42050819, 0.50179478, 0.0 ], [ 123.41960987, 0.50179478, 0.0 ], [ 123.41960987, 0.5008965, 0.0 ], [ 123.41871156, 0.5008965, 0.0 ], [ 123.41871156, 0.49999822, 0.0 ], [ 123.41832673, 0.49999822, 0.0 ], [ 123.41691493, 0.49999822, 0.0 ], [ 123.41691493, 0.49909994, 0.0 ], [ 123.4151183, 0.49909994, 0.0 ], [ 123.4151183, 0.49820165, 0.0 ], [ 123.4151183, 0.49730337, 0.0 ], [ 123.41601661, 0.49730337, 0.0 ], [ 123.41601661, 0.49550681, 0.0 ], [ 123.41781324, 0.49550681, 0.0 ], [ 123.41781324, 0.49640509, 0.0 ], [ 123.4189684, 0.49640509, 0.0 ], [ 123.41960987, 0.49640509, 0.0 ], [ 123.41960987, 0.49820165, 0.0 ], [ 123.42050819, 0.49820165, 0.0 ], [ 123.42050819, 0.49730337, 0.0 ], [ 123.4214065, 0.49730337, 0.0 ], [ 123.4214065, 0.49640509, 0.0 ], [ 123.42320313, 0.49640509, 0.0 ], [ 123.42320313, 0.49730337, 0.0 ], [ 123.42410145, 0.49730337, 0.0 ], [ 123.42410145, 0.49820165, 0.0 ], [ 123.42499976, 0.49820165, 0.0 ], [ 123.42499976, 0.49909994, 0.0 ], [ 123.42679639, 0.49909994, 0.0 ], [ 123.42679639, 0.5008965, 0.0 ], [ 123.42679639, 0.50179478, 0.0 ], [ 123.42679639, 0.50628618, 0.0 ], [ 123.42679639, 0.50808274, 0.0 ], [ 123.42679639, 0.51077758, 0.0 ], [ 123.42589808, 0.51077758, 0.0 ], [ 123.42589808, 0.51167586, 0.0 ], [ 123.42499976, 0.51167586, 0.0 ], [ 123.42499976, 0.51257414, 0.0 ], [ 123.42410145, 0.51257414, 0.0 ], [ 123.42410145, 0.51347242, 0.0 ], [ 123.42320313, 0.51347242, 0.0 ], [ 123.42320313, 0.51616726, 0.0 ], [ 123.42230482, 0.51616726, 0.0 ], [ 123.42230482, 0.51796381, 0.0 ], [ 123.4214065, 0.51796381, 0.0 ], [ 123.4214065, 0.51886209, 0.0 ], [ 123.42050819, 0.51886209, 0.0 ], [ 123.42050819, 0.51909225, 0.0 ], [ 123.42050819, 0.51976037, 0.0 ], [ 123.41871156, 0.51976037, 0.0 ], [ 123.41781324, 0.51976037, 0.0 ], [ 123.41781324, 0.51796381, 0.0 ], [ 123.41601661, 0.51796381, 0.0 ], [ 123.41601661, 0.51976037, 0.0 ], [ 123.41691493, 0.51976037, 0.0 ], [ 123.41691493, 0.52155693, 0.0 ], [ 123.41601661, 0.52155693, 0.0 ], [ 123.4151183, 0.52155693, 0.0 ], [ 123.4151183, 0.5224552, 0.0 ], [ 123.41421998, 0.5224552, 0.0 ], [ 123.41421998, 0.52425176, 0.0 ] ], [ [ 123.41152503, 0.52335348, 0.0 ], [ 123.41152503, 0.52425176, 0.0 ], [ 123.41242335, 0.52425176, 0.0 ], [ 123.41242335, 0.52335348, 0.0 ], [ 123.41152503, 0.52335348, 0.0 ], [ 123.41152503, 0.5224552, 0.0 ], [ 123.41062672, 0.5224552, 0.0 ], [ 123.41062672, 0.52335348, 0.0 ], [ 123.41152503, 0.52335348, 0.0 ] ], [ [ 123.40613514, 0.5224552, 0.0 ], [ 123.40523683, 0.5224552, 0.0 ], [ 123.40523683, 0.52425176, 0.0 ], [ 123.40613514, 0.52425176, 0.0 ], [ 123.40613514, 0.5224552, 0.0 ] ], [ [ 123.40164357, 0.52335348, 0.0 ], [ 123.4034402, 0.52335348, 0.0 ], [ 123.4034402, 0.52425176, 0.0 ], [ 123.40433851, 0.52425176, 0.0 ], [ 123.40433851, 0.5224552, 0.0 ], [ 123.40164357, 0.5224552, 0.0 ], [ 123.40164357, 0.52335348, 0.0 ], [ 123.40074525, 0.52335348, 0.0 ], [ 123.40074525, 0.52425176, 0.0 ], [ 123.40164357, 0.52425176, 0.0 ], [ 123.40164357, 0.52335348, 0.0 ] ], [ [ 123.40793177, 0.51976037, 0.0 ], [ 123.4097284, 0.51976037, 0.0 ], [ 123.4097284, 0.52155693, 0.0 ], [ 123.41062672, 0.52155693, 0.0 ], [ 123.41062672, 0.52065865, 0.0 ], [ 123.41242335, 0.52065865, 0.0 ], [ 123.41242335, 0.51886209, 0.0 ], [ 123.41152503, 0.51886209, 0.0 ], [ 123.41152503, 0.51796381, 0.0 ], [ 123.40883009, 0.51796381, 0.0 ], [ 123.40883009, 0.51706553, 0.0 ], [ 123.4097284, 0.51706553, 0.0 ], [ 123.4097284, 0.51616726, 0.0 ], [ 123.40793177, 0.51616726, 0.0 ], [ 123.40793177, 0.51526898, 0.0 ], [ 123.40613514, 0.51526898, 0.0 ], [ 123.40613514, 0.51796381, 0.0 ], [ 123.40433851, 0.51796381, 0.0 ], [ 123.40433851, 0.51886209, 0.0 ], [ 123.40613514, 0.51886209, 0.0 ], [ 123.40613514, 0.51796381, 0.0 ], [ 123.40793177, 0.51796381, 0.0 ], [ 123.40793177, 0.51976037, 0.0 ], [ 123.40703346, 0.51976037, 0.0 ], [ 123.40703346, 0.52065865, 0.0 ], [ 123.40793177, 0.52065865, 0.0 ], [ 123.40793177, 0.51976037, 0.0 ] ], [ [ 123.40613514, 0.52065865, 0.0 ], [ 123.40523683, 0.52065865, 0.0 ], [ 123.40523683, 0.52155693, 0.0 ], [ 123.40613514, 0.52155693, 0.0 ], [ 123.40613514, 0.52065865, 0.0 ] ], [ [ 123.40613514, 0.51167586, 0.0 ], [ 123.40613514, 0.51257414, 0.0 ], [ 123.40703346, 0.51257414, 0.0 ], [ 123.40703346, 0.51167586, 0.0 ], [ 123.40613514, 0.51167586, 0.0 ], [ 123.40613514, 0.51077758, 0.0 ], [ 123.40523683, 0.51077758, 0.0 ], [ 123.40523683, 0.51167586, 0.0 ], [ 123.40613514, 0.51167586, 0.0 ] ], [ [ 123.42320313, 0.5053879, 0.0 ], [ 123.42499976, 0.5053879, 0.0 ], [ 123.42499976, 0.50448962, 0.0 ], [ 123.42320313, 0.50448962, 0.0 ], [ 123.42320313, 0.5053879, 0.0 ] ] ] } },
{ "type": "Feature", "properties": { "gridcode": 3, "Bhy_Bjr": "Tinggi", "Luas_Ha": 1.99999999999, "SMBR_DATA": "Badan Nasional Penanggulangan Bencana (BNPB), 2015", "WADMPR": "Gorontalo" }, "geometry": { "type": "Polygon", "coordinates": [ [ [ 123.46003406, 0.49550681, 0.0 ], [ 123.46003406, 0.49730337, 0.0 ], [ 123.45913574, 0.49730337, 0.0 ], [ 123.45913574, 0.49550681, 0.0 ], [ 123.46003406, 0.49550681, 0.0 ] ] ] } },
{ "type": "Feature", "properties": { "gridcode": 2, "Bhy_Bjr": "Sedang", "Luas_Ha": 0.99999999996, "SMBR_DATA": "Badan Nasional Penanggulangan Bencana (BNPB), 2015", "WADMPR": "Gorontalo" }, "geometry": { "type": "Polygon", "coordinates": [ [ [ 123.51303466, 0.49550681, 0.0 ], [ 123.51303466, 0.49640509, 0.0 ], [ 123.51213635, 0.49640509, 0.0 ], [ 123.51213635, 0.49550681, 0.0 ], [ 123.51303466, 0.49550681, 0.0 ] ] ] } },
{ "type": "Feature", "properties": { "gridcode": 3, "Bhy_Bjr": "Tinggi", "Luas_Ha": 4.99999999983, "SMBR_DATA": "Badan Nasional Penanggulangan Bencana (BNPB), 2015", "WADMPR": "Gorontalo" }, "geometry": { "type": "Polygon", "coordinates": [ [ [ 123.51303466, 0.49550681, 0.0 ], [ 123.51483129, 0.49550681, 0.0 ], [ 123.51483129, 0.49730337, 0.0 ], [ 123.51213635, 0.49730337, 0.0 ], [ 123.51213635, 0.49640509, 0.0 ], [ 123.51303466, 0.49640509, 0.0 ], [ 123.51303466, 0.49550681, 0.0 ] ] ] } },
{ "type": "Feature", "properties": { "gridcode": 2, "Bhy_Bjr": "Sedang", "Luas_Ha": 0.99999999997, "SMBR_DATA": "Badan Nasional Penanggulangan Bencana (BNPB), 2015", "WADMPR": "Gorontalo" }, "geometry": { "type": "Polygon", "coordinates": [ [ [ 123.40793177, 0.49460853, 0.0 ], [ 123.40793177, 0.49550681, 0.0 ], [ 123.40703346, 0.49550681, 0.0 ], [ 123.40703346, 0.49460853, 0.0 ], [ 123.40793177, 0.49460853, 0.0 ] ] ] } },
{ "type": "Feature", "properties": { "gridcode": 2, "Bhy_Bjr": "Sedang", "Luas_Ha": 1.00000000001, "SMBR_DATA": "Badan Nasional Penanggulangan Bencana (BNPB), 2015", "WADMPR": "Gorontalo" }, "geometry": { "type": "Polygon", "coordinates": [ [ [ 123.43667786, 0.49460853, 0.0 ], [ 123.43667786, 0.49550681, 0.0 ], [ 123.43577955, 0.49550681, 0.0 ], [ 123.43577955, 0.49460853, 0.0 ], [ 123.43667786, 0.49460853, 0.0 ] ] ] } },
{ "type": "Feature", "properties": { "gridcode": 3, "Bhy_Bjr": "Tinggi", "Luas_Ha": 1.00000000003, "SMBR_DATA": "Badan Nasional Penanggulangan Bencana (BNPB), 2015", "WADMPR": "Gorontalo" }, "geometry": { "type": "Polygon", "coordinates": [ [ [ 123.46093238, 0.49460853, 0.0 ], [ 123.46183069, 0.49460853, 0.0 ], [ 123.46183069, 0.49550681, 0.0 ], [ 123.46093238, 0.49550681, 0.0 ], [ 123.46093238, 0.49460853, 0.0 ] ] ] } },
{ "type": "Feature", "properties": { "gridcode": 1, "Bhy_Bjr": "Rendah", "Luas_Ha": 35.000000000299998, "SMBR_DATA": "Badan Nasional Penanggulangan Bencana (BNPB), 2015", "WADMPR": "Gorontalo" }, "geometry": { "type": "Polygon", "coordinates": [ [ [ 123.47261047, 0.50269306, 0.0 ], [ 123.47261047, 0.50359134, 0.0 ], [ 123.46991553, 0.50359134, 0.0 ], [ 123.46991553, 0.5008965, 0.0 ], [ 123.46901721, 0.5008965, 0.0 ], [ 123.46901721, 0.49999822, 0.0 ], [ 123.46901721, 0.49820165, 0.0 ], [ 123.46901721, 0.49730337, 0.0 ], [ 123.46991553, 0.49730337, 0.0 ], [ 123.46991553, 0.49640509, 0.0 ], [ 123.46901721, 0.49640509, 0.0 ], [ 123.46901721, 0.49550681, 0.0 ], [ 123.46991553, 0.49550681, 0.0 ], [ 123.46991553, 0.49460853, 0.0 ], [ 123.47081384, 0.49460853, 0.0 ], [ 123.47081384, 0.49550681, 0.0 ], [ 123.47261047, 0.49550681, 0.0 ], [ 123.47261047, 0.49730337, 0.0 ], [ 123.47171216, 0.49730337, 0.0 ], [ 123.47171216, 0.49820165, 0.0 ], [ 123.47350879, 0.49820165, 0.0 ], [ 123.47350879, 0.5008965, 0.0 ], [ 123.47261047, 0.5008965, 0.0 ], [ 123.47261047, 0.50179478, 0.0 ], [ 123.47261047, 0.50269306, 0.0 ] ] ] } },
{ "type": "Feature", "properties": { "gridcode": 1, "Bhy_Bjr": "Rendah", "Luas_Ha": 10.0000000001, "SMBR_DATA": "Badan Nasional Penanggulangan Bencana (BNPB), 2015", "WADMPR": "Gorontalo" }, "geometry": { "type": "Polygon", "coordinates": [ [ [ 123.48967846, 0.49460853, 0.0 ], [ 123.49057678, 0.49460853, 0.0 ], [ 123.49057678, 0.49820165, 0.0 ], [ 123.48878015, 0.49820165, 0.0 ], [ 123.48878015, 0.49730337, 0.0 ], [ 123.48788183, 0.49730337, 0.0 ], [ 123.48788183, 0.49640509, 0.0 ], [ 123.48788183, 0.49550681, 0.0 ], [ 123.48878015, 0.49550681, 0.0 ], [ 123.48878015, 0.49460853, 0.0 ], [ 123.48967846, 0.49460853, 0.0 ] ] ] } },
{ "type": "Feature", "properties": { "gridcode": 2, "Bhy_Bjr": "Sedang", "Luas_Ha": 16.999999999900002, "SMBR_DATA": "Badan Nasional Penanggulangan Bencana (BNPB), 2015", "WADMPR": "Gorontalo" }, "geometry": { "type": "Polygon", "coordinates": [ [ [ 123.49955993, 0.49820165, 0.0 ], [ 123.49866162, 0.49820165, 0.0 ], [ 123.49866162, 0.49909994, 0.0 ], [ 123.4977633, 0.49909994, 0.0 ], [ 123.4977633, 0.49820165, 0.0 ], [ 123.49686499, 0.49820165, 0.0 ], [ 123.49686499, 0.49730337, 0.0 ], [ 123.49596667, 0.49730337, 0.0 ], [ 123.49596667, 0.49460853, 0.0 ], [ 123.49866162, 0.49460853, 0.0 ], [ 123.49866162, 0.49550681, 0.0 ], [ 123.50045825, 0.49550681, 0.0 ], [ 123.50045825, 0.49730337, 0.0 ], [ 123.49955993, 0.49730337, 0.0 ], [ 123.49955993, 0.49820165, 0.0 ] ] ] } },
{ "type": "Feature", "properties": { "gridcode": 2, "Bhy_Bjr": "Sedang", "Luas_Ha": 4.00000000006, "SMBR_DATA": "Badan Nasional Penanggulangan Bencana (BNPB), 2015", "WADMPR": "Gorontalo" }, "geometry": { "type": "Polygon", "coordinates": [ [ [ 123.41062672, 0.49371025, 0.0 ], [ 123.41062672, 0.49550681, 0.0 ], [ 123.4097284, 0.49550681, 0.0 ], [ 123.4097284, 0.49460853, 0.0 ], [ 123.40793177, 0.49460853, 0.0 ], [ 123.40793177, 0.49371025, 0.0 ], [ 123.41062672, 0.49371025, 0.0 ] ] ] } },
{ "type": "Feature", "properties": { "gridcode": 3, "Bhy_Bjr": "Tinggi", "Luas_Ha": 6.00000000007, "SMBR_DATA": "Badan Nasional Penanggulangan Bencana (BNPB), 2015", "WADMPR": "Gorontalo" }, "geometry": { "type": "Polygon", "coordinates": [ [ [ 123.41242335, 0.49640509, 0.0 ], [ 123.41242335, 0.49730337, 0.0 ], [ 123.41062672, 0.49730337, 0.0 ], [ 123.41062672, 0.49550681, 0.0 ], [ 123.41062672, 0.49371025, 0.0 ], [ 123.41242335, 0.49371025, 0.0 ], [ 123.41242335, 0.49460853, 0.0 ], [ 123.41152503, 0.49460853, 0.0 ], [ 123.41152503, 0.49640509, 0.0 ], [ 123.41242335, 0.49640509, 0.0 ] ] ] } },
{ "type": "Feature", "properties": { "gridcode": 2, "Bhy_Bjr": "Sedang", "Luas_Ha": 1.00000000001, "SMBR_DATA": "Badan Nasional Penanggulangan Bencana (BNPB), 2015", "WADMPR": "Gorontalo" }, "geometry": { "type": "Polygon", "coordinates": [ [ [ 123.44027112, 0.49371025, 0.0 ], [ 123.44027112, 0.49460853, 0.0 ], [ 123.43937281, 0.49460853, 0.0 ], [ 123.43937281, 0.49371025, 0.0 ], [ 123.44027112, 0.49371025, 0.0 ] ] ] } },
{ "type": "Feature", "properties": { "gridcode": 1, "Bhy_Bjr": "Rendah", "Luas_Ha": 1019.0, "SMBR_DATA": "Badan Nasional Penanggulangan Bencana (BNPB), 2015", "WADMPR": "Gorontalo" }, "geometry": { "type": "Polygon", "coordinates": [ [ [ 123.46093238, 0.5305397, 0.0 ], [ 123.46093238, 0.53143798, 0.0 ], [ 123.45913574, 0.53143798, 0.0 ], [ 123.45913574, 0.53503108, 0.0 ], [ 123.45823743, 0.53503108, 0.0 ], [ 123.45823743, 0.53413281, 0.0 ], [ 123.4564408, 0.53413281, 0.0 ], [ 123.4564408, 0.53592936, 0.0 ], [ 123.45554248, 0.53592936, 0.0 ], [ 123.45554248, 0.53682763, 0.0 ], [ 123.45464417, 0.53682763, 0.0 ], [ 123.45464417, 0.53592936, 0.0 ], [ 123.45464417, 0.53413281, 0.0 ], [ 123.45464417, 0.53143798, 0.0 ], [ 123.45374585, 0.53143798, 0.0 ], [ 123.45374585, 0.5305397, 0.0 ], [ 123.45194922, 0.5305397, 0.0 ], [ 123.45194922, 0.52964142, 0.0 ], [ 123.45105091, 0.52964142, 0.0 ], [ 123.45105091, 0.5305397, 0.0 ], [ 123.45194922, 0.5305397, 0.0 ], [ 123.45194922, 0.53143798, 0.0 ], [ 123.45105091, 0.53143798, 0.0 ], [ 123.45105091, 0.53323453, 0.0 ], [ 123.45015259, 0.53323453, 0.0 ], [ 123.45015259, 0.53143798, 0.0 ], [ 123.44925428, 0.53143798, 0.0 ], [ 123.44925428, 0.53323453, 0.0 ], [ 123.4447627, 0.53323453, 0.0 ], [ 123.4447627, 0.5305397, 0.0 ], [ 123.44386439, 0.5305397, 0.0 ], [ 123.44386439, 0.53413281, 0.0 ], [ 123.44206775, 0.53413281, 0.0 ], [ 123.44206775, 0.52964142, 0.0 ], [ 123.43937281, 0.52964142, 0.0 ], [ 123.43937281, 0.52874315, 0.0 ], [ 123.44116944, 0.52874315, 0.0 ], [ 123.44116944, 0.52784487, 0.0 ], [ 123.43937281, 0.52784487, 0.0 ], [ 123.43937281, 0.52874315, 0.0 ], [ 123.43757618, 0.52874315, 0.0 ], [ 123.43757618, 0.52964142, 0.0 ], [ 123.43667786, 0.52964142, 0.0 ], [ 123.43667786, 0.52874315, 0.0 ], [ 123.43577955, 0.52874315, 0.0 ], [ 123.43577955, 0.52964142, 0.0 ], [ 123.43488123, 0.52964142, 0.0 ], [ 123.43488123, 0.5305397, 0.0 ], [ 123.43577955, 0.5305397, 0.0 ], [ 123.43577955, 0.53143798, 0.0 ], [ 123.43488123, 0.53143798, 0.0 ], [ 123.43488123, 0.53323453, 0.0 ], [ 123.43486068, 0.53323453, 0.0 ], [ 123.43398292, 0.53323453, 0.0 ], [ 123.43398292, 0.53413281, 0.0 ], [ 123.43015871, 0.53413281, 0.0 ], [ 123.42859303, 0.53413281, 0.0 ], [ 123.42859303, 0.53323453, 0.0 ], [ 123.42859303, 0.53143798, 0.0 ], [ 123.42859303, 0.52964142, 0.0 ], [ 123.42908246, 0.52964142, 0.0 ], [ 123.42949134, 0.52964142, 0.0 ], [ 123.42949134, 0.5305397, 0.0 ], [ 123.43128797, 0.5305397, 0.0 ], [ 123.43128797, 0.52874315, 0.0 ], [ 123.43038966, 0.52874315, 0.0 ], [ 123.43038966, 0.52694659, 0.0 ], [ 123.43187227, 0.52694659, 0.0 ], [ 123.43218629, 0.52694659, 0.0 ], [ 123.43218629, 0.52783083, 0.0 ], [ 123.43218629, 0.52964142, 0.0 ], [ 123.43282928, 0.52964142, 0.0 ], [ 123.4330846, 0.52964142, 0.0 ], [ 123.4330846, 0.52874315, 0.0 ], [ 123.43398292, 0.52874315, 0.0 ], [ 123.43398292, 0.52784487, 0.0 ], [ 123.4330846, 0.52784487, 0.0 ], [ 123.4330846, 0.52694659, 0.0 ], [ 123.43218629, 0.52694659, 0.0 ], [ 123.43218629, 0.52515004, 0.0 ], [ 123.43398292, 0.52515004, 0.0 ], [ 123.43398292, 0.52425176, 0.0 ], [ 123.43488123, 0.52425176, 0.0 ], [ 123.43488123, 0.52155693, 0.0 ], [ 123.43757618, 0.52155693, 0.0 ], [ 123.43757618, 0.51976037, 0.0 ], [ 123.44027112, 0.51976037, 0.0 ], [ 123.44027112, 0.51886209, 0.0 ], [ 123.44116944, 0.51886209, 0.0 ], [ 123.44116944, 0.51976037, 0.0 ], [ 123.44206775, 0.51976037, 0.0 ], [ 123.44206775, 0.51796381, 0.0 ], [ 123.44296607, 0.51796381, 0.0 ], [ 123.44296607, 0.51886209, 0.0 ], [ 123.4447627, 0.51886209, 0.0 ], [ 123.4447627, 0.51706553, 0.0 ], [ 123.44566102, 0.51706553, 0.0 ], [ 123.44566102, 0.51616726, 0.0 ], [ 123.44745765, 0.51616726, 0.0 ], [ 123.44745765, 0.51526898, 0.0 ], [ 123.45015259, 0.51526898, 0.0 ], [ 123.45015259, 0.51616726, 0.0 ], [ 123.45284754, 0.51616726, 0.0 ], [ 123.45284754, 0.51526898, 0.0 ], [ 123.45194922, 0.51526898, 0.0 ], [ 123.45194922, 0.5143707, 0.0 ], [ 123.45105091, 0.5143707, 0.0 ], [ 123.45105091, 0.51347242, 0.0 ], [ 123.45464417, 0.51347242, 0.0 ], [ 123.45464417, 0.5143707, 0.0 ], [ 123.45554248, 0.5143707, 0.0 ], [ 123.45554248, 0.51347242, 0.0 ], [ 123.4564408, 0.51347242, 0.0 ], [ 123.4564408, 0.51616726, 0.0 ], [ 123.46003406, 0.51616726, 0.0 ], [ 123.46003406, 0.51526898, 0.0 ], [ 123.45913574, 0.51526898, 0.0 ], [ 123.45913574, 0.5143707, 0.0 ], [ 123.45823743, 0.5143707, 0.0 ], [ 123.45823743, 0.51347242, 0.0 ], [ 123.45733911, 0.51347242, 0.0 ], [ 123.45733911, 0.51167586, 0.0 ], [ 123.46003406, 0.51167586, 0.0 ], [ 123.46003406, 0.51077758, 0.0 ], [ 123.46093238, 0.51077758, 0.0 ], [ 123.46093238, 0.5098793, 0.0 ], [ 123.45823743, 0.5098793, 0.0 ], [ 123.45823743, 0.51077758, 0.0 ], [ 123.45374585, 0.51077758, 0.0 ], [ 123.45374585, 0.51167586, 0.0 ], [ 123.45284754, 0.51167586, 0.0 ], [ 123.45284754, 0.51077758, 0.0 ], [ 123.45194922, 0.51077758, 0.0 ], [ 123.45194922, 0.50718446, 0.0 ], [ 123.45105091, 0.50718446, 0.0 ], [ 123.45105091, 0.50628618, 0.0 ], [ 123.45015259, 0.50628618, 0.0 ], [ 123.45015259, 0.5053879, 0.0 ], [ 123.44835596, 0.5053879, 0.0 ], [ 123.44835596, 0.50628618, 0.0 ], [ 123.44566102, 0.50628618, 0.0 ], [ 123.44566102, 0.5053879, 0.0 ], [ 123.44116944, 0.5053879, 0.0 ], [ 123.44116944, 0.50718446, 0.0 ], [ 123.44206775, 0.50718446, 0.0 ], [ 123.44206775, 0.50808274, 0.0 ], [ 123.44116944, 0.50808274, 0.0 ], [ 123.44116944, 0.50898102, 0.0 ], [ 123.44027112, 0.50898102, 0.0 ], [ 123.44027112, 0.51167586, 0.0 ], [ 123.44116944, 0.51167586, 0.0 ], [ 123.44116944, 0.51077758, 0.0 ], [ 123.44206775, 0.51077758, 0.0 ], [ 123.44206775, 0.5098793, 0.0 ], [ 123.44296607, 0.5098793, 0.0 ], [ 123.44296607, 0.51077758, 0.0 ], [ 123.44386439, 0.51077758, 0.0 ], [ 123.44386439, 0.51167586, 0.0 ], [ 123.44296607, 0.51167586, 0.0 ], [ 123.44296607, 0.51347242, 0.0 ], [ 123.44206775, 0.51347242, 0.0 ], [ 123.44206775, 0.5143707, 0.0 ], [ 123.44296607, 0.5143707, 0.0 ], [ 123.44296607, 0.51347242, 0.0 ], [ 123.44386439, 0.51347242, 0.0 ], [ 123.44386439, 0.51257414, 0.0 ], [ 123.4447627, 0.51257414, 0.0 ], [ 123.4447627, 0.51347242, 0.0 ], [ 123.44655933, 0.51347242, 0.0 ], [ 123.44655933, 0.5143707, 0.0 ], [ 123.44566102, 0.5143707, 0.0 ], [ 123.44566102, 0.51526898, 0.0 ], [ 123.44206775, 0.51526898, 0.0 ], [ 123.44206775, 0.51796381, 0.0 ], [ 123.43757618, 0.51796381, 0.0 ], [ 123.43757618, 0.51706553, 0.0 ], [ 123.43667786, 0.51706553, 0.0 ], [ 123.43667786, 0.51526898, 0.0 ], [ 123.43757618, 0.51526898, 0.0 ], [ 123.43847449, 0.51526898, 0.0 ], [ 123.43847449, 0.51616726, 0.0 ], [ 123.43937281, 0.51616726, 0.0 ], [ 123.43937281, 0.51347242, 0.0 ], [ 123.43757618, 0.51347242, 0.0 ], [ 123.43667786, 0.51347242, 0.0 ], [ 123.43667786, 0.51077758, 0.0 ], [ 123.43667786, 0.50898102, 0.0 ], [ 123.43757618, 0.50898102, 0.0 ], [ 123.43757618, 0.50808274, 0.0 ], [ 123.43667786, 0.50808274, 0.0 ], [ 123.43667786, 0.50628618, 0.0 ], [ 123.43577955, 0.50628618, 0.0 ], [ 123.43577955, 0.5053879, 0.0 ], [ 123.43667786, 0.5053879, 0.0 ], [ 123.43667786, 0.50359134, 0.0 ], [ 123.43757618, 0.50359134, 0.0 ], [ 123.43937281, 0.50359134, 0.0 ], [ 123.43937281, 0.50269306, 0.0 ], [ 123.43757618, 0.50269306, 0.0 ], [ 123.43757618, 0.49640509, 0.0 ], [ 123.43847449, 0.49640509, 0.0 ], [ 123.43847449, 0.49550681, 0.0 ], [ 123.43937281, 0.49550681, 0.0 ], [ 123.43937281, 0.49640509, 0.0 ], [ 123.44027112, 0.49640509, 0.0 ], [ 123.44027112, 0.49730337, 0.0 ], [ 123.44116944, 0.49730337, 0.0 ], [ 123.44116944, 0.49640509, 0.0 ], [ 123.44027112, 0.49640509, 0.0 ], [ 123.44027112, 0.49550681, 0.0 ], [ 123.43937281, 0.49550681, 0.0 ], [ 123.43937281, 0.49460853, 0.0 ], [ 123.44027112, 0.49460853, 0.0 ], [ 123.44027112, 0.49371025, 0.0 ], [ 123.44116944, 0.49371025, 0.0 ], [ 123.44116944, 0.49550681, 0.0 ], [ 123.44206775, 0.49550681, 0.0 ], [ 123.44206775, 0.49460853, 0.0 ], [ 123.44296607, 0.49460853, 0.0 ], [ 123.44296607, 0.49550681, 0.0 ], [ 123.44386439, 0.49550681, 0.0 ], [ 123.44386439, 0.49460853, 0.0 ], [ 123.4447627, 0.49460853, 0.0 ], [ 123.4447627, 0.49550681, 0.0 ], [ 123.44566102, 0.49550681, 0.0 ], [ 123.44566102, 0.49640509, 0.0 ], [ 123.44655933, 0.49640509, 0.0 ], [ 123.44655933, 0.49460853, 0.0 ], [ 123.45105091, 0.49460853, 0.0 ], [ 123.45105091, 0.49550681, 0.0 ], [ 123.45374585, 0.49550681, 0.0 ], [ 123.45374585, 0.49640509, 0.0 ], [ 123.45464417, 0.49640509, 0.0 ], [ 123.45464417, 0.49371025, 0.0 ], [ 123.4564408, 0.49371025, 0.0 ], [ 123.4564408, 0.49460853, 0.0 ], [ 123.4564408, 0.49550681, 0.0 ], [ 123.45554248, 0.49550681, 0.0 ], [ 123.45554248, 0.49640509, 0.0 ], [ 123.4564408, 0.49640509, 0.0 ], [ 123.4564408, 0.49550681, 0.0 ], [ 123.45733911, 0.49550681, 0.0 ], [ 123.45733911, 0.49730337, 0.0 ], [ 123.45733911, 0.49999822, 0.0 ], [ 123.46003406, 0.49999822, 0.0 ], [ 123.46093238, 0.49999822, 0.0 ], [ 123.46183069, 0.49999822, 0.0 ], [ 123.46183069, 0.5008965, 0.0 ], [ 123.46272901, 0.5008965, 0.0 ], [ 123.46272901, 0.50179478, 0.0 ], [ 123.46093238, 0.50179478, 0.0 ], [ 123.46093238, 0.50269306, 0.0 ], [ 123.46362732, 0.50269306, 0.0 ], [ 123.46362732, 0.50359134, 0.0 ], [ 123.46452564, 0.50359134, 0.0 ], [ 123.46452564, 0.50448962, 0.0 ], [ 123.46722058, 0.50448962, 0.0 ], [ 123.46722058, 0.5053879, 0.0 ], [ 123.4681189, 0.5053879, 0.0 ], [ 123.4681189, 0.50628618, 0.0 ], [ 123.46722058, 0.50628618, 0.0 ], [ 123.46722058, 0.50718446, 0.0 ], [ 123.46722058, 0.50898102, 0.0 ], [ 123.46632227, 0.50898102, 0.0 ], [ 123.46632227, 0.5098793, 0.0 ], [ 123.46542395, 0.5098793, 0.0 ], [ 123.46542395, 0.51167586, 0.0 ], [ 123.46722058, 0.51167586, 0.0 ], [ 123.46722058, 0.51257414, 0.0 ], [ 123.4681189, 0.51257414, 0.0 ], [ 123.4681189, 0.51347242, 0.0 ], [ 123.4681189, 0.51616726, 0.0 ], [ 123.46722058, 0.51616726, 0.0 ], [ 123.46722058, 0.51706553, 0.0 ], [ 123.46542395, 0.51706553, 0.0 ], [ 123.46542395, 0.51347242, 0.0 ], [ 123.46093238, 0.51347242, 0.0 ], [ 123.46093238, 0.51526898, 0.0 ], [ 123.46272901, 0.51526898, 0.0 ], [ 123.46272901, 0.51616726, 0.0 ], [ 123.46452564, 0.51616726, 0.0 ], [ 123.46452564, 0.51706553, 0.0 ], [ 123.46452564, 0.51796381, 0.0 ], [ 123.46362732, 0.51796381, 0.0 ], [ 123.46362732, 0.51976037, 0.0 ], [ 123.46272901, 0.51976037, 0.0 ], [ 123.46272901, 0.5224552, 0.0 ], [ 123.46183069, 0.5224552, 0.0 ], [ 123.46183069, 0.52335348, 0.0 ], [ 123.46093238, 0.52335348, 0.0 ], [ 123.46093238, 0.52425176, 0.0 ], [ 123.46183069, 0.52425176, 0.0 ], [ 123.46183069, 0.52604832, 0.0 ], [ 123.46003406, 0.52604832, 0.0 ], [ 123.46003406, 0.52694659, 0.0 ], [ 123.45913574, 0.52694659, 0.0 ], [ 123.4564408, 0.52694659, 0.0 ], [ 123.4564408, 0.52784487, 0.0 ], [ 123.45554248, 0.52784487, 0.0 ], [ 123.45554248, 0.52874315, 0.0 ], [ 123.4564408, 0.52874315, 0.0 ], [ 123.4564408, 0.52964142, 0.0 ], [ 123.45823743, 0.52964142, 0.0 ], [ 123.45823743, 0.5305397, 0.0 ], [ 123.45733911, 0.5305397, 0.0 ], [ 123.45733911, 0.53143798, 0.0 ], [ 123.45823743, 0.53143798, 0.0 ], [ 123.45823743, 0.5305397, 0.0 ], [ 123.46093238, 0.5305397, 0.0 ] ], [ [ 123.44566102, 0.52874315, 0.0 ], [ 123.44655933, 0.52874315, 0.0 ], [ 123.44655933, 0.52784487, 0.0 ], [ 123.44745765, 0.52784487, 0.0 ], [ 123.44745765, 0.52604832, 0.0 ], [ 123.44655933, 0.52604832, 0.0 ], [ 123.44655933, 0.52515004, 0.0 ], [ 123.44566102, 0.52515004, 0.0 ], [ 123.44566102, 0.52604832, 0.0 ], [ 123.44386439, 0.52604832, 0.0 ], [ 123.44386439, 0.52694659, 0.0 ], [ 123.44566102, 0.52694659, 0.0 ], [ 123.44566102, 0.52874315, 0.0 ] ], [ [ 123.45554248, 0.52604832, 0.0 ], [ 123.4564408, 0.52604832, 0.0 ], [ 123.4564408, 0.52515004, 0.0 ], [ 123.45554248, 0.52515004, 0.0 ], [ 123.45554248, 0.52604832, 0.0 ] ], [ [ 123.4447627, 0.52335348, 0.0 ], [ 123.44655933, 0.52335348, 0.0 ], [ 123.44655933, 0.5224552, 0.0 ], [ 123.4447627, 0.5224552, 0.0 ], [ 123.4447627, 0.52335348, 0.0 ] ], [ [ 123.45374585, 0.51796381, 0.0 ], [ 123.45374585, 0.51976037, 0.0 ], [ 123.45554248, 0.51976037, 0.0 ], [ 123.45554248, 0.51796381, 0.0 ], [ 123.45374585, 0.51796381, 0.0 ], [ 123.45374585, 0.51706553, 0.0 ], [ 123.45284754, 0.51706553, 0.0 ], [ 123.45284754, 0.51796381, 0.0 ], [ 123.44925428, 0.51796381, 0.0 ], [ 123.44925428, 0.51976037, 0.0 ], [ 123.45105091, 0.51976037, 0.0 ], [ 123.45105091, 0.51886209, 0.0 ], [ 123.45284754, 0.51886209, 0.0 ], [ 123.45284754, 0.51796381, 0.0 ], [ 123.45374585, 0.51796381, 0.0 ] ], [ [ 123.4564408, 0.50898102, 0.0 ], [ 123.45733911, 0.50898102, 0.0 ], [ 123.45733911, 0.50808274, 0.0 ], [ 123.4564408, 0.50808274, 0.0 ], [ 123.4564408, 0.50898102, 0.0 ] ], [ [ 123.45554248, 0.50718446, 0.0 ], [ 123.45464417, 0.50718446, 0.0 ], [ 123.45464417, 0.50628618, 0.0 ], [ 123.45374585, 0.50628618, 0.0 ], [ 123.45374585, 0.50808274, 0.0 ], [ 123.45464417, 0.50808274, 0.0 ], [ 123.45464417, 0.50898102, 0.0 ], [ 123.45554248, 0.50898102, 0.0 ], [ 123.45554248, 0.50718446, 0.0 ] ], [ [ 123.45733911, 0.50448962, 0.0 ], [ 123.45913574, 0.50448962, 0.0 ], [ 123.45913574, 0.50359134, 0.0 ], [ 123.45823743, 0.50359134, 0.0 ], [ 123.45823743, 0.50269306, 0.0 ], [ 123.45733911, 0.50269306, 0.0 ], [ 123.45733911, 0.50448962, 0.0 ] ], [ [ 123.45015259, 0.50179478, 0.0 ], [ 123.44925428, 0.50179478, 0.0 ], [ 123.44925428, 0.50448962, 0.0 ], [ 123.45015259, 0.50448962, 0.0 ], [ 123.45015259, 0.50179478, 0.0 ] ], [ [ 123.44655933, 0.50179478, 0.0 ], [ 123.44566102, 0.50179478, 0.0 ], [ 123.44566102, 0.50269306, 0.0 ], [ 123.44655933, 0.50269306, 0.0 ], [ 123.44655933, 0.50179478, 0.0 ] ], [ [ 123.44206775, 0.50269306, 0.0 ], [ 123.44116944, 0.50269306, 0.0 ], [ 123.44116944, 0.50359134, 0.0 ], [ 123.44206775, 0.50359134, 0.0 ], [ 123.44206775, 0.50269306, 0.0 ] ], [ [ 123.45733911, 0.50179478, 0.0 ], [ 123.45823743, 0.50179478, 0.0 ], [ 123.45823743, 0.5008965, 0.0 ], [ 123.45733911, 0.5008965, 0.0 ], [ 123.45733911, 0.50179478, 0.0 ] ] ] } },
{ "type": "Feature", "properties": { "gridcode": 1, "Bhy_Bjr": "Rendah", "Luas_Ha": 1.00000000003, "SMBR_DATA": "Badan Nasional Penanggulangan Bencana (BNPB), 2015", "WADMPR": "Gorontalo" }, "geometry": { "type": "Polygon", "coordinates": [ [ [ 123.45464417, 0.49371025, 0.0 ], [ 123.45374585, 0.49371025, 0.0 ], [ 123.45374585, 0.49281196, 0.0 ], [ 123.45464417, 0.49281196, 0.0 ], [ 123.45464417, 0.49371025, 0.0 ] ] ] } },
{ "type": "Feature", "properties": { "gridcode": 2, "Bhy_Bjr": "Sedang", "Luas_Ha": 10.9999999997, "SMBR_DATA": "Badan Nasional Penanggulangan Bencana (BNPB), 2015", "WADMPR": "Gorontalo" }, "geometry": { "type": "Polygon", "coordinates": [ [ [ 123.46003406, 0.49550681, 0.0 ], [ 123.45913574, 0.49550681, 0.0 ], [ 123.45913574, 0.49730337, 0.0 ], [ 123.45733911, 0.49730337, 0.0 ], [ 123.45733911, 0.49550681, 0.0 ], [ 123.45733911, 0.49460853, 0.0 ], [ 123.4564408, 0.49460853, 0.0 ], [ 123.4564408, 0.49371025, 0.0 ], [ 123.45733911, 0.49371025, 0.0 ], [ 123.45733911, 0.49281196, 0.0 ], [ 123.45823743, 0.49281196, 0.0 ], [ 123.45823743, 0.49371025, 0.0 ], [ 123.45913574, 0.49371025, 0.0 ], [ 123.45913574, 0.49460853, 0.0 ], [ 123.46003406, 0.49460853, 0.0 ], [ 123.46003406, 0.49550681, 0.0 ] ] ] } },
{ "type": "Feature", "properties": { "gridcode": 3, "Bhy_Bjr": "Tinggi", "Luas_Ha": 9.99999999978, "SMBR_DATA": "Badan Nasional Penanggulangan Bencana (BNPB), 2015", "WADMPR": "Gorontalo" }, "geometry": { "type": "Polygon", "coordinates": [ [ [ 123.46452564, 0.49640509, 0.0 ], [ 123.46452564, 0.49730337, 0.0 ], [ 123.46183069, 0.49730337, 0.0 ], [ 123.46183069, 0.49550681, 0.0 ], [ 123.46362732, 0.49550681, 0.0 ], [ 123.46362732, 0.49371025, 0.0 ], [ 123.46272901, 0.49371025, 0.0 ], [ 123.46272901, 0.49281196, 0.0 ], [ 123.46452564, 0.49281196, 0.0 ], [ 123.46452564, 0.49550681, 0.0 ], [ 123.46452564, 0.49640509, 0.0 ] ] ] } },
{ "type": "Feature", "properties": { "gridcode": 2, "Bhy_Bjr": "Sedang", "Luas_Ha": 6.00000000012, "SMBR_DATA": "Badan Nasional Penanggulangan Bencana (BNPB), 2015", "WADMPR": "Gorontalo" }, "geometry": { "type": "Polygon", "coordinates": [ [ [ 123.47171216, 0.49281196, 0.0 ], [ 123.47261047, 0.49281196, 0.0 ], [ 123.47261047, 0.49460853, 0.0 ], [ 123.47350879, 0.49460853, 0.0 ], [ 123.47350879, 0.49550681, 0.0 ], [ 123.47261047, 0.49550681, 0.0 ], [ 123.47081384, 0.49550681, 0.0 ], [ 123.47081384, 0.49460853, 0.0 ], [ 123.47081384, 0.49371025, 0.0 ], [ 123.47171216, 0.49371025, 0.0 ], [ 123.47171216, 0.49281196, 0.0 ] ] ] } },
{ "type": "Feature", "properties": { "gridcode": 2, "Bhy_Bjr": "Sedang", "Luas_Ha": 16.9999999998, "SMBR_DATA": "Badan Nasional Penanggulangan Bencana (BNPB), 2015", "WADMPR": "Gorontalo" }, "geometry": { "type": "Polygon", "coordinates": [ [ [ 123.51213635, 0.49550681, 0.0 ], [ 123.51033972, 0.49550681, 0.0 ], [ 123.51033972, 0.49730337, 0.0 ], [ 123.50764477, 0.49730337, 0.0 ], [ 123.50764477, 0.49640509, 0.0 ], [ 123.50584814, 0.49640509, 0.0 ], [ 123.50584814, 0.49550681, 0.0 ], [ 123.50674645, 0.49550681, 0.0 ], [ 123.50674645, 0.49460853, 0.0 ], [ 123.51033972, 0.49460853, 0.0 ], [ 123.51033972, 0.49371025, 0.0 ], [ 123.51123803, 0.49371025, 0.0 ], [ 123.51123803, 0.49281196, 0.0 ], [ 123.51213635, 0.49281196, 0.0 ], [ 123.51213635, 0.49550681, 0.0 ] ] ] } },
{ "type": "Feature", "properties": { "gridcode": 3, "Bhy_Bjr": "Tinggi", "Luas_Ha": 2.00000000006, "SMBR_DATA": "Badan Nasional Penanggulangan Bencana (BNPB), 2015", "WADMPR": "Gorontalo" }, "geometry": { "type": "Polygon", "coordinates": [ [ [ 123.41421998, 0.49191368, 0.0 ], [ 123.4151183, 0.49191368, 0.0 ], [ 123.4151183, 0.49281196, 0.0 ], [ 123.41421998, 0.49281196, 0.0 ], [ 123.41332167, 0.49281196, 0.0 ], [ 123.41332167, 0.49191368, 0.0 ], [ 123.41421998, 0.49191368, 0.0 ] ] ] } },
{ "type": "Feature", "properties": { "gridcode": 2, "Bhy_Bjr": "Sedang", "Luas_Ha": 1.00000000003, "SMBR_DATA": "Badan Nasional Penanggulangan Bencana (BNPB), 2015", "WADMPR": "Gorontalo" }, "geometry": { "type": "Polygon", "coordinates": [ [ [ 123.46003406, 0.49191368, 0.0 ], [ 123.46003406, 0.49281196, 0.0 ], [ 123.45913574, 0.49281196, 0.0 ], [ 123.45913574, 0.49191368, 0.0 ], [ 123.46003406, 0.49191368, 0.0 ] ] ] } },
{ "type": "Feature", "properties": { "gridcode": 1, "Bhy_Bjr": "Rendah", "Luas_Ha": 1.00000000001, "SMBR_DATA": "Badan Nasional Penanggulangan Bencana (BNPB), 2015", "WADMPR": "Gorontalo" }, "geometry": { "type": "Polygon", "coordinates": [ [ [ 123.49596667, 0.49191368, 0.0 ], [ 123.49596667, 0.49281196, 0.0 ], [ 123.49506836, 0.49281196, 0.0 ], [ 123.49506836, 0.49191368, 0.0 ], [ 123.49596667, 0.49191368, 0.0 ] ] ] } },
{ "type": "Feature", "properties": { "gridcode": 3, "Bhy_Bjr": "Tinggi", "Luas_Ha": 49.000000000500002, "SMBR_DATA": "Badan Nasional Penanggulangan Bencana (BNPB), 2015", "WADMPR": "Gorontalo" }, "geometry": { "type": "Polygon", "coordinates": [ [ [ 123.43488123, 0.49909994, 0.0 ], [ 123.43488123, 0.50359134, 0.0 ], [ 123.43398292, 0.50359134, 0.0 ], [ 123.43398292, 0.50269306, 0.0 ], [ 123.4330846, 0.50269306, 0.0 ], [ 123.4330846, 0.49550681, 0.0 ], [ 123.43218629, 0.49550681, 0.0 ], [ 123.43218629, 0.49460853, 0.0 ], [ 123.43046822, 0.49460853, 0.0 ], [ 123.43038966, 0.49460853, 0.0 ], [ 123.43038966, 0.49371025, 0.0 ], [ 123.42879477, 0.49371025, 0.0 ], [ 123.42859303, 0.49371025, 0.0 ], [ 123.42859303, 0.49281196, 0.0 ], [ 123.42769471, 0.49281196, 0.0 ], [ 123.42769471, 0.49191368, 0.0 ], [ 123.42769471, 0.4910154, 0.0 ], [ 123.42873998, 0.4910154, 0.0 ], [ 123.42949134, 0.4910154, 0.0 ], [ 123.43032553, 0.4910154, 0.0 ], [ 123.43038966, 0.4910154, 0.0 ], [ 123.43038966, 0.49191368, 0.0 ], [ 123.43757618, 0.49191368, 0.0 ], [ 123.43757618, 0.49281196, 0.0 ], [ 123.43667786, 0.49281196, 0.0 ], [ 123.43667786, 0.49460853, 0.0 ], [ 123.43577955, 0.49460853, 0.0 ], [ 123.43488123, 0.49460853, 0.0 ], [ 123.43488123, 0.49730337, 0.0 ], [ 123.43488123, 0.49820165, 0.0 ], [ 123.43398292, 0.49820165, 0.0 ], [ 123.43398292, 0.49909994, 0.0 ], [ 123.43488123, 0.49909994, 0.0 ] ] ] } },
{ "type": "Feature", "properties": { "gridcode": 3, "Bhy_Bjr": "Tinggi", "Luas_Ha": 9.0000000001899991, "SMBR_DATA": "Badan Nasional Penanggulangan Bencana (BNPB), 2015", "WADMPR": "Gorontalo" }, "geometry": { "type": "Polygon", "coordinates": [ [ [ 123.46272901, 0.49281196, 0.0 ], [ 123.46183069, 0.49281196, 0.0 ], [ 123.46183069, 0.49371025, 0.0 ], [ 123.46093238, 0.49371025, 0.0 ], [ 123.46093238, 0.49460853, 0.0 ], [ 123.46003406, 0.49460853, 0.0 ], [ 123.46003406, 0.49281196, 0.0 ], [ 123.46003406, 0.49191368, 0.0 ], [ 123.46003406, 0.4910154, 0.0 ], [ 123.46272901, 0.4910154, 0.0 ], [ 123.46272901, 0.49191368, 0.0 ], [ 123.46272901, 0.49281196, 0.0 ] ] ] } },
{ "type": "Feature", "properties": { "gridcode": 2, "Bhy_Bjr": "Sedang", "Luas_Ha": 0.99999999996, "SMBR_DATA": "Badan Nasional Penanggulangan Bencana (BNPB), 2015", "WADMPR": "Gorontalo" }, "geometry": { "type": "Polygon", "coordinates": [ [ [ 123.46272901, 0.4910154, 0.0 ], [ 123.46362732, 0.4910154, 0.0 ], [ 123.46362732, 0.49191368, 0.0 ], [ 123.46272901, 0.49191368, 0.0 ], [ 123.46272901, 0.4910154, 0.0 ] ] ] } },
{ "type": "Feature", "properties": { "gridcode": 1, "Bhy_Bjr": "Rendah", "Luas_Ha": 1.00000000001, "SMBR_DATA": "Badan Nasional Penanggulangan Bencana (BNPB), 2015", "WADMPR": "Gorontalo" }, "geometry": { "type": "Polygon", "coordinates": [ [ [ 123.47889868, 0.4910154, 0.0 ], [ 123.47889868, 0.49191368, 0.0 ], [ 123.47800037, 0.49191368, 0.0 ], [ 123.47800037, 0.4910154, 0.0 ], [ 123.47889868, 0.4910154, 0.0 ] ] ] } },
{ "type": "Feature", "properties": { "gridcode": 1, "Bhy_Bjr": "Rendah", "Luas_Ha": 0.99999999996, "SMBR_DATA": "Badan Nasional Penanggulangan Bencana (BNPB), 2015", "WADMPR": "Gorontalo" }, "geometry": { "type": "Polygon", "coordinates": [ [ [ 123.49596667, 0.4910154, 0.0 ], [ 123.49686499, 0.4910154, 0.0 ], [ 123.49686499, 0.49191368, 0.0 ], [ 123.49596667, 0.49191368, 0.0 ], [ 123.49596667, 0.4910154, 0.0 ] ] ] } },
{ "type": "Feature", "properties": { "gridcode": 3, "Bhy_Bjr": "Tinggi", "Luas_Ha": 1.0, "SMBR_DATA": "Badan Nasional Penanggulangan Bencana (BNPB), 2015", "WADMPR": "Gorontalo" }, "geometry": { "type": "Polygon", "coordinates": [ [ [ 123.51483129, 0.49191368, 0.0 ], [ 123.51483129, 0.4910154, 0.0 ], [ 123.51572961, 0.4910154, 0.0 ], [ 123.51572961, 0.49191368, 0.0 ], [ 123.51483129, 0.49191368, 0.0 ] ] ] } },
{ "type": "Feature", "properties": { "gridcode": 1, "Bhy_Bjr": "Rendah", "Luas_Ha": 2.99999999982, "SMBR_DATA": "Badan Nasional Penanggulangan Bencana (BNPB), 2015", "WADMPR": "Gorontalo" }, "geometry": { "type": "Polygon", "coordinates": [ [ [ 123.52022118, 0.4910154, 0.0 ], [ 123.52022118, 0.49191368, 0.0 ], [ 123.51932287, 0.49191368, 0.0 ], [ 123.51932287, 0.49281196, 0.0 ], [ 123.51842455, 0.49281196, 0.0 ], [ 123.51842455, 0.4910154, 0.0 ], [ 123.51932287, 0.4910154, 0.0 ], [ 123.52022118, 0.4910154, 0.0 ] ] ] } },
{ "type": "Feature", "properties": { "gridcode": 2, "Bhy_Bjr": "Sedang", "Luas_Ha": 5.00000000011, "SMBR_DATA": "Badan Nasional Penanggulangan Bencana (BNPB), 2015", "WADMPR": "Gorontalo" }, "geometry": { "type": "Polygon", "coordinates": [ [ [ 123.42949134, 0.4910154, 0.0 ], [ 123.42873998, 0.4910154, 0.0 ], [ 123.42769471, 0.4910154, 0.0 ], [ 123.42769471, 0.49191368, 0.0 ], [ 123.42718914, 0.49191368, 0.0 ], [ 123.42679639, 0.49191368, 0.0 ], [ 123.42679639, 0.4910154, 0.0 ], [ 123.42589808, 0.4910154, 0.0 ], [ 123.42589808, 0.49011712, 0.0 ], [ 123.42713767, 0.49011712, 0.0 ], [ 123.42873331, 0.49011712, 0.0 ], [ 123.42949134, 0.49011712, 0.0 ], [ 123.42949134, 0.4910154, 0.0 ] ] ] } },
{ "type": "Feature", "properties": { "gridcode": 2, "Bhy_Bjr": "Sedang", "Luas_Ha": 4.0000000001, "SMBR_DATA": "Badan Nasional Penanggulangan Bencana (BNPB), 2015", "WADMPR": "Gorontalo" }, "geometry": { "type": "Polygon", "coordinates": [ [ [ 123.47800037, 0.49191368, 0.0 ], [ 123.47800037, 0.49281196, 0.0 ], [ 123.47710205, 0.49281196, 0.0 ], [ 123.47710205, 0.49011712, 0.0 ], [ 123.47889868, 0.49011712, 0.0 ], [ 123.47889868, 0.4910154, 0.0 ], [ 123.47800037, 0.4910154, 0.0 ], [ 123.47800037, 0.49191368, 0.0 ] ] ] } },
{ "type": "Feature", "properties": { "gridcode": 1, "Bhy_Bjr": "Rendah", "Luas_Ha": 1.00000000003, "SMBR_DATA": "Badan Nasional Penanggulangan Bencana (BNPB), 2015", "WADMPR": "Gorontalo" }, "geometry": { "type": "Polygon", "coordinates": [ [ [ 123.47889868, 0.49011712, 0.0 ], [ 123.479797, 0.49011712, 0.0 ], [ 123.479797, 0.4910154, 0.0 ], [ 123.47889868, 0.4910154, 0.0 ], [ 123.47889868, 0.49011712, 0.0 ] ] ] } },
{ "type": "Feature", "properties": { "gridcode": 2, "Bhy_Bjr": "Sedang", "Luas_Ha": 4.00000000008, "SMBR_DATA": "Badan Nasional Penanggulangan Bencana (BNPB), 2015", "WADMPR": "Gorontalo" }, "geometry": { "type": "Polygon", "coordinates": [ [ [ 123.49596667, 0.4910154, 0.0 ], [ 123.49596667, 0.49191368, 0.0 ], [ 123.49506836, 0.49191368, 0.0 ], [ 123.49417004, 0.49191368, 0.0 ], [ 123.49417004, 0.49011712, 0.0 ], [ 123.49596667, 0.49011712, 0.0 ], [ 123.49596667, 0.4910154, 0.0 ] ] ] } },
{ "type": "Feature", "properties": { "gridcode": 1, "Bhy_Bjr": "Rendah", "Luas_Ha": 0.99999999996, "SMBR_DATA": "Badan Nasional Penanggulangan Bencana (BNPB), 2015", "WADMPR": "Gorontalo" }, "geometry": { "type": "Polygon", "coordinates": [ [ [ 123.52022118, 0.49011712, 0.0 ], [ 123.5211195, 0.49011712, 0.0 ], [ 123.5211195, 0.4910154, 0.0 ], [ 123.52022118, 0.4910154, 0.0 ], [ 123.52022118, 0.49011712, 0.0 ] ] ] } },
{ "type": "Feature", "properties": { "gridcode": 2, "Bhy_Bjr": "Sedang", "Luas_Ha": 0.99999999988999999, "SMBR_DATA": "Badan Nasional Penanggulangan Bencana (BNPB), 2015", "WADMPR": "Gorontalo" }, "geometry": { "type": "Polygon", "coordinates": [ [ [ 123.41332167, 0.48921883, 0.0 ], [ 123.41332167, 0.49011712, 0.0 ], [ 123.41242335, 0.49011712, 0.0 ], [ 123.41242335, 0.48921883, 0.0 ], [ 123.41332167, 0.48921883, 0.0 ] ] ] } },
{ "type": "Feature", "properties": { "gridcode": 2, "Bhy_Bjr": "Sedang", "Luas_Ha": 415.0, "SMBR_DATA": "Badan Nasional Penanggulangan Bencana (BNPB), 2015", "WADMPR": "Gorontalo" }, "geometry": { "type": "Polygon", "coordinates": [ [ [ 123.42230482, 0.5224552, 0.0 ], [ 123.4214065, 0.5224552, 0.0 ], [ 123.4214065, 0.52300152, 0.0 ], [ 123.4214065, 0.52335348, 0.0 ], [ 123.42050819, 0.52335348, 0.0 ], [ 123.42050819, 0.5224552, 0.0 ], [ 123.41960987, 0.5224552, 0.0 ], [ 123.41960987, 0.52155693, 0.0 ], [ 123.42050819, 0.52155693, 0.0 ], [ 123.42050819, 0.52065865, 0.0 ], [ 123.41871156, 0.52065865, 0.0 ], [ 123.41871156, 0.51976037, 0.0 ], [ 123.42050819, 0.51976037, 0.0 ], [ 123.42050819, 0.51909225, 0.0 ], [ 123.42050819, 0.51886209, 0.0 ], [ 123.4214065, 0.51886209, 0.0 ], [ 123.4214065, 0.51796381, 0.0 ], [ 123.42230482, 0.51796381, 0.0 ], [ 123.42230482, 0.51616726, 0.0 ], [ 123.42320313, 0.51616726, 0.0 ], [ 123.42320313, 0.51347242, 0.0 ], [ 123.42410145, 0.51347242, 0.0 ], [ 123.42410145, 0.51257414, 0.0 ], [ 123.42499976, 0.51257414, 0.0 ], [ 123.42499976, 0.51167586, 0.0 ], [ 123.42589808, 0.51167586, 0.0 ], [ 123.42589808, 0.51077758, 0.0 ], [ 123.42679639, 0.51077758, 0.0 ], [ 123.42679639, 0.50808274, 0.0 ], [ 123.42744343, 0.50808274, 0.0 ], [ 123.42769471, 0.50808274, 0.0 ], [ 123.42769471, 0.50630353, 0.0 ], [ 123.42769471, 0.50628618, 0.0 ], [ 123.42679639, 0.50628618, 0.0 ], [ 123.42679639, 0.50179478, 0.0 ], [ 123.42772466, 0.50179478, 0.0 ], [ 123.42859303, 0.50179478, 0.0 ], [ 123.42859303, 0.49999822, 0.0 ], [ 123.42769471, 0.49999822, 0.0 ], [ 123.42769471, 0.5001885, 0.0 ], [ 123.42769471, 0.5008965, 0.0 ], [ 123.42679639, 0.5008965, 0.0 ], [ 123.42679639, 0.49909994, 0.0 ], [ 123.42499976, 0.49909994, 0.0 ], [ 123.42499976, 0.49820165, 0.0 ], [ 123.42410145, 0.49820165, 0.0 ], [ 123.42410145, 0.49730337, 0.0 ], [ 123.42320313, 0.49730337, 0.0 ], [ 123.42320313, 0.49640509, 0.0 ], [ 123.4214065, 0.49640509, 0.0 ], [ 123.41960987, 0.49640509, 0.0 ], [ 123.4189684, 0.49640509, 0.0 ], [ 123.41781324, 0.49640509, 0.0 ], [ 123.41781324, 0.49550681, 0.0 ], [ 123.41601661, 0.49550681, 0.0 ], [ 123.41601661, 0.49730337, 0.0 ], [ 123.4151183, 0.49730337, 0.0 ], [ 123.4151183, 0.49820165, 0.0 ], [ 123.41421998, 0.49820165, 0.0 ], [ 123.41421998, 0.49999822, 0.0 ], [ 123.41332167, 0.49999822, 0.0 ], [ 123.41332167, 0.5008965, 0.0 ], [ 123.41242335, 0.5008965, 0.0 ], [ 123.41242335, 0.50179478, 0.0 ], [ 123.41152503, 0.50179478, 0.0 ], [ 123.41152503, 0.50269306, 0.0 ], [ 123.41242335, 0.50269306, 0.0 ], [ 123.41242335, 0.50628618, 0.0 ], [ 123.41062672, 0.50628618, 0.0 ], [ 123.41062672, 0.50718446, 0.0 ], [ 123.40703346, 0.50718446, 0.0 ], [ 123.40703346, 0.50808274, 0.0 ], [ 123.4034402, 0.50808274, 0.0 ], [ 123.4034402, 0.50898102, 0.0 ], [ 123.40254188, 0.50898102, 0.0 ], [ 123.40164357, 0.50898102, 0.0 ], [ 123.40164357, 0.50808274, 0.0 ], [ 123.40074525, 0.50808274, 0.0 ], [ 123.40074525, 0.50898102, 0.0 ], [ 123.39984694, 0.50898102, 0.0 ], [ 123.39984694, 0.50718446, 0.0 ], [ 123.40074525, 0.50718446, 0.0 ], [ 123.40074525, 0.50628618, 0.0 ], [ 123.40254188, 0.50628618, 0.0 ], [ 123.4034402, 0.50628618, 0.0 ], [ 123.40523683, 0.50628618, 0.0 ], [ 123.40523683, 0.5053879, 0.0 ], [ 123.40613514, 0.5053879, 0.0 ], [ 123.40613514, 0.50359134, 0.0 ], [ 123.4097284, 0.50359134, 0.0 ], [ 123.4097284, 0.49999822, 0.0 ], [ 123.41062672, 0.49999822, 0.0 ], [ 123.41062672, 0.49730337, 0.0 ], [ 123.41242335, 0.49730337, 0.0 ], [ 123.41242335, 0.49640509, 0.0 ], [ 123.41332167, 0.49640509, 0.0 ], [ 123.41332167, 0.49550681, 0.0 ], [ 123.41421998, 0.49550681, 0.0 ], [ 123.41421998, 0.49460853, 0.0 ], [ 123.4151183, 0.49460853, 0.0 ], [ 123.4151183, 0.49371025, 0.0 ], [ 123.41421998, 0.49371025, 0.0 ], [ 123.41421998, 0.49281196, 0.0 ], [ 123.4151183, 0.49281196, 0.0 ], [ 123.4151183, 0.49191368, 0.0 ], [ 123.41421998, 0.49191368, 0.0 ], [ 123.41421998, 0.4910154, 0.0 ], [ 123.41332167, 0.4910154, 0.0 ], [ 123.41332167, 0.49011712, 0.0 ], [ 123.41601661, 0.49011712, 0.0 ], [ 123.41601661, 0.4910154, 0.0 ], [ 123.41691493, 0.4910154, 0.0 ], [ 123.41691493, 0.49191368, 0.0 ], [ 123.41601661, 0.49191368, 0.0 ], [ 123.41601661, 0.49281196, 0.0 ], [ 123.41781324, 0.49281196, 0.0 ], [ 123.41900055, 0.49281196, 0.0 ], [ 123.42230482, 0.49281196, 0.0 ], [ 123.42230482, 0.49191368, 0.0 ], [ 123.42320313, 0.49191368, 0.0 ], [ 123.42320313, 0.49011712, 0.0 ], [ 123.42410145, 0.49011712, 0.0 ], [ 123.42410145, 0.48921883, 0.0 ], [ 123.42499976, 0.48921883, 0.0 ], [ 123.42499976, 0.4910154, 0.0 ], [ 123.42589808, 0.4910154, 0.0 ], [ 123.42589808, 0.49191368, 0.0 ], [ 123.42679639, 0.49191368, 0.0 ], [ 123.42679639, 0.49281196, 0.0 ], [ 123.42721488, 0.49281196, 0.0 ], [ 123.42769471, 0.49281196, 0.0 ], [ 123.42859303, 0.49281196, 0.0 ], [ 123.42859303, 0.49371025, 0.0 ], [ 123.42879477, 0.49371025, 0.0 ], [ 123.43038966, 0.49371025, 0.0 ], [ 123.43038966, 0.49460853, 0.0 ], [ 123.43046822, 0.49460853, 0.0 ], [ 123.43218629, 0.49460853, 0.0 ], [ 123.43218629, 0.49550681, 0.0 ], [ 123.4330846, 0.49550681, 0.0 ], [ 123.4330846, 0.50269306, 0.0 ], [ 123.43398292, 0.50269306, 0.0 ], [ 123.43398292, 0.50359134, 0.0 ], [ 123.43488123, 0.50359134, 0.0 ], [ 123.43488123, 0.49909994, 0.0 ], [ 123.43488123, 0.49820165, 0.0 ], [ 123.43488123, 0.49730337, 0.0 ], [ 123.43667786, 0.49730337, 0.0 ], [ 123.43667786, 0.49550681, 0.0 ], [ 123.43757618, 0.49550681, 0.0 ], [ 123.43757618, 0.49640509, 0.0 ], [ 123.43757618, 0.50269306, 0.0 ], [ 123.43757618, 0.50359134, 0.0 ], [ 123.43667786, 0.50359134, 0.0 ], [ 123.43667786, 0.5053879, 0.0 ], [ 123.43577955, 0.5053879, 0.0 ], [ 123.43577955, 0.50628618, 0.0 ], [ 123.43667786, 0.50628618, 0.0 ], [ 123.43667786, 0.50808274, 0.0 ], [ 123.43667786, 0.50898102, 0.0 ], [ 123.43577955, 0.50898102, 0.0 ], [ 123.43577955, 0.51077758, 0.0 ], [ 123.43667786, 0.51077758, 0.0 ], [ 123.43667786, 0.51347242, 0.0 ], [ 123.43488123, 0.51347242, 0.0 ], [ 123.43488123, 0.51077758, 0.0 ], [ 123.43398292, 0.51077758, 0.0 ], [ 123.43398292, 0.5098793, 0.0 ], [ 123.4330846, 0.5098793, 0.0 ], [ 123.4330846, 0.50898102, 0.0 ], [ 123.43218629, 0.50898102, 0.0 ], [ 123.43218629, 0.50808274, 0.0 ], [ 123.43128797, 0.50808274, 0.0 ], [ 123.43128797, 0.50628618, 0.0 ], [ 123.430811, 0.50628618, 0.0 ], [ 123.43038966, 0.50628618, 0.0 ], [ 123.43038966, 0.5053879, 0.0 ], [ 123.42949134, 0.5053879, 0.0 ], [ 123.42949134, 0.5098793, 0.0 ], [ 123.42887952, 0.5098793, 0.0 ], [ 123.42859303, 0.5098793, 0.0 ], [ 123.42859303, 0.51077758, 0.0 ], [ 123.42887223, 0.51077758, 0.0 ], [ 123.42949134, 0.51077758, 0.0 ], [ 123.42949134, 0.51167586, 0.0 ], [ 123.43102116, 0.51167586, 0.0 ], [ 123.43218629, 0.51167586, 0.0 ], [ 123.43218629, 0.51257414, 0.0 ], [ 123.4330846, 0.51257414, 0.0 ], [ 123.4330846, 0.5143707, 0.0 ], [ 123.43128797, 0.5143707, 0.0 ], [ 123.43128797, 0.51526898, 0.0 ], [ 123.43111024, 0.51526898, 0.0 ], [ 123.43038966, 0.51526898, 0.0 ], [ 123.43038966, 0.51616726, 0.0 ], [ 123.42949134, 0.51616726, 0.0 ], [ 123.42949134, 0.51796381, 0.0 ], [ 123.42859303, 0.51796381, 0.0 ], [ 123.42859303, 0.51886209, 0.0 ], [ 123.42827009, 0.51886209, 0.0 ], [ 123.42769471, 0.51886209, 0.0 ], [ 123.42769471, 0.51976037, 0.0 ], [ 123.42590935, 0.51976037, 0.0 ], [ 123.42589808, 0.51976037, 0.0 ], [ 123.42589808, 0.51988235, 0.0 ], [ 123.42589808, 0.52155693, 0.0 ], [ 123.42587437, 0.52155693, 0.0 ], [ 123.42499976, 0.52155693, 0.0 ], [ 123.42499976, 0.5224552, 0.0 ], [ 123.42410145, 0.5224552, 0.0 ], [ 123.42230482, 0.5224552, 0.0 ] ], [ [ 123.42499976, 0.5143707, 0.0 ], [ 123.42589808, 0.5143707, 0.0 ], [ 123.42589808, 0.51347242, 0.0 ], [ 123.42499976, 0.51347242, 0.0 ], [ 123.42499976, 0.5143707, 0.0 ] ], [ [ 123.42859303, 0.49640509, 0.0 ], [ 123.42769471, 0.49640509, 0.0 ], [ 123.42769471, 0.49730337, 0.0 ], [ 123.42859303, 0.49730337, 0.0 ], [ 123.42859303, 0.49820165, 0.0 ], [ 123.42878795, 0.49820165, 0.0 ], [ 123.43038966, 0.49820165, 0.0 ], [ 123.43038966, 0.49640509, 0.0 ], [ 123.43038966, 0.49550681, 0.0 ], [ 123.4288133, 0.49550681, 0.0 ], [ 123.42859303, 0.49550681, 0.0 ], [ 123.42859303, 0.49640509, 0.0 ] ], [ [ 123.40793177, 0.50448962, 0.0 ], [ 123.40703346, 0.50448962, 0.0 ], [ 123.40703346, 0.5053879, 0.0 ], [ 123.40793177, 0.5053879, 0.0 ], [ 123.40793177, 0.50448962, 0.0 ] ] ] } },
{ "type": "Feature", "properties": { "gridcode": 1, "Bhy_Bjr": "Rendah", "Luas_Ha": 0.99999999996, "SMBR_DATA": "Badan Nasional Penanggulangan Bencana (BNPB), 2015", "WADMPR": "Gorontalo" }, "geometry": { "type": "Polygon", "coordinates": [ [ [ 123.47081384, 0.48921883, 0.0 ], [ 123.47081384, 0.49011712, 0.0 ], [ 123.46991553, 0.49011712, 0.0 ], [ 123.46991553, 0.48921883, 0.0 ], [ 123.47081384, 0.48921883, 0.0 ] ] ] } },
{ "type": "Feature", "properties": { "gridcode": 2, "Bhy_Bjr": "Sedang", "Luas_Ha": 0.99999999994, "SMBR_DATA": "Badan Nasional Penanggulangan Bencana (BNPB), 2015", "WADMPR": "Gorontalo" }, "geometry": { "type": "Polygon", "coordinates": [ [ [ 123.49417004, 0.48921883, 0.0 ], [ 123.49417004, 0.49011712, 0.0 ], [ 123.49327173, 0.49011712, 0.0 ], [ 123.49327173, 0.48921883, 0.0 ], [ 123.49417004, 0.48921883, 0.0 ] ] ] } },
{ "type": "Feature", "properties": { "gridcode": 2, "Bhy_Bjr": "Sedang", "Luas_Ha": 1.00000000003, "SMBR_DATA": "Badan Nasional Penanggulangan Bencana (BNPB), 2015", "WADMPR": "Gorontalo" }, "geometry": { "type": "Polygon", "coordinates": [ [ [ 123.41421998, 0.48832055, 0.0 ], [ 123.41421998, 0.48921883, 0.0 ], [ 123.41332167, 0.48921883, 0.0 ], [ 123.41332167, 0.48832055, 0.0 ], [ 123.41421998, 0.48832055, 0.0 ] ] ] } },
{ "type": "Feature", "properties": { "gridcode": 1, "Bhy_Bjr": "Rendah", "Luas_Ha": 2.99999999992, "SMBR_DATA": "Badan Nasional Penanggulangan Bencana (BNPB), 2015", "WADMPR": "Gorontalo" }, "geometry": { "type": "Polygon", "coordinates": [ [ [ 123.46542395, 0.49011712, 0.0 ], [ 123.46542395, 0.48832055, 0.0 ], [ 123.46632227, 0.48832055, 0.0 ], [ 123.46632227, 0.48921883, 0.0 ], [ 123.46722058, 0.48921883, 0.0 ], [ 123.46722058, 0.49011712, 0.0 ], [ 123.46542395, 0.49011712, 0.0 ] ] ] } },
{ "type": "Feature", "properties": { "gridcode": 1, "Bhy_Bjr": "Rendah", "Luas_Ha": 1.00000000001, "SMBR_DATA": "Badan Nasional Penanggulangan Bencana (BNPB), 2015", "WADMPR": "Gorontalo" }, "geometry": { "type": "Polygon", "coordinates": [ [ [ 123.47171216, 0.48832055, 0.0 ], [ 123.47171216, 0.48921883, 0.0 ], [ 123.47081384, 0.48921883, 0.0 ], [ 123.47081384, 0.48832055, 0.0 ], [ 123.47171216, 0.48832055, 0.0 ] ] ] } },
{ "type": "Feature", "properties": { "gridcode": 3, "Bhy_Bjr": "Tinggi", "Luas_Ha": 1.00000000003, "SMBR_DATA": "Badan Nasional Penanggulangan Bencana (BNPB), 2015", "WADMPR": "Gorontalo" }, "geometry": { "type": "Polygon", "coordinates": [ [ [ 123.49327173, 0.48832055, 0.0 ], [ 123.49327173, 0.48921883, 0.0 ], [ 123.49237341, 0.48921883, 0.0 ], [ 123.49237341, 0.48832055, 0.0 ], [ 123.49327173, 0.48832055, 0.0 ] ] ] } },
{ "type": "Feature", "properties": { "gridcode": 2, "Bhy_Bjr": "Sedang", "Luas_Ha": 1.00000000003, "SMBR_DATA": "Badan Nasional Penanggulangan Bencana (BNPB), 2015", "WADMPR": "Gorontalo" }, "geometry": { "type": "Polygon", "coordinates": [ [ [ 123.49417004, 0.48832055, 0.0 ], [ 123.49506836, 0.48832055, 0.0 ], [ 123.49506836, 0.48921883, 0.0 ], [ 123.49417004, 0.48921883, 0.0 ], [ 123.49417004, 0.48832055, 0.0 ] ] ] } },
{ "type": "Feature", "properties": { "gridcode": 2, "Bhy_Bjr": "Sedang", "Luas_Ha": 60.000000000100002, "SMBR_DATA": "Badan Nasional Penanggulangan Bencana (BNPB), 2015", "WADMPR": "Gorontalo" }, "geometry": { "type": "Polygon", "coordinates": [ [ [ 123.46991553, 0.49460853, 0.0 ], [ 123.46991553, 0.49550681, 0.0 ], [ 123.46901721, 0.49550681, 0.0 ], [ 123.46901721, 0.49640509, 0.0 ], [ 123.4681189, 0.49640509, 0.0 ], [ 123.46722058, 0.49640509, 0.0 ], [ 123.46722058, 0.49550681, 0.0 ], [ 123.46452564, 0.49550681, 0.0 ], [ 123.46452564, 0.49281196, 0.0 ], [ 123.46452564, 0.49011712, 0.0 ], [ 123.46542395, 0.49011712, 0.0 ], [ 123.46722058, 0.49011712, 0.0 ], [ 123.46991553, 0.49011712, 0.0 ], [ 123.47081384, 0.49011712, 0.0 ], [ 123.47081384, 0.48921883, 0.0 ], [ 123.47171216, 0.48921883, 0.0 ], [ 123.47171216, 0.48832055, 0.0 ], [ 123.47261047, 0.48832055, 0.0 ], [ 123.47261047, 0.48742227, 0.0 ], [ 123.4744071, 0.48742227, 0.0 ], [ 123.4744071, 0.49191368, 0.0 ], [ 123.47171216, 0.49191368, 0.0 ], [ 123.47171216, 0.49281196, 0.0 ], [ 123.47081384, 0.49281196, 0.0 ], [ 123.47081384, 0.49371025, 0.0 ], [ 123.46991553, 0.49371025, 0.0 ], [ 123.46991553, 0.49460853, 0.0 ] ] ] } },
{ "type": "Feature", "properties": { "gridcode": 2, "Bhy_Bjr": "Sedang", "Luas_Ha": 1.00000000001, "SMBR_DATA": "Badan Nasional Penanggulangan Bencana (BNPB), 2015", "WADMPR": "Gorontalo" }, "geometry": { "type": "Polygon", "coordinates": [ [ [ 123.49327173, 0.48742227, 0.0 ], [ 123.49417004, 0.48742227, 0.0 ], [ 123.49417004, 0.48832055, 0.0 ], [ 123.49327173, 0.48832055, 0.0 ], [ 123.49327173, 0.48742227, 0.0 ] ] ] } },
{ "type": "Feature", "properties": { "gridcode": 3, "Bhy_Bjr": "Tinggi", "Luas_Ha": 30.0, "SMBR_DATA": "Badan Nasional Penanggulangan Bencana (BNPB), 2015", "WADMPR": "Gorontalo" }, "geometry": { "type": "Polygon", "coordinates": [ [ [ 123.42410145, 0.48921883, 0.0 ], [ 123.42410145, 0.49011712, 0.0 ], [ 123.42320313, 0.49011712, 0.0 ], [ 123.42320313, 0.49191368, 0.0 ], [ 123.42230482, 0.49191368, 0.0 ], [ 123.42230482, 0.49281196, 0.0 ], [ 123.41900055, 0.49281196, 0.0 ], [ 123.41781324, 0.49281196, 0.0 ], [ 123.41781324, 0.49191368, 0.0 ], [ 123.41691493, 0.49191368, 0.0 ], [ 123.41691493, 0.4910154, 0.0 ], [ 123.41601661, 0.4910154, 0.0 ], [ 123.41601661, 0.49011712, 0.0 ], [ 123.41601661, 0.48832055, 0.0 ], [ 123.41601661, 0.48742227, 0.0 ], [ 123.41691493, 0.48742227, 0.0 ], [ 123.41691493, 0.48652399, 0.0 ], [ 123.4172102, 0.48652399, 0.0 ], [ 123.41781324, 0.48652399, 0.0 ], [ 123.41781324, 0.48742227, 0.0 ], [ 123.41871156, 0.48742227, 0.0 ], [ 123.41871156, 0.48832055, 0.0 ], [ 123.4175112, 0.48832055, 0.0 ], [ 123.41691493, 0.48832055, 0.0 ], [ 123.41691493, 0.49011712, 0.0 ], [ 123.41781324, 0.49011712, 0.0 ], [ 123.41781324, 0.48932115, 0.0 ], [ 123.41781324, 0.48921883, 0.0 ], [ 123.41871156, 0.48921883, 0.0 ], [ 123.41871156, 0.49011712, 0.0 ], [ 123.4214065, 0.49011712, 0.0 ], [ 123.4214065, 0.4910154, 0.0 ], [ 123.42230482, 0.4910154, 0.0 ], [ 123.42230482, 0.49011712, 0.0 ], [ 123.4214065, 0.49011712, 0.0 ], [ 123.4214065, 0.48921883, 0.0 ], [ 123.42230482, 0.48921883, 0.0 ], [ 123.42230482, 0.48832055, 0.0 ], [ 123.42320313, 0.48832055, 0.0 ], [ 123.42320313, 0.48921883, 0.0 ], [ 123.42410145, 0.48921883, 0.0 ] ] ] } },
{ "type": "Feature", "properties": { "gridcode": 3, "Bhy_Bjr": "Tinggi", "Luas_Ha": 8.0000000001299991, "SMBR_DATA": "Badan Nasional Penanggulangan Bencana (BNPB), 2015", "WADMPR": "Gorontalo" }, "geometry": { "type": "Polygon", "coordinates": [ [ [ 123.47620374, 0.48832055, 0.0 ], [ 123.47620374, 0.48921883, 0.0 ], [ 123.47530542, 0.48921883, 0.0 ], [ 123.47530542, 0.49191368, 0.0 ], [ 123.4744071, 0.49191368, 0.0 ], [ 123.4744071, 0.48742227, 0.0 ], [ 123.4744071, 0.48652399, 0.0 ], [ 123.47530542, 0.48652399, 0.0 ], [ 123.47530542, 0.48742227, 0.0 ], [ 123.47620374, 0.48742227, 0.0 ], [ 123.47620374, 0.48832055, 0.0 ] ] ] } },
{ "type": "Feature", "properties": { "gridcode": 3, "Bhy_Bjr": "Tinggi", "Luas_Ha": 2.00000000004, "SMBR_DATA": "Badan Nasional Penanggulangan Bencana (BNPB), 2015", "WADMPR": "Gorontalo" }, "geometry": { "type": "Polygon", "coordinates": [ [ [ 123.49327173, 0.48652399, 0.0 ], [ 123.49327173, 0.48742227, 0.0 ], [ 123.49237341, 0.48742227, 0.0 ], [ 123.4914751, 0.48742227, 0.0 ], [ 123.4914751, 0.48652399, 0.0 ], [ 123.49327173, 0.48652399, 0.0 ] ] ] } },
{ "type": "Feature", "properties": { "gridcode": 1, "Bhy_Bjr": "Rendah", "Luas_Ha": 1.00000000003, "SMBR_DATA": "Badan Nasional Penanggulangan Bencana (BNPB), 2015", "WADMPR": "Gorontalo" }, "geometry": { "type": "Polygon", "coordinates": [ [ [ 123.50494982, 0.48652399, 0.0 ], [ 123.50494982, 0.48742227, 0.0 ], [ 123.50405151, 0.48742227, 0.0 ], [ 123.50405151, 0.48652399, 0.0 ], [ 123.50494982, 0.48652399, 0.0 ] ] ] } },
{ "type": "Feature", "properties": { "gridcode": 2, "Bhy_Bjr": "Sedang", "Luas_Ha": 55.543222593599999, "SMBR_DATA": "Badan Nasional Penanggulangan Bencana (BNPB), 2015", "WADMPR": "Gorontalo" }, "geometry": { "type": "Polygon", "coordinates": [ [ [ 123.51842455, 0.49281196, 0.0 ], [ 123.51752624, 0.49281196, 0.0 ], [ 123.51752624, 0.49371025, 0.0 ], [ 123.51662792, 0.49371025, 0.0 ], [ 123.51662792, 0.49191368, 0.0 ], [ 123.51572961, 0.49191368, 0.0 ], [ 123.51572961, 0.4910154, 0.0 ], [ 123.51483129, 0.4910154, 0.0 ], [ 123.51483129, 0.49191368, 0.0 ], [ 123.51213635, 0.49191368, 0.0 ], [ 123.51213635, 0.4910154, 0.0 ], [ 123.51213635, 0.48832055, 0.0 ], [ 123.51213635, 0.48742227, 0.0 ], [ 123.51303466, 0.48742227, 0.0 ], [ 123.51393298, 0.48742227, 0.0 ], [ 123.51393298, 0.48652399, 0.0 ], [ 123.51662792, 0.48652399, 0.0 ], [ 123.51752624, 0.48652399, 0.0 ], [ 123.51842455, 0.48652399, 0.0 ], [ 123.5211195, 0.48652399, 0.0 ], [ 123.52201781, 0.48652399, 0.0 ], [ 123.52276959, 0.48652399, 0.0 ], [ 123.5227449, 0.4867766, 0.0 ], [ 123.52268026, 0.48797883, 0.0 ], [ 123.52266189, 0.48832055, 0.0 ], [ 123.52201781, 0.48832055, 0.0 ], [ 123.52201781, 0.48921883, 0.0 ], [ 123.52022118, 0.48921883, 0.0 ], [ 123.52022118, 0.49011712, 0.0 ], [ 123.51932287, 0.49011712, 0.0 ], [ 123.51932287, 0.4910154, 0.0 ], [ 123.51842455, 0.4910154, 0.0 ], [ 123.51842455, 0.49281196, 0.0 ] ], [ [ 123.51483129, 0.48921883, 0.0 ], [ 123.51572961, 0.48921883, 0.0 ], [ 123.51572961, 0.48832055, 0.0 ], [ 123.51662792, 0.48832055, 0.0 ], [ 123.51662792, 0.48742227, 0.0 ], [ 123.51483129, 0.48742227, 0.0 ], [ 123.51483129, 0.48921883, 0.0 ] ] ] } },
{ "type": "Feature", "properties": { "gridcode": 3, "Bhy_Bjr": "Tinggi", "Luas_Ha": 1.99999999998, "SMBR_DATA": "Badan Nasional Penanggulangan Bencana (BNPB), 2015", "WADMPR": "Gorontalo" }, "geometry": { "type": "Polygon", "coordinates": [ [ [ 123.41781324, 0.48652399, 0.0 ], [ 123.41781324, 0.4856257, 0.0 ], [ 123.41960987, 0.4856257, 0.0 ], [ 123.41960987, 0.48652399, 0.0 ], [ 123.41781324, 0.48652399, 0.0 ] ] ] } },
{ "type": "Feature", "properties": { "gridcode": 2, "Bhy_Bjr": "Sedang", "Luas_Ha": 0.99999999996, "SMBR_DATA": "Badan Nasional Penanggulangan Bencana (BNPB), 2015", "WADMPR": "Gorontalo" }, "geometry": { "type": "Polygon", "coordinates": [ [ [ 123.49686499, 0.4856257, 0.0 ], [ 123.49686499, 0.48652399, 0.0 ], [ 123.49596667, 0.48652399, 0.0 ], [ 123.49596667, 0.4856257, 0.0 ], [ 123.49686499, 0.4856257, 0.0 ] ] ] } },
{ "type": "Feature", "properties": { "gridcode": 1, "Bhy_Bjr": "Rendah", "Luas_Ha": 1.00000000006, "SMBR_DATA": "Badan Nasional Penanggulangan Bencana (BNPB), 2015", "WADMPR": "Gorontalo" }, "geometry": { "type": "Polygon", "coordinates": [ [ [ 123.51752624, 0.48652399, 0.0 ], [ 123.51752624, 0.4856257, 0.0 ], [ 123.51842455, 0.4856257, 0.0 ], [ 123.51842455, 0.48652399, 0.0 ], [ 123.51752624, 0.48652399, 0.0 ] ] ] } },
{ "type": "Feature", "properties": { "gridcode": 2, "Bhy_Bjr": "Sedang", "Luas_Ha": 9.0000000001899991, "SMBR_DATA": "Badan Nasional Penanggulangan Bencana (BNPB), 2015", "WADMPR": "Gorontalo" }, "geometry": { "type": "Polygon", "coordinates": [ [ [ 123.41691493, 0.48652399, 0.0 ], [ 123.41691493, 0.48742227, 0.0 ], [ 123.41601661, 0.48742227, 0.0 ], [ 123.41601661, 0.48832055, 0.0 ], [ 123.41421998, 0.48832055, 0.0 ], [ 123.41421998, 0.4856257, 0.0 ], [ 123.4151183, 0.4856257, 0.0 ], [ 123.4151183, 0.48472742, 0.0 ], [ 123.41601661, 0.48472742, 0.0 ], [ 123.41601661, 0.4856257, 0.0 ], [ 123.41691493, 0.4856257, 0.0 ], [ 123.41691493, 0.48652399, 0.0 ] ] ] } },
{ "type": "Feature", "properties": { "gridcode": 3, "Bhy_Bjr": "Tinggi", "Luas_Ha": 2.00000000002, "SMBR_DATA": "Badan Nasional Penanggulangan Bencana (BNPB), 2015", "WADMPR": "Gorontalo" }, "geometry": { "type": "Polygon", "coordinates": [ [ [ 123.49417004, 0.4856257, 0.0 ], [ 123.49417004, 0.48652399, 0.0 ], [ 123.49327173, 0.48652399, 0.0 ], [ 123.49327173, 0.48472742, 0.0 ], [ 123.49417004, 0.48472742, 0.0 ], [ 123.49417004, 0.4856257, 0.0 ] ] ] } },
{ "type": "Feature", "properties": { "gridcode": 2, "Bhy_Bjr": "Sedang", "Luas_Ha": 0.99999999996, "SMBR_DATA": "Badan Nasional Penanggulangan Bencana (BNPB), 2015", "WADMPR": "Gorontalo" }, "geometry": { "type": "Polygon", "coordinates": [ [ [ 123.41601661, 0.48472742, 0.0 ], [ 123.41601661, 0.48382914, 0.0 ], [ 123.41691493, 0.48382914, 0.0 ], [ 123.41691493, 0.48472742, 0.0 ], [ 123.41601661, 0.48472742, 0.0 ] ] ] } },
{ "type": "Feature", "properties": { "gridcode": 2, "Bhy_Bjr": "Sedang", "Luas_Ha": 6.99999999999, "SMBR_DATA": "Badan Nasional Penanggulangan Bencana (BNPB), 2015", "WADMPR": "Gorontalo" }, "geometry": { "type": "Polygon", "coordinates": [ [ [ 123.4151183, 0.48472742, 0.0 ], [ 123.41421998, 0.48472742, 0.0 ], [ 123.41421998, 0.48382914, 0.0 ], [ 123.41242335, 0.48382914, 0.0 ], [ 123.41242335, 0.48203257, 0.0 ], [ 123.4151183, 0.48203257, 0.0 ], [ 123.4151183, 0.48472742, 0.0 ] ] ] } },
{ "type": "Feature", "properties": { "gridcode": 2, "Bhy_Bjr": "Sedang", "Luas_Ha": 25.000000000299998, "SMBR_DATA": "Badan Nasional Penanggulangan Bencana (BNPB), 2015", "WADMPR": "Gorontalo" }, "geometry": { "type": "Polygon", "coordinates": [ [ [ 123.47530542, 0.48652399, 0.0 ], [ 123.47530542, 0.48472742, 0.0 ], [ 123.47620374, 0.48472742, 0.0 ], [ 123.47620374, 0.48382914, 0.0 ], [ 123.47710205, 0.48382914, 0.0 ], [ 123.47710205, 0.48293085, 0.0 ], [ 123.47889868, 0.48293085, 0.0 ], [ 123.47889868, 0.48203257, 0.0 ], [ 123.479797, 0.48203257, 0.0 ], [ 123.479797, 0.48742227, 0.0 ], [ 123.47800037, 0.48742227, 0.0 ], [ 123.47800037, 0.48832055, 0.0 ], [ 123.47620374, 0.48832055, 0.0 ], [ 123.47620374, 0.48742227, 0.0 ], [ 123.47530542, 0.48742227, 0.0 ], [ 123.47530542, 0.48652399, 0.0 ] ] ] } },
{ "type": "Feature", "properties": { "gridcode": 1, "Bhy_Bjr": "Rendah", "Luas_Ha": 210.00000000099999, "SMBR_DATA": "Badan Nasional Penanggulangan Bencana (BNPB), 2015", "WADMPR": "Gorontalo" }, "geometry": { "type": "Polygon", "coordinates": [ [ [ 123.50674645, 0.5008965, 0.0 ], [ 123.50494982, 0.5008965, 0.0 ], [ 123.50494982, 0.50179478, 0.0 ], [ 123.50405151, 0.50179478, 0.0 ], [ 123.50405151, 0.49820165, 0.0 ], [ 123.50315319, 0.49820165, 0.0 ], [ 123.50135656, 0.49820165, 0.0 ], [ 123.50135656, 0.49730337, 0.0 ], [ 123.50045825, 0.49730337, 0.0 ], [ 123.50045825, 0.49550681, 0.0 ], [ 123.49866162, 0.49550681, 0.0 ], [ 123.49866162, 0.49460853, 0.0 ], [ 123.49596667, 0.49460853, 0.0 ], [ 123.49596667, 0.49281196, 0.0 ], [ 123.4977633, 0.49281196, 0.0 ], [ 123.4977633, 0.49011712, 0.0 ], [ 123.49866162, 0.49011712, 0.0 ], [ 123.49866162, 0.49191368, 0.0 ], [ 123.49955993, 0.49191368, 0.0 ], [ 123.49955993, 0.48832055, 0.0 ], [ 123.50045825, 0.48832055, 0.0 ], [ 123.50045825, 0.48742227, 0.0 ], [ 123.4977633, 0.48742227, 0.0 ], [ 123.4977633, 0.48832055, 0.0 ], [ 123.49596667, 0.48832055, 0.0 ], [ 123.49596667, 0.48652399, 0.0 ], [ 123.49686499, 0.48652399, 0.0 ], [ 123.49686499, 0.4856257, 0.0 ], [ 123.49686499, 0.48472742, 0.0 ], [ 123.4977633, 0.48472742, 0.0 ], [ 123.4977633, 0.48382914, 0.0 ], [ 123.49686499, 0.48382914, 0.0 ], [ 123.49686499, 0.48293085, 0.0 ], [ 123.49955993, 0.48293085, 0.0 ], [ 123.49955993, 0.48382914, 0.0 ], [ 123.49866162, 0.48382914, 0.0 ], [ 123.49866162, 0.48472742, 0.0 ], [ 123.50135656, 0.48472742, 0.0 ], [ 123.50135656, 0.48382914, 0.0 ], [ 123.50045825, 0.48382914, 0.0 ], [ 123.50045825, 0.48293085, 0.0 ], [ 123.50225488, 0.48293085, 0.0 ], [ 123.50225488, 0.48203257, 0.0 ], [ 123.50315319, 0.48203257, 0.0 ], [ 123.50315319, 0.48382914, 0.0 ], [ 123.50405151, 0.48382914, 0.0 ], [ 123.50405151, 0.48113429, 0.0 ], [ 123.50494982, 0.48113429, 0.0 ], [ 123.50584814, 0.48113429, 0.0 ], [ 123.50674645, 0.48113429, 0.0 ], [ 123.51033972, 0.48113429, 0.0 ], [ 123.51033972, 0.48382914, 0.0 ], [ 123.50854309, 0.48382914, 0.0 ], [ 123.50854309, 0.48293085, 0.0 ], [ 123.50764477, 0.48293085, 0.0 ], [ 123.50764477, 0.48382914, 0.0 ], [ 123.50854309, 0.48382914, 0.0 ], [ 123.50854309, 0.48472742, 0.0 ], [ 123.50764477, 0.48472742, 0.0 ], [ 123.50764477, 0.4856257, 0.0 ], [ 123.5094414, 0.4856257, 0.0 ], [ 123.5094414, 0.48832055, 0.0 ], [ 123.50854309, 0.48832055, 0.0 ], [ 123.50854309, 0.48921883, 0.0 ], [ 123.50764477, 0.48921883, 0.0 ], [ 123.50764477, 0.49281196, 0.0 ], [ 123.50854309, 0.49281196, 0.0 ], [ 123.50854309, 0.49191368, 0.0 ], [ 123.51033972, 0.49191368, 0.0 ], [ 123.51033972, 0.48921883, 0.0 ], [ 123.5094414, 0.48921883, 0.0 ], [ 123.5094414, 0.48832055, 0.0 ], [ 123.51033972, 0.48832055, 0.0 ], [ 123.51033972, 0.48742227, 0.0 ], [ 123.51123803, 0.48742227, 0.0 ], [ 123.51123803, 0.48832055, 0.0 ], [ 123.51213635, 0.48832055, 0.0 ], [ 123.51213635, 0.4910154, 0.0 ], [ 123.51123803, 0.4910154, 0.0 ], [ 123.51123803, 0.49191368, 0.0 ], [ 123.51213635, 0.49191368, 0.0 ], [ 123.51213635, 0.49281196, 0.0 ], [ 123.51123803, 0.49281196, 0.0 ], [ 123.51123803, 0.49371025, 0.0 ], [ 123.51033972, 0.49371025, 0.0 ], [ 123.51033972, 0.49460853, 0.0 ], [ 123.50674645, 0.49460853, 0.0 ], [ 123.50674645, 0.49550681, 0.0 ], [ 123.50584814, 0.49550681, 0.0 ], [ 123.50584814, 0.49640509, 0.0 ], [ 123.50494982, 0.49640509, 0.0 ], [ 123.50494982, 0.49730337, 0.0 ], [ 123.50584814, 0.49730337, 0.0 ], [ 123.50584814, 0.49909994, 0.0 ], [ 123.50764477, 0.49909994, 0.0 ], [ 123.50764477, 0.49999822, 0.0 ], [ 123.50674645, 0.49999822, 0.0 ], [ 123.50674645, 0.5008965, 0.0 ] ], [ [ 123.50494982, 0.48742227, 0.0 ], [ 123.50584814, 0.48742227, 0.0 ], [ 123.50584814, 0.48832055, 0.0 ], [ 123.50764477, 0.48832055, 0.0 ], [ 123.50764477, 0.48742227, 0.0 ], [ 123.50674645, 0.48742227, 0.0 ], [ 123.50674645, 0.48652399, 0.0 ], [ 123.50494982, 0.48652399, 0.0 ], [ 123.50494982, 0.4856257, 0.0 ], [ 123.50405151, 0.4856257, 0.0 ], [ 123.50405151, 0.48472742, 0.0 ], [ 123.50225488, 0.48472742, 0.0 ], [ 123.50225488, 0.4856257, 0.0 ], [ 123.50405151, 0.4856257, 0.0 ], [ 123.50405151, 0.48652399, 0.0 ], [ 123.50315319, 0.48652399, 0.0 ], [ 123.50315319, 0.48742227, 0.0 ], [ 123.50405151, 0.48742227, 0.0 ], [ 123.50405151, 0.48832055, 0.0 ], [ 123.50494982, 0.48832055, 0.0 ], [ 123.50494982, 0.48742227, 0.0 ] ] ] } },
{ "type": "Feature", "properties": { "gridcode": 1, "Bhy_Bjr": "Rendah", "Luas_Ha": 19.999999999700002, "SMBR_DATA": "Badan Nasional Penanggulangan Bencana (BNPB), 2015", "WADMPR": "Gorontalo" }, "geometry": { "type": "Polygon", "coordinates": [ [ [ 123.51662792, 0.48652399, 0.0 ], [ 123.51393298, 0.48652399, 0.0 ], [ 123.51393298, 0.48742227, 0.0 ], [ 123.51303466, 0.48742227, 0.0 ], [ 123.51303466, 0.48113429, 0.0 ], [ 123.51483129, 0.48113429, 0.0 ], [ 123.51483129, 0.48203257, 0.0 ], [ 123.51572961, 0.48203257, 0.0 ], [ 123.51572961, 0.48382914, 0.0 ], [ 123.51483129, 0.48382914, 0.0 ], [ 123.51483129, 0.48472742, 0.0 ], [ 123.51572961, 0.48472742, 0.0 ], [ 123.51572961, 0.48382914, 0.0 ], [ 123.51662792, 0.48382914, 0.0 ], [ 123.51662792, 0.48652399, 0.0 ] ] ] } },
{ "type": "Feature", "properties": { "gridcode": 2, "Bhy_Bjr": "Sedang", "Luas_Ha": 1.00000000001, "SMBR_DATA": "Badan Nasional Penanggulangan Bencana (BNPB), 2015", "WADMPR": "Gorontalo" }, "geometry": { "type": "Polygon", "coordinates": [ [ [ 123.50584814, 0.48113429, 0.0 ], [ 123.50584814, 0.480236, 0.0 ], [ 123.50674645, 0.480236, 0.0 ], [ 123.50674645, 0.48113429, 0.0 ], [ 123.50584814, 0.48113429, 0.0 ] ] ] } },
{ "type": "Feature", "properties": { "gridcode": 1, "Bhy_Bjr": "Rendah", "Luas_Ha": 1.00000000003, "SMBR_DATA": "Badan Nasional Penanggulangan Bencana (BNPB), 2015", "WADMPR": "Gorontalo" }, "geometry": { "type": "Polygon", "coordinates": [ [ [ 123.51123803, 0.480236, 0.0 ], [ 123.51123803, 0.48113429, 0.0 ], [ 123.51033972, 0.48113429, 0.0 ], [ 123.51033972, 0.480236, 0.0 ], [ 123.51123803, 0.480236, 0.0 ] ] ] } },
{ "type": "Feature", "properties": { "gridcode": 1, "Bhy_Bjr": "Rendah", "Luas_Ha": 1.00000000003, "SMBR_DATA": "Badan Nasional Penanggulangan Bencana (BNPB), 2015", "WADMPR": "Gorontalo" }, "geometry": { "type": "Polygon", "coordinates": [ [ [ 123.51213635, 0.480236, 0.0 ], [ 123.51303466, 0.480236, 0.0 ], [ 123.51303466, 0.48113429, 0.0 ], [ 123.51213635, 0.48113429, 0.0 ], [ 123.51213635, 0.480236, 0.0 ] ] ] } },
{ "type": "Feature", "properties": { "gridcode": 1, "Bhy_Bjr": "Rendah", "Luas_Ha": 77.000000000100002, "SMBR_DATA": "Badan Nasional Penanggulangan Bencana (BNPB), 2015", "WADMPR": "Gorontalo" }, "geometry": { "type": "Polygon", "coordinates": [ [ [ 123.48878015, 0.48742227, 0.0 ], [ 123.48878015, 0.48832055, 0.0 ], [ 123.48788183, 0.48832055, 0.0 ], [ 123.48788183, 0.48921883, 0.0 ], [ 123.48698352, 0.48921883, 0.0 ], [ 123.48698352, 0.49011712, 0.0 ], [ 123.4860852, 0.49011712, 0.0 ], [ 123.4860852, 0.4910154, 0.0 ], [ 123.48428857, 0.4910154, 0.0 ], [ 123.48428857, 0.49191368, 0.0 ], [ 123.48339026, 0.49191368, 0.0 ], [ 123.48339026, 0.49281196, 0.0 ], [ 123.48159363, 0.49281196, 0.0 ], [ 123.48159363, 0.49371025, 0.0 ], [ 123.479797, 0.49371025, 0.0 ], [ 123.479797, 0.49460853, 0.0 ], [ 123.47889868, 0.49460853, 0.0 ], [ 123.47889868, 0.49371025, 0.0 ], [ 123.47889868, 0.49191368, 0.0 ], [ 123.479797, 0.49191368, 0.0 ], [ 123.479797, 0.4910154, 0.0 ], [ 123.48159363, 0.4910154, 0.0 ], [ 123.48159363, 0.49011712, 0.0 ], [ 123.48249194, 0.49011712, 0.0 ], [ 123.48249194, 0.48742227, 0.0 ], [ 123.48159363, 0.48742227, 0.0 ], [ 123.48159363, 0.48472742, 0.0 ], [ 123.48339026, 0.48472742, 0.0 ], [ 123.48339026, 0.4856257, 0.0 ], [ 123.48428857, 0.4856257, 0.0 ], [ 123.48428857, 0.48652399, 0.0 ], [ 123.48518689, 0.48652399, 0.0 ], [ 123.48518689, 0.48382914, 0.0 ], [ 123.48428857, 0.48382914, 0.0 ], [ 123.48428857, 0.48203257, 0.0 ], [ 123.48339026, 0.48203257, 0.0 ], [ 123.48339026, 0.48113429, 0.0 ], [ 123.4860852, 0.48113429, 0.0 ], [ 123.4860852, 0.480236, 0.0 ], [ 123.48698352, 0.480236, 0.0 ], [ 123.48698352, 0.47933772, 0.0 ], [ 123.48788183, 0.47933772, 0.0 ], [ 123.48788183, 0.48113429, 0.0 ], [ 123.48698352, 0.48113429, 0.0 ], [ 123.48698352, 0.48203257, 0.0 ], [ 123.48788183, 0.48203257, 0.0 ], [ 123.48788183, 0.48293085, 0.0 ], [ 123.48878015, 0.48293085, 0.0 ], [ 123.48878015, 0.4856257, 0.0 ], [ 123.48788183, 0.4856257, 0.0 ], [ 123.48788183, 0.48652399, 0.0 ], [ 123.48878015, 0.48652399, 0.0 ], [ 123.48878015, 0.48742227, 0.0 ] ] ] } },
{ "type": "Feature", "properties": { "gridcode": 1, "Bhy_Bjr": "Rendah", "Luas_Ha": 1.00000000003, "SMBR_DATA": "Badan Nasional Penanggulangan Bencana (BNPB), 2015", "WADMPR": "Gorontalo" }, "geometry": { "type": "Polygon", "coordinates": [ [ [ 123.51033972, 0.47933772, 0.0 ], [ 123.51033972, 0.480236, 0.0 ], [ 123.5094414, 0.480236, 0.0 ], [ 123.5094414, 0.47933772, 0.0 ], [ 123.51033972, 0.47933772, 0.0 ] ] ] } },
{ "type": "Feature", "properties": { "gridcode": 1, "Bhy_Bjr": "Rendah", "Luas_Ha": 1.00000000001, "SMBR_DATA": "Badan Nasional Penanggulangan Bencana (BNPB), 2015", "WADMPR": "Gorontalo" }, "geometry": { "type": "Polygon", "coordinates": [ [ [ 123.51123803, 0.480236, 0.0 ], [ 123.51123803, 0.47933772, 0.0 ], [ 123.51213635, 0.47933772, 0.0 ], [ 123.51213635, 0.480236, 0.0 ], [ 123.51123803, 0.480236, 0.0 ] ] ] } },
{ "type": "Feature", "properties": { "gridcode": 2, "Bhy_Bjr": "Sedang", "Luas_Ha": 4.99999999999, "SMBR_DATA": "Badan Nasional Penanggulangan Bencana (BNPB), 2015", "WADMPR": "Gorontalo" }, "geometry": { "type": "Polygon", "coordinates": [ [ [ 123.4860852, 0.480236, 0.0 ], [ 123.4860852, 0.48113429, 0.0 ], [ 123.48339026, 0.48113429, 0.0 ], [ 123.48339026, 0.480236, 0.0 ], [ 123.48428857, 0.480236, 0.0 ], [ 123.48428857, 0.47933772, 0.0 ], [ 123.48428857, 0.47843944, 0.0 ], [ 123.48518689, 0.47843944, 0.0 ], [ 123.48518689, 0.480236, 0.0 ], [ 123.4860852, 0.480236, 0.0 ] ] ] } },
{ "type": "Feature", "properties": { "gridcode": 2, "Bhy_Bjr": "Sedang", "Luas_Ha": 1.99999999995, "SMBR_DATA": "Badan Nasional Penanggulangan Bencana (BNPB), 2015", "WADMPR": "Gorontalo" }, "geometry": { "type": "Polygon", "coordinates": [ [ [ 123.48698352, 0.47933772, 0.0 ], [ 123.48698352, 0.480236, 0.0 ], [ 123.4860852, 0.480236, 0.0 ], [ 123.4860852, 0.47843944, 0.0 ], [ 123.48698352, 0.47843944, 0.0 ], [ 123.48698352, 0.47933772, 0.0 ] ] ] } },
{ "type": "Feature", "properties": { "gridcode": 1, "Bhy_Bjr": "Rendah", "Luas_Ha": 0.99999999994, "SMBR_DATA": "Badan Nasional Penanggulangan Bencana (BNPB), 2015", "WADMPR": "Gorontalo" }, "geometry": { "type": "Polygon", "coordinates": [ [ [ 123.48878015, 0.47843944, 0.0 ], [ 123.48878015, 0.47933772, 0.0 ], [ 123.48788183, 0.47933772, 0.0 ], [ 123.48788183, 0.47843944, 0.0 ], [ 123.48878015, 0.47843944, 0.0 ] ] ] } },
{ "type": "Feature", "properties": { "gridcode": 2, "Bhy_Bjr": "Sedang", "Luas_Ha": 1.99999999991, "SMBR_DATA": "Badan Nasional Penanggulangan Bencana (BNPB), 2015", "WADMPR": "Gorontalo" }, "geometry": { "type": "Polygon", "coordinates": [ [ [ 123.50854309, 0.47843944, 0.0 ], [ 123.51033972, 0.47843944, 0.0 ], [ 123.51033972, 0.47933772, 0.0 ], [ 123.5094414, 0.47933772, 0.0 ], [ 123.50854309, 0.47933772, 0.0 ], [ 123.50854309, 0.47843944, 0.0 ] ] ] } },
{ "type": "Feature", "properties": { "gridcode": 3, "Bhy_Bjr": "Tinggi", "Luas_Ha": 1.99999999995, "SMBR_DATA": "Badan Nasional Penanggulangan Bencana (BNPB), 2015", "WADMPR": "Gorontalo" }, "geometry": { "type": "Polygon", "coordinates": [ [ [ 123.48428857, 0.47843944, 0.0 ], [ 123.48428857, 0.47933772, 0.0 ], [ 123.48339026, 0.47933772, 0.0 ], [ 123.48339026, 0.47754115, 0.0 ], [ 123.48428857, 0.47754115, 0.0 ], [ 123.48428857, 0.47843944, 0.0 ] ] ] } },
{ "type": "Feature", "properties": { "gridcode": 2, "Bhy_Bjr": "Sedang", "Luas_Ha": 126.0, "SMBR_DATA": "Badan Nasional Penanggulangan Bencana (BNPB), 2015", "WADMPR": "Gorontalo" }, "geometry": { "type": "Polygon", "coordinates": [ [ [ 123.48698352, 0.49730337, 0.0 ], [ 123.4860852, 0.49730337, 0.0 ], [ 123.4860852, 0.49550681, 0.0 ], [ 123.48428857, 0.49550681, 0.0 ], [ 123.48428857, 0.49460853, 0.0 ], [ 123.48249194, 0.49460853, 0.0 ], [ 123.48249194, 0.49730337, 0.0 ], [ 123.48159363, 0.49730337, 0.0 ], [ 123.48159363, 0.49820165, 0.0 ], [ 123.48249194, 0.49820165, 0.0 ], [ 123.48249194, 0.49909994, 0.0 ], [ 123.48159363, 0.49909994, 0.0 ], [ 123.48159363, 0.5008965, 0.0 ], [ 123.48249194, 0.5008965, 0.0 ], [ 123.48249194, 0.50269306, 0.0 ], [ 123.48159363, 0.50269306, 0.0 ], [ 123.48069531, 0.50269306, 0.0 ], [ 123.48069531, 0.49999822, 0.0 ], [ 123.479797, 0.49999822, 0.0 ], [ 123.479797, 0.49909994, 0.0 ], [ 123.47889868, 0.49909994, 0.0 ], [ 123.47889868, 0.49999822, 0.0 ], [ 123.47800037, 0.49999822, 0.0 ], [ 123.47620374, 0.49999822, 0.0 ], [ 123.47620374, 0.49730337, 0.0 ], [ 123.47710205, 0.49730337, 0.0 ], [ 123.47710205, 0.49460853, 0.0 ], [ 123.47800037, 0.49460853, 0.0 ], [ 123.47800037, 0.49371025, 0.0 ], [ 123.47889868, 0.49371025, 0.0 ], [ 123.47889868, 0.49460853, 0.0 ], [ 123.479797, 0.49460853, 0.0 ], [ 123.479797, 0.49371025, 0.0 ], [ 123.48159363, 0.49371025, 0.0 ], [ 123.48159363, 0.49281196, 0.0 ], [ 123.48339026, 0.49281196, 0.0 ], [ 123.48339026, 0.49191368, 0.0 ], [ 123.48428857, 0.49191368, 0.0 ], [ 123.48428857, 0.4910154, 0.0 ], [ 123.4860852, 0.4910154, 0.0 ], [ 123.4860852, 0.49011712, 0.0 ], [ 123.48698352, 0.49011712, 0.0 ], [ 123.48698352, 0.48921883, 0.0 ], [ 123.48788183, 0.48921883, 0.0 ], [ 123.48788183, 0.48832055, 0.0 ], [ 123.48878015, 0.48832055, 0.0 ], [ 123.48878015, 0.48742227, 0.0 ], [ 123.48967846, 0.48742227, 0.0 ], [ 123.48967846, 0.48652399, 0.0 ], [ 123.48878015, 0.48652399, 0.0 ], [ 123.48878015, 0.4856257, 0.0 ], [ 123.48878015, 0.48293085, 0.0 ], [ 123.49057678, 0.48293085, 0.0 ], [ 123.49057678, 0.480236, 0.0 ], [ 123.48878015, 0.480236, 0.0 ], [ 123.48878015, 0.47933772, 0.0 ], [ 123.48878015, 0.47843944, 0.0 ], [ 123.48967846, 0.47843944, 0.0 ], [ 123.48967846, 0.47754115, 0.0 ], [ 123.49057678, 0.47754115, 0.0 ], [ 123.49057678, 0.47843944, 0.0 ], [ 123.4914751, 0.47843944, 0.0 ], [ 123.4914751, 0.48382914, 0.0 ], [ 123.48967846, 0.48382914, 0.0 ], [ 123.48967846, 0.48472742, 0.0 ], [ 123.49057678, 0.48472742, 0.0 ], [ 123.49057678, 0.4856257, 0.0 ], [ 123.4914751, 0.4856257, 0.0 ], [ 123.4914751, 0.48652399, 0.0 ], [ 123.4914751, 0.48742227, 0.0 ], [ 123.49237341, 0.48742227, 0.0 ], [ 123.49237341, 0.48832055, 0.0 ], [ 123.49237341, 0.48921883, 0.0 ], [ 123.49237341, 0.49281196, 0.0 ], [ 123.4914751, 0.49281196, 0.0 ], [ 123.4914751, 0.49191368, 0.0 ], [ 123.48967846, 0.49191368, 0.0 ], [ 123.48967846, 0.49460853, 0.0 ], [ 123.48878015, 0.49460853, 0.0 ], [ 123.48878015, 0.49550681, 0.0 ], [ 123.48788183, 0.49550681, 0.0 ], [ 123.48788183, 0.49640509, 0.0 ], [ 123.48698352, 0.49640509, 0.0 ], [ 123.48698352, 0.49730337, 0.0 ] ], [ [ 123.48698352, 0.49460853, 0.0 ], [ 123.48788183, 0.49460853, 0.0 ], [ 123.48788183, 0.49281196, 0.0 ], [ 123.48698352, 0.49281196, 0.0 ], [ 123.48698352, 0.49460853, 0.0 ] ], [ [ 123.47889868, 0.49730337, 0.0 ], [ 123.47800037, 0.49730337, 0.0 ], [ 123.47800037, 0.49820165, 0.0 ], [ 123.47889868, 0.49820165, 0.0 ], [ 123.47889868, 0.49730337, 0.0 ] ], [ [ 123.48518689, 0.49281196, 0.0 ], [ 123.4860852, 0.49281196, 0.0 ], [ 123.4860852, 0.49191368, 0.0 ], [ 123.48518689, 0.49191368, 0.0 ], [ 123.48518689, 0.49281196, 0.0 ] ] ] } },
{ "type": "Feature", "properties": { "gridcode": 1, "Bhy_Bjr": "Rendah", "Luas_Ha": 32.999999999800004, "SMBR_DATA": "Badan Nasional Penanggulangan Bencana (BNPB), 2015", "WADMPR": "Gorontalo" }, "geometry": { "type": "Polygon", "coordinates": [ [ [ 123.5211195, 0.48652399, 0.0 ], [ 123.5211195, 0.48472742, 0.0 ], [ 123.51932287, 0.48472742, 0.0 ], [ 123.51932287, 0.48382914, 0.0 ], [ 123.51842455, 0.48382914, 0.0 ], [ 123.51842455, 0.48203257, 0.0 ], [ 123.51752624, 0.48203257, 0.0 ], [ 123.51752624, 0.480236, 0.0 ], [ 123.51662792, 0.480236, 0.0 ], [ 123.51662792, 0.47933772, 0.0 ], [ 123.51572961, 0.47933772, 0.0 ], [ 123.51572961, 0.47843944, 0.0 ], [ 123.51483129, 0.47843944, 0.0 ], [ 123.51483129, 0.47754115, 0.0 ], [ 123.51842455, 0.47754115, 0.0 ], [ 123.51842455, 0.47843944, 0.0 ], [ 123.52022118, 0.47843944, 0.0 ], [ 123.52022118, 0.480236, 0.0 ], [ 123.51842455, 0.480236, 0.0 ], [ 123.51842455, 0.48113429, 0.0 ], [ 123.51932287, 0.48113429, 0.0 ], [ 123.51932287, 0.48203257, 0.0 ], [ 123.52022118, 0.48203257, 0.0 ], [ 123.52022118, 0.48113429, 0.0 ], [ 123.5211195, 0.48113429, 0.0 ], [ 123.5211195, 0.48203257, 0.0 ], [ 123.52291613, 0.48203257, 0.0 ], [ 123.52291613, 0.48472742, 0.0 ], [ 123.52201781, 0.48472742, 0.0 ], [ 123.52201781, 0.48652399, 0.0 ], [ 123.5211195, 0.48652399, 0.0 ] ] ] } },
{ "type": "Feature", "properties": { "gridcode": 3, "Bhy_Bjr": "Tinggi", "Luas_Ha": 1.00000000003, "SMBR_DATA": "Badan Nasional Penanggulangan Bencana (BNPB), 2015", "WADMPR": "Gorontalo" }, "geometry": { "type": "Polygon", "coordinates": [ [ [ 123.51033972, 0.47574458, 0.0 ], [ 123.51123803, 0.47574458, 0.0 ], [ 123.51123803, 0.47664287, 0.0 ], [ 123.51033972, 0.47664287, 0.0 ], [ 123.51033972, 0.47574458, 0.0 ] ] ] } },
{ "type": "Feature", "properties": { "gridcode": 2, "Bhy_Bjr": "Sedang", "Luas_Ha": 52.000000000199996, "SMBR_DATA": "Badan Nasional Penanggulangan Bencana (BNPB), 2015", "WADMPR": "Gorontalo" }, "geometry": { "type": "Polygon", "coordinates": [ [ [ 123.49686499, 0.48472742, 0.0 ], [ 123.49596667, 0.48472742, 0.0 ], [ 123.49596667, 0.4856257, 0.0 ], [ 123.49417004, 0.4856257, 0.0 ], [ 123.49417004, 0.48472742, 0.0 ], [ 123.49417004, 0.48293085, 0.0 ], [ 123.49506836, 0.48293085, 0.0 ], [ 123.49506836, 0.48203257, 0.0 ], [ 123.49596667, 0.48203257, 0.0 ], [ 123.49596667, 0.48113429, 0.0 ], [ 123.4977633, 0.48113429, 0.0 ], [ 123.4977633, 0.47933772, 0.0 ], [ 123.49686499, 0.47933772, 0.0 ], [ 123.49686499, 0.47754115, 0.0 ], [ 123.4977633, 0.47754115, 0.0 ], [ 123.4977633, 0.47664287, 0.0 ], [ 123.49866162, 0.47664287, 0.0 ], [ 123.49866162, 0.4748463, 0.0 ], [ 123.49955993, 0.4748463, 0.0 ], [ 123.50045825, 0.4748463, 0.0 ], [ 123.50045825, 0.47664287, 0.0 ], [ 123.50045825, 0.47933772, 0.0 ], [ 123.50135656, 0.47933772, 0.0 ], [ 123.50135656, 0.480236, 0.0 ], [ 123.50225488, 0.480236, 0.0 ], [ 123.50225488, 0.47933772, 0.0 ], [ 123.50315319, 0.47933772, 0.0 ], [ 123.50315319, 0.480236, 0.0 ], [ 123.50494982, 0.480236, 0.0 ], [ 123.50494982, 0.48113429, 0.0 ], [ 123.50405151, 0.48113429, 0.0 ], [ 123.50315319, 0.48113429, 0.0 ], [ 123.50315319, 0.48203257, 0.0 ], [ 123.50225488, 0.48203257, 0.0 ], [ 123.50225488, 0.48293085, 0.0 ], [ 123.50045825, 0.48293085, 0.0 ], [ 123.49955993, 0.48293085, 0.0 ], [ 123.49686499, 0.48293085, 0.0 ], [ 123.49686499, 0.48382914, 0.0 ], [ 123.49686499, 0.48472742, 0.0 ] ] ] } },
{ "type": "Feature", "properties": { "gridcode": 3, "Bhy_Bjr": "Tinggi", "Luas_Ha": 16.999999999700002, "SMBR_DATA": "Badan Nasional Penanggulangan Bencana (BNPB), 2015", "WADMPR": "Gorontalo" }, "geometry": { "type": "Polygon", "coordinates": [ [ [ 123.50315319, 0.47933772, 0.0 ], [ 123.50225488, 0.47933772, 0.0 ], [ 123.50225488, 0.480236, 0.0 ], [ 123.50135656, 0.480236, 0.0 ], [ 123.50135656, 0.47933772, 0.0 ], [ 123.50045825, 0.47933772, 0.0 ], [ 123.50045825, 0.47664287, 0.0 ], [ 123.50135656, 0.47664287, 0.0 ], [ 123.50135656, 0.4748463, 0.0 ], [ 123.50315319, 0.4748463, 0.0 ], [ 123.50315319, 0.47574458, 0.0 ], [ 123.50405151, 0.47574458, 0.0 ], [ 123.50405151, 0.47664287, 0.0 ], [ 123.50405151, 0.47843944, 0.0 ], [ 123.50315319, 0.47843944, 0.0 ], [ 123.50315319, 0.47933772, 0.0 ] ] ] } },
{ "type": "Feature", "properties": { "gridcode": 1, "Bhy_Bjr": "Rendah", "Luas_Ha": 9.0000000001, "SMBR_DATA": "Badan Nasional Penanggulangan Bencana (BNPB), 2015", "WADMPR": "Gorontalo" }, "geometry": { "type": "Polygon", "coordinates": [ [ [ 123.49955993, 0.4748463, 0.0 ], [ 123.49866162, 0.4748463, 0.0 ], [ 123.49866162, 0.47664287, 0.0 ], [ 123.4977633, 0.47664287, 0.0 ], [ 123.4977633, 0.47754115, 0.0 ], [ 123.49686499, 0.47754115, 0.0 ], [ 123.49686499, 0.47664287, 0.0 ], [ 123.49596667, 0.47664287, 0.0 ], [ 123.49596667, 0.4748463, 0.0 ], [ 123.4977633, 0.4748463, 0.0 ], [ 123.4977633, 0.47394801, 0.0 ], [ 123.49955993, 0.47394801, 0.0 ], [ 123.49955993, 0.4748463, 0.0 ] ] ] } },
{ "type": "Feature", "properties": { "gridcode": 3, "Bhy_Bjr": "Tinggi", "Luas_Ha": 1.00000000001, "SMBR_DATA": "Badan Nasional Penanggulangan Bencana (BNPB), 2015", "WADMPR": "Gorontalo" }, "geometry": { "type": "Polygon", "coordinates": [ [ [ 123.50315319, 0.4748463, 0.0 ], [ 123.50315319, 0.47394801, 0.0 ], [ 123.50405151, 0.47394801, 0.0 ], [ 123.50405151, 0.4748463, 0.0 ], [ 123.50315319, 0.4748463, 0.0 ] ] ] } },
{ "type": "Feature", "properties": { "gridcode": 2, "Bhy_Bjr": "Sedang", "Luas_Ha": 14.0, "SMBR_DATA": "Badan Nasional Penanggulangan Bencana (BNPB), 2015", "WADMPR": "Gorontalo" }, "geometry": { "type": "Polygon", "coordinates": [ [ [ 123.50854309, 0.47574458, 0.0 ], [ 123.50854309, 0.47843944, 0.0 ], [ 123.50764477, 0.47843944, 0.0 ], [ 123.50764477, 0.47664287, 0.0 ], [ 123.50584814, 0.47664287, 0.0 ], [ 123.50584814, 0.47754115, 0.0 ], [ 123.50494982, 0.47754115, 0.0 ], [ 123.50494982, 0.47843944, 0.0 ], [ 123.50405151, 0.47843944, 0.0 ], [ 123.50405151, 0.47664287, 0.0 ], [ 123.50494982, 0.47664287, 0.0 ], [ 123.50494982, 0.47574458, 0.0 ], [ 123.50584814, 0.47574458, 0.0 ], [ 123.50584814, 0.4748463, 0.0 ], [ 123.50494982, 0.4748463, 0.0 ], [ 123.50494982, 0.47394801, 0.0 ], [ 123.50584814, 0.47394801, 0.0 ], [ 123.50584814, 0.47304973, 0.0 ], [ 123.50674645, 0.47304973, 0.0 ], [ 123.50674645, 0.4748463, 0.0 ], [ 123.50764477, 0.4748463, 0.0 ], [ 123.50764477, 0.47574458, 0.0 ], [ 123.50854309, 0.47574458, 0.0 ] ] ] } },
{ "type": "Feature", "properties": { "gridcode": 3, "Bhy_Bjr": "Tinggi", "Luas_Ha": 11.9999999997, "SMBR_DATA": "Badan Nasional Penanggulangan Bencana (BNPB), 2015", "WADMPR": "Gorontalo" }, "geometry": { "type": "Polygon", "coordinates": [ [ [ 123.50674645, 0.47304973, 0.0 ], [ 123.51123803, 0.47304973, 0.0 ], [ 123.51123803, 0.47394801, 0.0 ], [ 123.51033972, 0.47394801, 0.0 ], [ 123.51033972, 0.47574458, 0.0 ], [ 123.50854309, 0.47574458, 0.0 ], [ 123.50764477, 0.47574458, 0.0 ], [ 123.50764477, 0.4748463, 0.0 ], [ 123.50674645, 0.4748463, 0.0 ], [ 123.50674645, 0.47304973, 0.0 ] ] ] } },
{ "type": "Feature", "properties": { "gridcode": 3, "Bhy_Bjr": "Tinggi", "Luas_Ha": 27.0000000002, "SMBR_DATA": "Badan Nasional Penanggulangan Bencana (BNPB), 2015", "WADMPR": "Gorontalo" }, "geometry": { "type": "Polygon", "coordinates": [ [ [ 123.49417004, 0.48293085, 0.0 ], [ 123.49237341, 0.48293085, 0.0 ], [ 123.49237341, 0.48382914, 0.0 ], [ 123.4914751, 0.48382914, 0.0 ], [ 123.4914751, 0.47843944, 0.0 ], [ 123.4914751, 0.47754115, 0.0 ], [ 123.49237341, 0.47754115, 0.0 ], [ 123.49237341, 0.47664287, 0.0 ], [ 123.4914751, 0.47664287, 0.0 ], [ 123.4914751, 0.4748463, 0.0 ], [ 123.49237341, 0.4748463, 0.0 ], [ 123.49237341, 0.47394801, 0.0 ], [ 123.4914751, 0.47394801, 0.0 ], [ 123.4914751, 0.47304973, 0.0 ], [ 123.49237341, 0.47304973, 0.0 ], [ 123.49237341, 0.47215145, 0.0 ], [ 123.49327173, 0.47215145, 0.0 ], [ 123.49327173, 0.47664287, 0.0 ], [ 123.49417004, 0.47664287, 0.0 ], [ 123.49417004, 0.47843944, 0.0 ], [ 123.49417004, 0.480236, 0.0 ], [ 123.49327173, 0.480236, 0.0 ], [ 123.49327173, 0.48203257, 0.0 ], [ 123.49417004, 0.48203257, 0.0 ], [ 123.49417004, 0.48293085, 0.0 ] ] ] } },
{ "type": "Feature", "properties": { "gridcode": 2, "Bhy_Bjr": "Sedang", "Luas_Ha": 20.0000000002, "SMBR_DATA": "Badan Nasional Penanggulangan Bencana (BNPB), 2015", "WADMPR": "Gorontalo" }, "geometry": { "type": "Polygon", "coordinates": [ [ [ 123.49686499, 0.47754115, 0.0 ], [ 123.49506836, 0.47754115, 0.0 ], [ 123.49506836, 0.47843944, 0.0 ], [ 123.49417004, 0.47843944, 0.0 ], [ 123.49417004, 0.47664287, 0.0 ], [ 123.49327173, 0.47664287, 0.0 ], [ 123.49327173, 0.47215145, 0.0 ], [ 123.49327173, 0.47125316, 0.0 ], [ 123.49506836, 0.47125316, 0.0 ], [ 123.49506836, 0.47035488, 0.0 ], [ 123.49596667, 0.47035488, 0.0 ], [ 123.49596667, 0.47215145, 0.0 ], [ 123.49506836, 0.47215145, 0.0 ], [ 123.49506836, 0.4748463, 0.0 ], [ 123.49596667, 0.4748463, 0.0 ], [ 123.49596667, 0.47664287, 0.0 ], [ 123.49686499, 0.47664287, 0.0 ], [ 123.49686499, 0.47754115, 0.0 ] ] ] } },
{ "type": "Feature", "properties": { "gridcode": 1, "Bhy_Bjr": "Rendah", "Luas_Ha": 12.0, "SMBR_DATA": "Badan Nasional Penanggulangan Bencana (BNPB), 2015", "WADMPR": "Gorontalo" }, "geometry": { "type": "Polygon", "coordinates": [ [ [ 123.49866162, 0.46766002, 0.0 ], [ 123.49955993, 0.46766002, 0.0 ], [ 123.49955993, 0.46676173, 0.0 ], [ 123.50045825, 0.46676173, 0.0 ], [ 123.50045825, 0.46945659, 0.0 ], [ 123.49866162, 0.46945659, 0.0 ], [ 123.49866162, 0.47035488, 0.0 ], [ 123.49596667, 0.47035488, 0.0 ], [ 123.49596667, 0.46945659, 0.0 ], [ 123.49686499, 0.46945659, 0.0 ], [ 123.49686499, 0.46766002, 0.0 ], [ 123.49866162, 0.46766002, 0.0 ] ] ] } },
{ "type": "Feature", "properties": { "gridcode": 2, "Bhy_Bjr": "Sedang", "Luas_Ha": 4.99999999992, "SMBR_DATA": "Badan Nasional Penanggulangan Bencana (BNPB), 2015", "WADMPR": "Gorontalo" }, "geometry": { "type": "Polygon", "coordinates": [ [ [ 123.49596667, 0.46496516, 0.0 ], [ 123.49686499, 0.46496516, 0.0 ], [ 123.49686499, 0.46676173, 0.0 ], [ 123.49866162, 0.46676173, 0.0 ], [ 123.49866162, 0.46766002, 0.0 ], [ 123.49686499, 0.46766002, 0.0 ], [ 123.49596667, 0.46766002, 0.0 ], [ 123.49596667, 0.46586345, 0.0 ], [ 123.49596667, 0.46496516, 0.0 ] ] ] } },
{ "type": "Feature", "properties": { "gridcode": 3, "Bhy_Bjr": "Tinggi", "Luas_Ha": 5.00000000009, "SMBR_DATA": "Badan Nasional Penanggulangan Bencana (BNPB), 2015", "WADMPR": "Gorontalo" }, "geometry": { "type": "Polygon", "coordinates": [ [ [ 123.49596667, 0.46496516, 0.0 ], [ 123.49596667, 0.46586345, 0.0 ], [ 123.49506836, 0.46586345, 0.0 ], [ 123.49506836, 0.46496516, 0.0 ], [ 123.49417004, 0.46496516, 0.0 ], [ 123.49417004, 0.46316859, 0.0 ], [ 123.49596667, 0.46316859, 0.0 ], [ 123.49596667, 0.46496516, 0.0 ] ] ] } }
]
}
